customer_id,recency,frequency,monetary,cluster,segment
C00001,64,3,406.31,3,At Risk
C00002,60,4,605.65,3,At Risk
C00003,35,5,953.9599999999999,3,At Risk
C00004,18,9,2724.5,0,Potential Loyalists
C00005,28,11,4307.53,0,Potential Loyalists
C00006,80,2,353.90999999999997,3,At Risk
C00007,51,15,4252.71,2,Loyal Customers
C00008,9,6,2166.09,0,Potential Loyalists
C00012,186,9,1415.21,0,Potential Loyalists
C00013,638,1,70.26,1,Low Value
C00014,347,2,462.83,1,Low Value
C00015,205,1,278.48,3,At Risk
C00016,29,17,5512.33,2,Loyal Customers
C00017,43,1,48.96,3,At Risk
C00018,8,12,3052.11,0,Potential Loyalists
C00019,71,18,6591.03,2,Loyal Customers
C00021,91,5,2008.3500000000001,3,At Risk
C00023,85,14,4786.71,2,Loyal Customers
C00024,2,5,4717.4400000000005,0,Potential Loyalists
C00027,25,4,2515.2799999999997,0,Potential Loyalists
C00028,32,9,3037.7299999999996,0,Potential Loyalists
C00029,43,7,3876.86,0,Potential Loyalists
C00030,24,15,3306.9,2,Loyal Customers
C00031,414,2,352.08000000000004,1,Low Value
C00032,415,1,598.67,1,Low Value
C00033,25,19,7537.38,2,Loyal Customers
C00035,2,16,7378.68,2,Loyal Customers
C00036,613,1,78.07,1,Low Value
C00038,21,7,3256.85,0,Potential Loyalists
C00039,14,15,6109.13,2,Loyal Customers
C00040,76,23,5226.599999999999,2,Loyal Customers
C00042,162,2,3592.8,3,At Risk
C00043,46,3,861.4499999999999,3,At Risk
C00044,275,6,800.36,3,At Risk
C00045,153,5,628.13,3,At Risk
C00047,29,17,7237.19,2,Loyal Customers
C00048,224,6,667.71,3,At Risk
C00049,11,14,8061.76,2,Loyal Customers
C00050,212,4,1760.1499999999999,3,At Risk
C00051,58,2,830.88,3,At Risk
C00052,15,19,6494.5,2,Loyal Customers
C00053,112,5,1267.34,3,At Risk
C00054,123,6,1300.42,3,At Risk
C00055,29,18,3809.8,2,Loyal Customers
C00056,27,9,4274.86,0,Potential Loyalists
C00057,22,6,4510.76,0,Potential Loyalists
C00059,452,1,217.24,1,Low Value
C00062,217,2,105.59,3,At Risk
C00063,642,2,852.0699999999999,1,Low Value
C00064,4,4,878.75,3,At Risk
C00065,591,2,128.58,1,Low Value
C00068,6,5,1982.0,0,Potential Loyalists
C00069,100,6,2615.7,0,Potential Loyalists
C00070,243,6,1452.29,3,At Risk
C00071,72,8,2828.87,0,Potential Loyalists
C00072,49,9,2131.44,0,Potential Loyalists
C00073,206,2,523.6800000000001,3,At Risk
C00074,471,2,258.96,1,Low Value
C00075,119,10,4856.29,0,Potential Loyalists
C00076,73,10,4553.48,0,Potential Loyalists
C00077,411,1,130.45,1,Low Value
C00078,10,4,1817.3,3,At Risk
C00080,287,1,103.14,3,At Risk
C00081,23,18,2655.08,2,Loyal Customers
C00082,63,6,3231.1400000000003,0,Potential Loyalists
C00083,21,15,3047.38,2,Loyal Customers
C00084,116,3,1058.6,3,At Risk
C00085,111,34,18410.39,4,VIP Customers
C00086,227,2,513.11,3,At Risk
C00088,18,7,2049.69,0,Potential Loyalists
C00089,46,1,99.94,3,At Risk
C00091,51,12,4589.86,2,Loyal Customers
C00092,472,3,459.97,1,Low Value
C00093,325,6,1754.5300000000002,1,Low Value
C00094,195,2,192.84,3,At Risk
C00096,4,17,5437.87,2,Loyal Customers
C00097,50,3,571.8299999999999,3,At Risk
C00098,63,5,3664.32,0,Potential Loyalists
C00099,206,6,1972.51,3,At Risk
C00100,78,5,2371.0699999999997,0,Potential Loyalists
C00101,36,6,1865.3899999999999,0,Potential Loyalists
C00102,78,7,1966.79,0,Potential Loyalists
C00103,640,2,548.69,1,Low Value
C00104,73,11,2406.1,0,Potential Loyalists
C00105,439,1,615.09,1,Low Value
C00106,138,4,458.33000000000004,3,At Risk
C00107,21,23,8775.03,4,VIP Customers
C00108,207,3,1016.85,3,At Risk
C00109,6,10,2360.83,0,Potential Loyalists
C00110,10,6,2008.39,0,Potential Loyalists
C00111,5,10,3773.51,0,Potential Loyalists
C00112,41,11,2956.83,0,Potential Loyalists
C00115,640,1,108.62,1,Low Value
C00116,70,7,1520.03,0,Potential Loyalists
C00117,118,3,958.67,3,At Risk
C00119,351,1,1217.52,1,Low Value
C00120,10,15,5617.91,2,Loyal Customers
C00121,94,4,1699.05,3,At Risk
C00122,117,5,3018.84,0,Potential Loyalists
C00124,53,4,1560.9699999999998,3,At Risk
C00125,242,1,981.06,3,At Risk
C00127,71,8,5830.9400000000005,0,Potential Loyalists
C00128,20,31,16550.48,4,VIP Customers
C00129,273,3,798.82,3,At Risk
C00131,293,3,5708.9,0,Potential Loyalists
C00132,610,1,58.14,1,Low Value
C00134,324,2,1669.3100000000002,1,Low Value
C00135,324,2,250.64,1,Low Value
C00136,79,7,1582.24,0,Potential Loyalists
C00137,157,2,1614.13,3,At Risk
C00138,90,9,2699.73,0,Potential Loyalists
C00139,25,2,1762.5,3,At Risk
C00140,3,11,7836.33,2,Loyal Customers
C00141,9,16,4338.54,2,Loyal Customers
C00143,369,2,1121.22,1,Low Value
C00144,235,4,567.68,3,At Risk
C00145,348,1,1217.52,1,Low Value
C00146,258,3,707.5899999999999,3,At Risk
C00147,310,4,1419.06,3,At Risk
C00148,164,1,722.9,3,At Risk
C00149,70,4,1376.14,3,At Risk
C00150,691,1,871.77,1,Low Value
C00151,251,13,7092.98,2,Loyal Customers
C00153,7,6,2110.12,0,Potential Loyalists
C00154,46,2,177.79000000000002,3,At Risk
C00156,83,6,3022.25,0,Potential Loyalists
C00159,536,1,680.48,1,Low Value
C00160,173,3,517.46,3,At Risk
C00161,77,4,2850.13,0,Potential Loyalists
C00163,161,4,515.3199999999999,3,At Risk
C00164,27,1,312.95,3,At Risk
C00165,188,3,477.39,3,At Risk
C00166,6,4,2091.42,0,Potential Loyalists
C00167,94,9,6911.13,2,Loyal Customers
C00168,4,27,12037.82,4,VIP Customers
C00169,6,12,3248.68,0,Potential Loyalists
C00171,205,8,3747.0099999999998,0,Potential Loyalists
C00173,45,15,6600.070000000001,2,Loyal Customers
C00175,184,4,2898.32,3,At Risk
C00178,7,6,2559.15,0,Potential Loyalists
C00179,15,17,3985.0,2,Loyal Customers
C00180,148,5,3245.61,0,Potential Loyalists
C00181,574,3,560.39,1,Low Value
C00182,2,7,1887.5500000000002,0,Potential Loyalists
C00183,307,2,275.84000000000003,1,Low Value
C00186,556,1,1026.62,1,Low Value
C00187,636,1,232.71,1,Low Value
C00188,637,1,179.38,1,Low Value
C00190,601,1,124.91,1,Low Value
C00191,39,15,9200.2,2,Loyal Customers
C00192,481,2,333.25,1,Low Value
C00193,355,3,422.04,1,Low Value
C00194,225,5,1189.6100000000001,3,At Risk
C00195,320,2,481.65000000000003,1,Low Value
C00197,234,4,970.0600000000001,3,At Risk
C00199,151,4,923.3699999999999,3,At Risk
C00200,276,2,99.63,3,At Risk
C00201,428,2,546.0799999999999,1,Low Value
C00202,108,6,2192.04,0,Potential Loyalists
C00203,296,3,2990.91,3,At Risk
C00204,62,2,1020.25,3,At Risk
C00205,15,1,120.69,3,At Risk
C00206,200,5,1070.43,3,At Risk
C00207,593,1,221.07,1,Low Value
C00208,18,11,2646.56,0,Potential Loyalists
C00209,162,6,3067.8,0,Potential Loyalists
C00210,30,3,2813.1,0,Potential Loyalists
C00211,694,1,92.69,1,Low Value
C00212,4,4,1701.9199999999998,3,At Risk
C00213,282,1,58.14,3,At Risk
C00216,354,2,682.62,1,Low Value
C00217,159,4,1805.1,3,At Risk
C00218,51,13,6219.86,2,Loyal Customers
C00219,257,2,601.44,3,At Risk
C00220,4,19,7740.83,2,Loyal Customers
C00221,3,14,4346.7,2,Loyal Customers
C00222,19,13,3328.83,0,Potential Loyalists
C00223,1,4,1601.57,3,At Risk
C00224,244,1,335.58,3,At Risk
C00226,17,4,5531.95,0,Potential Loyalists
C00227,382,3,662.25,1,Low Value
C00228,26,19,5785.28,2,Loyal Customers
C00229,32,17,9755.93,2,Loyal Customers
C00230,48,3,933.6399999999999,3,At Risk
C00231,355,1,175.47,1,Low Value
C00234,250,3,1322.8,3,At Risk
C00235,84,4,1380.08,3,At Risk
C00236,28,9,3318.7599999999998,0,Potential Loyalists
C00237,39,2,413.66,3,At Risk
C00238,48,16,5453.17,2,Loyal Customers
C00239,95,3,307.7,3,At Risk
C00240,9,11,2577.87,0,Potential Loyalists
C00241,234,1,828.18,3,At Risk
C00242,34,11,4045.48,0,Potential Loyalists
C00243,25,8,3940.69,0,Potential Loyalists
C00246,116,6,1712.1799999999998,3,At Risk
C00248,127,2,873.6,3,At Risk
C00249,143,2,374.74,3,At Risk
C00250,56,6,1821.86,0,Potential Loyalists
C00251,286,6,1632.27,3,At Risk
C00252,189,4,1084.3600000000001,3,At Risk
C00253,19,5,1899.19,0,Potential Loyalists
C00254,20,18,5808.5,2,Loyal Customers
C00255,56,13,10493.4,2,Loyal Customers
C00256,56,9,2517.66,0,Potential Loyalists
C00257,497,2,4054.73,1,Low Value
C00258,448,1,139.63,1,Low Value
C00259,248,5,722.22,3,At Risk
C00260,206,2,1181.57,3,At Risk
C00262,225,3,170.32,3,At Risk
C00263,581,1,319.57,1,Low Value
C00264,522,2,326.83000000000004,1,Low Value
C00265,15,10,4820.7,0,Potential Loyalists
C00266,160,1,340.16,3,At Risk
C00267,157,5,613.27,3,At Risk
C00268,51,14,4019.17,2,Loyal Customers
C00269,150,1,117.58,3,At Risk
C00270,98,5,1133.59,3,At Risk
C00271,8,20,9598.6,4,VIP Customers
C00272,16,21,8236.49,2,Loyal Customers
C00273,270,2,293.11,3,At Risk
C00274,56,1,151.68,3,At Risk
C00275,566,1,112.34,1,Low Value
C00276,345,4,1293.75,1,Low Value
C00277,23,4,1102.23,3,At Risk
C00278,18,8,3359.56,0,Potential Loyalists
C00279,336,2,520.84,1,Low Value
C00281,148,4,799.7,3,At Risk
C00282,50,5,1794.67,3,At Risk
C00283,66,6,1523.79,3,At Risk
C00284,448,3,613.45,1,Low Value
C00285,242,1,1394.83,3,At Risk
C00286,123,4,3747.42,0,Potential Loyalists
C00287,110,1,1346.27,3,At Risk
C00288,9,2,1148.24,3,At Risk
C00292,132,1,25.53,3,At Risk
C00293,183,9,3424.0499999999997,0,Potential Loyalists
C00295,98,7,2545.3199999999997,0,Potential Loyalists
C00296,30,6,3909.09,0,Potential Loyalists
C00297,205,3,1360.68,3,At Risk
C00298,17,21,9612.54,4,VIP Customers
C00300,42,7,3608.73,0,Potential Loyalists
C00301,19,17,9339.72,2,Loyal Customers
C00302,48,8,1757.3600000000001,0,Potential Loyalists
C00303,121,3,1043.34,3,At Risk
C00304,80,2,422.89,3,At Risk
C00305,265,1,185.51,3,At Risk
C00306,85,4,1225.9499999999998,3,At Risk
C00307,56,4,984.8900000000001,3,At Risk
C00308,5,2,104.33,3,At Risk
C00309,162,5,3409.56,0,Potential Loyalists
C00310,174,4,621.35,3,At Risk
C00311,291,5,1045.02,3,At Risk
C00312,29,6,1289.61,3,At Risk
C00313,116,8,2249.39,0,Potential Loyalists
C00315,442,1,59.04,1,Low Value
C00316,167,1,427.61,3,At Risk
C00317,165,4,656.98,3,At Risk
C00318,41,11,6147.6,2,Loyal Customers
C00319,2,9,1887.68,0,Potential Loyalists
C00320,1,4,2163.84,0,Potential Loyalists
C00321,268,2,287.11,3,At Risk
C00323,168,3,2791.2200000000003,3,At Risk
C00325,100,3,837.11,3,At Risk
C00327,91,4,1429.0300000000002,3,At Risk
C00329,67,11,3087.43,0,Potential Loyalists
C00330,123,10,4811.650000000001,0,Potential Loyalists
C00331,454,1,287.01,1,Low Value
C00332,472,2,1580.71,1,Low Value
C00333,88,4,1955.55,3,At Risk
C00334,74,1,295.56,3,At Risk
C00335,247,7,4850.55,0,Potential Loyalists
C00336,1,6,1437.4,0,Potential Loyalists
C00337,61,4,676.32,3,At Risk
C00338,25,6,1248.1399999999999,3,At Risk
C00339,75,5,2381.27,0,Potential Loyalists
C00340,1,15,6025.26,2,Loyal Customers
C00341,16,12,5439.8,2,Loyal Customers
C00342,184,2,1218.16,3,At Risk
C00344,232,4,1131.88,3,At Risk
C00346,71,6,2245.17,0,Potential Loyalists
C00347,93,3,1125.65,3,At Risk
C00348,462,1,123.02,1,Low Value
C00349,91,1,62.06,3,At Risk
C00350,4,3,1121.8200000000002,3,At Risk
C00351,158,6,2914.85,0,Potential Loyalists
C00352,75,3,1114.6399999999999,3,At Risk
C00353,119,5,944.62,3,At Risk
C00354,364,4,784.35,1,Low Value
C00355,259,4,777.29,3,At Risk
C00356,285,3,1551.32,3,At Risk
C00357,41,6,1104.16,3,At Risk
C00359,430,2,152.58999999999997,1,Low Value
C00360,202,3,988.3399999999999,3,At Risk
C00361,11,3,629.52,3,At Risk
C00362,26,14,4873.59,2,Loyal Customers
C00364,33,1,474.24,3,At Risk
C00365,288,3,486.04,3,At Risk
C00366,25,8,5249.58,0,Potential Loyalists
C00367,302,1,99.63,1,Low Value
C00368,493,2,411.5,1,Low Value
C00369,65,10,4390.23,0,Potential Loyalists
C00370,121,1,539.26,3,At Risk
C00371,163,2,245.79000000000002,3,At Risk
C00372,50,3,754.78,3,At Risk
C00373,59,10,1845.81,0,Potential Loyalists
C00375,507,1,242.74,1,Low Value
C00376,97,11,4189.81,0,Potential Loyalists
C00377,480,2,839.9200000000001,1,Low Value
C00378,292,1,120.69,3,At Risk
C00379,370,5,1728.48,1,Low Value
C00380,10,3,1491.13,3,At Risk
C00381,87,3,2090.64,3,At Risk
C00382,80,5,1910.06,3,At Risk
C00383,12,14,7956.79,2,Loyal Customers
C00385,101,9,1500.71,0,Potential Loyalists
C00386,245,6,4828.66,0,Potential Loyalists
C00388,328,6,1777.07,1,Low Value
C00390,5,30,7463.39,4,VIP Customers
C00391,39,10,4300.97,0,Potential Loyalists
C00392,697,1,1293.62,1,Low Value
C00393,230,2,1582.23,3,At Risk
C00394,250,2,211.68,3,At Risk
C00395,395,3,252.45,1,Low Value
C00396,89,3,1070.43,3,At Risk
C00397,70,2,1167.78,3,At Risk
C00398,128,4,419.25,3,At Risk
C00400,22,19,7584.6900000000005,2,Loyal Customers
C00401,8,7,3183.1000000000004,0,Potential Loyalists
C00402,298,2,752.84,3,At Risk
C00403,6,13,4335.02,2,Loyal Customers
C00406,42,5,2216.02,0,Potential Loyalists
C00407,191,2,236.72,3,At Risk
C00408,219,3,485.59000000000003,3,At Risk
C00409,203,11,3580.25,0,Potential Loyalists
C00410,23,27,13876.28,4,VIP Customers
C00411,56,6,5052.78,0,Potential Loyalists
C00412,33,2,1592.7,3,At Risk
C00413,682,1,283.82,1,Low Value
C00415,169,6,1159.4099999999999,3,At Risk
C00416,63,2,1439.52,3,At Risk
C00417,249,1,298.9,3,At Risk
C00419,53,10,5554.13,2,Loyal Customers
C00420,468,1,268.02,1,Low Value
C00421,206,5,716.13,3,At Risk
C00422,637,1,481.2,1,Low Value
C00424,214,2,208.76,3,At Risk
C00425,251,2,486.44,3,At Risk
C00426,74,4,3023.25,0,Potential Loyalists
C00428,390,1,1743.54,1,Low Value
C00429,26,2,1477.02,3,At Risk
C00430,362,3,1632.2,1,Low Value
C00433,1,16,2548.8199999999997,2,Loyal Customers
C00434,8,8,1219.72,0,Potential Loyalists
C00435,312,4,2057.73,3,At Risk
C00436,129,4,1231.23,3,At Risk
C00437,114,2,210.22000000000003,3,At Risk
C00438,12,3,537.1999999999999,3,At Risk
C00439,110,5,1000.54,3,At Risk
C00440,12,12,4736.29,2,Loyal Customers
C00441,327,2,577.45,1,Low Value
C00442,265,7,3555.5099999999998,0,Potential Loyalists
C00443,72,1,213.19,3,At Risk
C00446,60,3,756.39,3,At Risk
C00447,97,14,4634.2,2,Loyal Customers
C00448,358,2,893.74,1,Low Value
C00450,45,12,6009.82,2,Loyal Customers
C00451,34,11,5580.24,2,Loyal Customers
C00452,26,9,2382.39,0,Potential Loyalists
C00453,13,15,4815.48,2,Loyal Customers
C00454,9,4,787.41,3,At Risk
C00455,62,10,7145.77,2,Loyal Customers
C00456,238,3,1104.85,3,At Risk
C00457,4,14,5101.63,2,Loyal Customers
C00458,394,5,1748.3600000000001,1,Low Value
C00459,524,2,277.79,1,Low Value
C00460,102,8,8689.04,2,Loyal Customers
C00462,216,1,174.64,3,At Risk
C00464,19,15,3808.87,2,Loyal Customers
C00466,325,1,199.87,1,Low Value
C00467,159,3,1957.03,3,At Risk
C00468,26,20,6656.8099999999995,2,Loyal Customers
C00469,54,1,241.38,3,At Risk
C00470,135,6,3155.48,0,Potential Loyalists
C00471,15,12,2780.98,0,Potential Loyalists
C00472,126,3,454.65,3,At Risk
C00473,382,3,999.0500000000001,1,Low Value
C00474,49,7,1465.4899999999998,0,Potential Loyalists
C00475,66,5,1323.96,3,At Risk
C00476,394,5,3013.9399999999996,1,Low Value
C00477,227,1,302.75,3,At Risk
C00478,38,16,3980.12,2,Loyal Customers
C00479,174,3,3416.25,3,At Risk
C00480,6,5,1074.4299999999998,3,At Risk
C00481,29,6,2708.7200000000003,0,Potential Loyalists
C00483,45,7,1237.75,0,Potential Loyalists
C00484,86,9,1543.8,0,Potential Loyalists
C00485,56,8,2288.61,0,Potential Loyalists
C00486,77,3,897.64,3,At Risk
C00487,244,2,1436.39,3,At Risk
C00488,123,5,997.06,3,At Risk
C00490,315,1,36.9,1,Low Value
C00491,6,22,7733.32,2,Loyal Customers
C00492,549,2,389.74,1,Low Value
C00493,2,17,8329.98,2,Loyal Customers
C00494,462,2,152.06,1,Low Value
C00496,5,4,1713.3600000000001,3,At Risk
C00497,2,5,3787.05,0,Potential Loyalists
C00498,64,2,444.09000000000003,3,At Risk
C00499,9,1,69.77,3,At Risk
C00500,197,14,1574.89,0,Potential Loyalists
C00501,34,2,381.15,3,At Risk
C00502,597,1,36.53,1,Low Value
C00503,630,1,166.31,1,Low Value
C00504,6,5,3782.0299999999997,0,Potential Loyalists
C00505,717,1,153.07,1,Low Value
C00506,182,3,663.98,3,At Risk
C00507,313,1,73.8,1,Low Value
C00510,472,2,399.28,1,Low Value
C00511,166,3,977.0600000000001,3,At Risk
C00512,23,9,4947.11,0,Potential Loyalists
C00513,180,2,2147.1,3,At Risk
C00515,97,7,1893.4599999999998,0,Potential Loyalists
C00517,151,7,2596.9,0,Potential Loyalists
C00518,6,21,7659.88,2,Loyal Customers
C00519,196,5,2656.85,3,At Risk
C00520,52,8,1761.74,0,Potential Loyalists
C00521,62,4,2423.72,0,Potential Loyalists
C00522,46,5,1023.47,3,At Risk
C00523,52,7,2000.9299999999998,0,Potential Loyalists
C00524,475,2,399.13,1,Low Value
C00526,225,4,1541.49,3,At Risk
C00527,154,5,980.95,3,At Risk
C00528,223,3,1357.1799999999998,3,At Risk
C00529,75,14,2722.36,0,Potential Loyalists
C00530,259,1,33.21,3,At Risk
C00531,642,2,154.74,1,Low Value
C00532,120,7,5539.9,0,Potential Loyalists
C00533,64,3,521.5,3,At Risk
C00534,81,7,1224.11,0,Potential Loyalists
C00535,465,1,151.42,1,Low Value
C00537,15,1,89.14,3,At Risk
C00538,6,12,3645.01,0,Potential Loyalists
C00539,525,1,139.63,1,Low Value
C00540,61,10,7022.59,2,Loyal Customers
C00541,115,2,137.67000000000002,3,At Risk
C00542,125,5,1768.61,3,At Risk
C00543,198,5,1251.37,3,At Risk
C00544,88,15,4696.09,2,Loyal Customers
C00545,108,8,5259.409999999999,0,Potential Loyalists
C00546,101,3,2766.04,3,At Risk
C00547,424,1,138.72,1,Low Value
C00548,92,3,451.34000000000003,3,At Risk
C00549,1,4,927.8399999999999,3,At Risk
C00550,118,17,5020.09,2,Loyal Customers
C00551,10,1,609.56,3,At Risk
C00552,180,1,44.12,3,At Risk
C00554,7,2,1340.72,3,At Risk
C00556,51,20,10133.7,4,VIP Customers
C00557,526,4,917.22,1,Low Value
C00558,4,9,2778.45,0,Potential Loyalists
C00559,2,12,3873.05,0,Potential Loyalists
C00560,79,2,179.04000000000002,3,At Risk
C00561,433,1,369.42,1,Low Value
C00563,3,16,7420.95,2,Loyal Customers
C00564,333,1,266.76,1,Low Value
C00565,89,4,2062.13,3,At Risk
C00566,18,1,241.25,3,At Risk
C00567,59,4,946.87,3,At Risk
C00568,168,3,544.7,3,At Risk
C00569,151,2,343.65999999999997,3,At Risk
C00570,112,9,4038.18,0,Potential Loyalists
C00571,2,10,6139.98,2,Loyal Customers
C00572,188,3,653.3,3,At Risk
C00573,33,3,2590.0800000000004,3,At Risk
C00574,13,15,2822.61,2,Loyal Customers
C00576,8,10,2214.13,0,Potential Loyalists
C00577,524,1,155.42,1,Low Value
C00578,17,7,2415.88,0,Potential Loyalists
C00579,234,5,1719.9699999999998,3,At Risk
C00580,422,4,1154.9099999999999,1,Low Value
C00581,46,11,2498.29,0,Potential Loyalists
C00583,611,1,87.67,1,Low Value
C00584,30,6,4101.07,0,Potential Loyalists
C00585,10,12,4289.55,2,Loyal Customers
C00587,128,7,3164.73,0,Potential Loyalists
C00589,465,2,1208.15,1,Low Value
C00590,270,6,1241.66,3,At Risk
C00591,171,1,103.14,3,At Risk
C00592,377,4,543.1,1,Low Value
C00593,286,2,505.98,3,At Risk
C00594,128,1,41.91,3,At Risk
C00595,22,8,5485.28,0,Potential Loyalists
C00596,429,5,463.7,1,Low Value
C00597,537,1,294.77,1,Low Value
C00598,682,1,261.41,1,Low Value
C00599,74,1,331.88,3,At Risk
C00600,564,2,276.61,1,Low Value
C00601,30,14,7659.08,2,Loyal Customers
C00602,96,10,3786.67,0,Potential Loyalists
C00603,544,1,135.52,1,Low Value
C00605,131,13,6018.75,2,Loyal Customers
C00606,37,5,1118.67,3,At Risk
C00607,280,1,987.17,3,At Risk
C00608,76,5,1057.44,3,At Risk
C00609,193,4,1277.0,3,At Risk
C00610,210,4,890.9300000000001,3,At Risk
C00611,11,16,9840.57,2,Loyal Customers
C00612,130,7,5460.3,0,Potential Loyalists
C00615,78,1,608.76,3,At Risk
C00616,122,6,2491.0600000000004,0,Potential Loyalists
C00617,139,1,454.33,3,At Risk
C00619,72,16,7540.67,2,Loyal Customers
C00620,335,1,28.72,1,Low Value
C00623,513,2,634.78,1,Low Value
C00624,644,1,78.38,1,Low Value
C00625,101,12,4075.06,0,Potential Loyalists
C00626,80,5,1486.6100000000001,3,At Risk
C00628,204,3,590.55,3,At Risk
C00629,111,2,444.46,3,At Risk
C00630,206,1,139.63,3,At Risk
C00632,68,12,4286.23,2,Loyal Customers
C00633,343,2,747.44,1,Low Value
C00634,68,2,1144.7,3,At Risk
C00635,279,2,1199.5300000000002,3,At Risk
C00636,213,2,1023.76,3,At Risk
C00638,286,2,455.9,3,At Risk
C00639,399,1,570.14,1,Low Value
C00640,50,9,2341.8,0,Potential Loyalists
C00641,162,3,1741.62,3,At Risk
C00642,127,2,578.71,3,At Risk
C00643,11,6,704.04,3,At Risk
C00644,214,7,5851.51,0,Potential Loyalists
C00647,116,4,1071.82,3,At Risk
C00648,84,4,1948.2900000000002,3,At Risk
C00649,429,1,193.83,1,Low Value
C00650,47,2,1664.5700000000002,3,At Risk
C00653,509,2,196.5,1,Low Value
C00654,154,5,2126.11,3,At Risk
C00655,104,10,3591.0499999999997,0,Potential Loyalists
C00656,54,4,1965.6899999999998,3,At Risk
C00657,276,4,1324.8,3,At Risk
C00658,374,5,2047.16,1,Low Value
C00659,112,5,4015.48,0,Potential Loyalists
C00661,220,9,2420.66,0,Potential Loyalists
C00662,38,34,15904.25,4,VIP Customers
C00664,497,1,187.37,1,Low Value
C00665,305,1,261.41,1,Low Value
C00666,213,5,1967.35,3,At Risk
C00667,714,2,593.37,1,Low Value
C00668,110,1,2054.57,3,At Risk
C00669,64,3,766.04,3,At Risk
C00670,186,1,76.7,3,At Risk
C00671,46,5,3264.4700000000003,0,Potential Loyalists
C00672,13,8,3792.83,0,Potential Loyalists
C00673,127,4,1185.5800000000002,3,At Risk
C00674,112,4,1655.1899999999998,3,At Risk
C00675,42,7,1347.55,0,Potential Loyalists
C00676,71,5,1136.14,3,At Risk
C00677,1,7,1878.5500000000002,0,Potential Loyalists
C00678,9,5,1721.84,0,Potential Loyalists
C00679,120,5,1640.74,3,At Risk
C00680,28,10,7066.17,2,Loyal Customers
C00681,4,3,1368.04,3,At Risk
C00682,305,3,630.38,1,Low Value
C00683,715,1,42.6,1,Low Value
C00684,546,1,169.96,1,Low Value
C00686,222,3,223.66,3,At Risk
C00687,42,5,625.53,3,At Risk
C00688,65,18,11792.939999999999,4,VIP Customers
C00689,42,2,1076.12,3,At Risk
C00690,239,2,2984.29,3,At Risk
C00693,127,8,8097.11,2,Loyal Customers
C00695,66,4,1640.3899999999999,3,At Risk
C00696,380,1,94.38,1,Low Value
C00697,312,3,450.56,1,Low Value
C00698,74,11,3644.35,0,Potential Loyalists
C00699,649,1,13.43,1,Low Value
C00700,17,3,279.11,3,At Risk
C00701,89,15,3485.65,2,Loyal Customers
C00702,52,9,4174.05,0,Potential Loyalists
C00703,264,2,66.81,3,At Risk
C00704,185,1,152.96,3,At Risk
C00706,530,1,124.11,1,Low Value
C00707,97,15,5373.6,2,Loyal Customers
C00708,359,2,733.48,1,Low Value
C00709,531,2,231.7,1,Low Value
C00710,354,6,2145.1200000000003,1,Low Value
C00711,465,1,269.8,1,Low Value
C00712,38,4,416.8,3,At Risk
C00713,10,25,8158.63,4,VIP Customers
C00714,102,8,3540.96,0,Potential Loyalists
C00715,2,7,2494.41,0,Potential Loyalists
C00716,611,1,691.81,1,Low Value
C00717,33,6,1329.54,3,At Risk
C00718,132,2,1376.29,3,At Risk
C00719,6,6,463.43,3,At Risk
C00720,12,23,5132.49,2,Loyal Customers
C00721,173,2,810.39,3,At Risk
C00722,130,3,1045.7,3,At Risk
C00723,79,6,2524.68,0,Potential Loyalists
C00725,2,9,4354.27,0,Potential Loyalists
C00726,474,2,315.3,1,Low Value
C00727,89,5,701.11,3,At Risk
C00728,637,1,183.34,1,Low Value
C00729,126,14,3597.07,2,Loyal Customers
C00730,273,2,100.24,3,At Risk
C00731,271,1,348.95,3,At Risk
C00732,408,1,52.02,1,Low Value
C00733,12,14,5620.4400000000005,2,Loyal Customers
C00734,91,5,1543.9,3,At Risk
C00735,106,12,10660.710000000001,2,Loyal Customers
C00736,141,4,4073.1499999999996,0,Potential Loyalists
C00737,261,1,268.2,3,At Risk
C00739,234,5,3047.26,0,Potential Loyalists
C00741,23,21,7735.61,2,Loyal Customers
C00742,248,3,908.39,3,At Risk
C00743,274,5,1037.12,3,At Risk
C00745,346,5,2908.65,1,Low Value
C00746,81,2,93.77,3,At Risk
C00748,544,3,183.73999999999998,1,Low Value
C00749,276,6,2086.95,3,At Risk
C00750,6,8,2000.62,0,Potential Loyalists
C00751,562,1,452.9,1,Low Value
C00753,631,1,29.39,1,Low Value
C00754,43,7,3846.11,0,Potential Loyalists
C00755,643,1,97.98,1,Low Value
C00757,18,14,11053.63,2,Loyal Customers
C00758,105,9,1639.8500000000001,0,Potential Loyalists
C00759,50,23,8206.72,4,VIP Customers
C00760,104,10,3885.83,0,Potential Loyalists
C00763,29,3,1819.94,3,At Risk
C00765,26,11,4732.54,2,Loyal Customers
C00766,49,9,4690.95,0,Potential Loyalists
C00767,28,7,2405.55,0,Potential Loyalists
C00768,219,3,589.53,3,At Risk
C00769,91,8,4792.85,0,Potential Loyalists
C00770,135,18,5942.83,2,Loyal Customers
C00772,2,10,6664.759999999999,2,Loyal Customers
C00773,311,1,62.06,1,Low Value
C00775,29,5,1915.9099999999999,0,Potential Loyalists
C00776,25,5,513.85,3,At Risk
C00778,406,3,1180.54,1,Low Value
C00779,49,24,9795.67,4,VIP Customers
C00780,137,7,1072.9099999999999,3,At Risk
C00781,100,4,1316.43,3,At Risk
C00784,198,2,527.1899999999999,3,At Risk
C00786,360,1,570.14,1,Low Value
C00787,571,1,309.42,1,Low Value
C00788,126,3,1031.17,3,At Risk
C00790,176,8,2027.23,0,Potential Loyalists
C00791,445,2,193.1,1,Low Value
C00794,88,4,737.4300000000001,3,At Risk
C00796,3,23,8697.53,4,VIP Customers
C00797,48,9,2904.48,0,Potential Loyalists
C00798,318,4,574.9200000000001,1,Low Value
C00799,414,1,235.48,1,Low Value
C00800,280,4,562.06,3,At Risk
C00801,21,11,3478.7599999999998,0,Potential Loyalists
C00803,36,3,855.49,3,At Risk
C00804,22,10,3189.15,0,Potential Loyalists
C00805,135,8,2836.39,0,Potential Loyalists
C00806,128,17,4230.43,2,Loyal Customers
C00807,97,11,3763.37,0,Potential Loyalists
C00808,6,17,6617.2,2,Loyal Customers
C00809,141,3,489.33000000000004,3,At Risk
C00810,26,6,996.71,3,At Risk
C00811,58,8,5913.87,2,Loyal Customers
C00812,41,7,1459.26,0,Potential Loyalists
C00813,1,26,18307.260000000002,4,VIP Customers
C00816,596,1,151.44,1,Low Value
C00817,482,3,1531.45,1,Low Value
C00818,309,4,1507.02,3,At Risk
C00819,38,7,3087.85,0,Potential Loyalists
C00821,242,6,2984.9,0,Potential Loyalists
C00822,33,6,1880.43,0,Potential Loyalists
C00824,507,1,639.14,1,Low Value
C00825,257,3,396.81,3,At Risk
C00826,11,12,6609.79,2,Loyal Customers
C00827,161,8,2503.87,0,Potential Loyalists
C00828,206,6,1342.76,3,At Risk
C00829,18,15,6658.17,2,Loyal Customers
C00830,27,4,965.31,3,At Risk
C00831,47,9,1428.12,0,Potential Loyalists
C00832,11,10,3800.2799999999997,0,Potential Loyalists
C00833,12,7,2340.48,0,Potential Loyalists
C00835,54,17,3037.59,2,Loyal Customers
C00837,88,9,2690.12,0,Potential Loyalists
C00838,15,2,1222.9299999999998,3,At Risk
C00839,66,2,863.2299999999999,3,At Risk
C00840,347,1,81.22,1,Low Value
C00841,401,2,238.61,1,Low Value
C00842,172,2,372.44,3,At Risk
C00843,109,5,1686.99,3,At Risk
C00845,231,3,918.44,3,At Risk
C00846,42,1,35.05,3,At Risk
C00847,290,6,2367.23,3,At Risk
C00848,101,1,63.55,3,At Risk
C00850,20,6,1838.3,0,Potential Loyalists
C00851,222,3,590.07,3,At Risk
C00854,137,3,4297.82,0,Potential Loyalists
C00855,31,20,9930.46,4,VIP Customers
C00857,71,5,3141.73,0,Potential Loyalists
C00859,371,1,675.49,1,Low Value
C00862,252,4,1401.77,3,At Risk
C00863,47,6,3058.5299999999997,0,Potential Loyalists
C00864,644,2,867.8499999999999,1,Low Value
C00865,163,3,1272.37,3,At Risk
C00866,59,15,4292.34,2,Loyal Customers
C00867,32,7,1376.1,0,Potential Loyalists
C00868,49,2,763.21,3,At Risk
C00869,86,21,9318.83,4,VIP Customers
C00870,23,5,2281.89,0,Potential Loyalists
C00872,184,5,4210.3,0,Potential Loyalists
C00874,80,4,1124.8600000000001,3,At Risk
C00875,284,1,67.98,3,At Risk
C00876,128,1,178.28,3,At Risk
C00877,700,3,403.89000000000004,1,Low Value
C00878,223,2,259.01,3,At Risk
C00879,56,3,317.26,3,At Risk
C00880,17,3,669.84,3,At Risk
C00881,221,3,1041.83,3,At Risk
C00882,677,1,141.16,1,Low Value
C00883,530,1,23.17,1,Low Value
C00884,71,8,4564.24,0,Potential Loyalists
C00885,2,26,8397.88,4,VIP Customers
C00886,275,1,557.83,3,At Risk
C00887,133,2,1084.29,3,At Risk
C00888,30,12,4795.23,2,Loyal Customers
C00890,116,10,5169.94,2,Loyal Customers
C00891,198,5,1493.71,3,At Risk
C00893,74,2,435.64,3,At Risk
C00894,212,1,45.12,3,At Risk
C00895,671,1,190.67,1,Low Value
C00896,211,6,1944.44,3,At Risk
C00897,39,4,1369.6399999999999,3,At Risk
C00898,71,6,1003.04,3,At Risk
C00899,6,8,4693.96,0,Potential Loyalists
C00900,164,1,174.42,3,At Risk
C00901,114,9,2520.39,0,Potential Loyalists
C00902,133,4,886.76,3,At Risk
C00903,2,7,1063.46,0,Potential Loyalists
C00904,451,3,6000.66,1,Low Value
C00905,173,5,5073.0199999999995,0,Potential Loyalists
C00906,21,18,8481.03,2,Loyal Customers
C00907,34,4,1034.25,3,At Risk
C00908,167,1,135.48,3,At Risk
C00909,6,3,97.55000000000001,3,At Risk
C00910,200,1,170.64,3,At Risk
C00911,158,3,1759.92,3,At Risk
C00912,81,20,16793.05,4,VIP Customers
C00913,134,1,88.05,3,At Risk
C00914,132,5,946.4300000000001,3,At Risk
C00916,232,1,3234.04,3,At Risk
C00917,552,1,2142.4,1,Low Value
C00918,39,11,6148.82,2,Loyal Customers
C00919,80,7,2114.44,0,Potential Loyalists
C00921,92,1,1174.38,3,At Risk
C00922,124,6,2574.24,0,Potential Loyalists
C00923,38,7,1554.71,0,Potential Loyalists
C00924,25,11,2676.09,0,Potential Loyalists
C00925,423,2,2223.88,1,Low Value
C00926,9,17,5724.65,2,Loyal Customers
C00927,335,2,2463.55,1,Low Value
C00928,132,4,1936.42,3,At Risk
C00929,8,5,774.5,3,At Risk
C00931,20,8,1924.53,0,Potential Loyalists
C00932,338,1,54.92,1,Low Value
C00933,428,1,103.14,1,Low Value
C00934,7,6,1983.15,0,Potential Loyalists
C00935,238,1,276.74,3,At Risk
C00936,21,10,3442.04,0,Potential Loyalists
C00937,77,2,728.41,3,At Risk
C00938,478,3,1202.38,1,Low Value
C00939,226,7,2669.16,0,Potential Loyalists
C00941,194,6,1193.73,3,At Risk
C00943,12,12,6561.57,2,Loyal Customers
C00945,183,6,1836.75,3,At Risk
C00946,27,11,4385.78,0,Potential Loyalists
C00947,392,1,394.35,1,Low Value
C00948,10,6,5138.18,0,Potential Loyalists
C00949,89,9,2224.73,0,Potential Loyalists
C00950,112,8,2498.45,0,Potential Loyalists
C00951,15,21,4837.5599999999995,2,Loyal Customers
C00952,21,1,1158.16,3,At Risk
C00953,181,2,369.38,3,At Risk
C00955,219,2,427.96000000000004,3,At Risk
C00956,425,1,87.32,1,Low Value
C00957,634,1,99.63,1,Low Value
C00958,126,1,55.08,3,At Risk
C00961,10,12,4547.07,2,Loyal Customers
C00962,127,10,4192.12,0,Potential Loyalists
C00963,22,2,369.34000000000003,3,At Risk
C00964,35,13,4535.9,2,Loyal Customers
C00966,45,13,3493.7,0,Potential Loyalists
C00967,168,7,6244.29,0,Potential Loyalists
C00968,484,1,146.97,1,Low Value
C00969,459,2,143.6,1,Low Value
C00970,76,6,5158.62,0,Potential Loyalists
C00971,621,2,143.65,1,Low Value
C00972,411,8,2589.51,1,Low Value
C00974,181,1,239.82,3,At Risk
C00976,696,1,78.26,1,Low Value
C00977,712,1,1795.03,1,Low Value
C00978,5,12,4216.76,2,Loyal Customers
C00980,43,5,1426.42,3,At Risk
C00981,214,2,418.88,3,At Risk
C00982,22,13,5306.01,2,Loyal Customers
C00983,27,40,15108.85,4,VIP Customers
C00984,25,11,4049.6,0,Potential Loyalists
C00985,22,14,8997.75,2,Loyal Customers
C00986,76,10,4227.41,0,Potential Loyalists
C00987,1,17,7495.87,2,Loyal Customers
C00988,70,7,1862.26,0,Potential Loyalists
C00990,93,4,691.07,3,At Risk
C00991,36,6,3089.54,0,Potential Loyalists
C00994,5,5,1581.69,3,At Risk
C00995,53,11,4694.23,2,Loyal Customers
C00997,190,4,644.5,3,At Risk
C00998,38,4,2108.16,3,At Risk
C00999,93,9,4441.54,0,Potential Loyalists
C01000,6,12,3940.56,0,Potential Loyalists
C01001,111,7,584.13,3,At Risk
C01002,73,5,1911.28,3,At Risk
C01003,287,2,1154.4,3,At Risk
C01004,537,1,84.98,1,Low Value
C01005,319,4,2583.93,1,Low Value
C01006,31,13,4905.8,2,Loyal Customers
C01007,93,8,1762.8600000000001,0,Potential Loyalists
C01008,435,1,92.83,1,Low Value
C01009,226,6,3092.74,0,Potential Loyalists
C01010,355,2,1082.7,1,Low Value
C01012,268,1,392.11,3,At Risk
C01014,7,6,1936.05,0,Potential Loyalists
C01015,27,2,82.10999999999999,3,At Risk
C01016,68,4,5599.6,0,Potential Loyalists
C01017,52,11,5969.8,2,Loyal Customers
C01018,400,2,596.36,1,Low Value
C01020,450,3,1069.0,1,Low Value
C01021,287,4,5288.91,0,Potential Loyalists
C01024,31,5,1892.6,0,Potential Loyalists
C01025,92,3,572.61,3,At Risk
C01026,435,3,727.14,1,Low Value
C01027,207,9,4547.42,0,Potential Loyalists
C01028,140,4,1236.1599999999999,3,At Risk
C01029,52,16,5388.39,2,Loyal Customers
C01030,402,3,409.86,1,Low Value
C01031,33,6,2591.16,0,Potential Loyalists
C01032,213,6,3026.3900000000003,0,Potential Loyalists
C01035,41,6,2344.31,0,Potential Loyalists
C01036,115,3,695.65,3,At Risk
C01037,39,10,3856.24,0,Potential Loyalists
C01038,42,16,6597.76,2,Loyal Customers
C01039,27,3,202.58,3,At Risk
C01040,12,7,2409.04,0,Potential Loyalists
C01041,220,7,1008.26,3,At Risk
C01042,31,14,4811.99,2,Loyal Customers
C01043,30,11,3112.31,0,Potential Loyalists
C01044,263,7,2638.63,0,Potential Loyalists
C01045,35,6,5952.79,0,Potential Loyalists
C01046,48,8,3319.5299999999997,0,Potential Loyalists
C01047,168,2,996.17,3,At Risk
C01048,532,1,597.52,1,Low Value
C01049,29,10,3429.93,0,Potential Loyalists
C01051,9,18,8264.76,2,Loyal Customers
C01052,270,1,54.11,3,At Risk
C01053,21,13,2868.95,0,Potential Loyalists
C01054,42,1,574.02,3,At Risk
C01055,23,1,2670.88,3,At Risk
C01056,244,3,827.41,3,At Risk
C01057,285,4,478.18,3,At Risk
C01058,502,2,1778.0,1,Low Value
C01059,47,5,4366.34,0,Potential Loyalists
C01062,336,1,259.21,1,Low Value
C01064,181,12,4449.84,2,Loyal Customers
C01065,13,10,4260.68,0,Potential Loyalists
C01066,22,2,844.99,3,At Risk
C01067,45,3,391.93,3,At Risk
C01068,6,7,2738.94,0,Potential Loyalists
C01069,462,1,684.86,1,Low Value
C01070,80,2,750.2,3,At Risk
C01071,124,2,444.74,3,At Risk
C01072,452,2,847.81,1,Low Value
C01073,1,1,87.67,3,At Risk
C01074,370,2,2340.52,1,Low Value
C01075,93,4,2260.5,3,At Risk
C01077,506,1,282.91,1,Low Value
C01080,187,3,2045.43,3,At Risk
C01081,94,11,6399.23,2,Loyal Customers
C01083,240,4,1298.37,3,At Risk
C01084,489,2,429.35,1,Low Value
C01085,92,5,2352.36,0,Potential Loyalists
C01086,70,4,845.47,3,At Risk
C01087,340,3,2735.11,1,Low Value
C01088,82,10,3710.67,0,Potential Loyalists
C01089,357,3,997.1500000000001,1,Low Value
C01090,42,10,1844.15,0,Potential Loyalists
C01091,442,3,1220.0700000000002,1,Low Value
C01092,75,25,12811.75,4,VIP Customers
C01093,181,7,1319.04,3,At Risk
C01094,2,12,9175.46,2,Loyal Customers
C01095,317,5,1866.35,1,Low Value
C01096,350,2,489.69000000000005,1,Low Value
C01097,327,3,1179.1,1,Low Value
C01098,169,10,6244.39,2,Loyal Customers
C01099,74,14,5906.6,2,Loyal Customers
C01100,47,3,1088.07,3,At Risk
C01101,54,10,3208.24,0,Potential Loyalists
C01102,89,1,350.68,3,At Risk
C01103,244,2,497.90999999999997,3,At Risk
C01105,512,1,190.35,1,Low Value
C01106,12,16,8074.66,2,Loyal Customers
C01108,279,7,1326.31,3,At Risk
C01109,41,5,1609.28,3,At Risk
C01111,1,4,1369.85,3,At Risk
C01112,91,6,879.68,3,At Risk
C01113,615,1,536.04,1,Low Value
C01114,80,12,3766.3700000000003,0,Potential Loyalists
C01115,32,17,7604.84,2,Loyal Customers
C01116,32,3,1205.3899999999999,3,At Risk
C01117,189,1,109.94,3,At Risk
C01118,287,3,416.43,3,At Risk
C01119,28,8,810.72,0,Potential Loyalists
C01120,49,1,19.85,3,At Risk
C01122,40,2,187.82,3,At Risk
C01123,137,8,3514.12,0,Potential Loyalists
C01124,279,4,654.94,3,At Risk
C01125,582,2,364.7,1,Low Value
C01126,30,16,8111.96,2,Loyal Customers
C01127,24,1,90.24,3,At Risk
C01128,54,3,449.28,3,At Risk
C01129,8,5,2920.6800000000003,0,Potential Loyalists
C01130,35,18,6882.49,2,Loyal Customers
C01131,36,9,6745.33,2,Loyal Customers
C01132,50,7,3622.94,0,Potential Loyalists
C01133,80,4,574.97,3,At Risk
C01134,53,5,1482.22,3,At Risk
C01135,545,1,61.38,1,Low Value
C01136,262,2,3081.51,3,At Risk
C01137,49,11,4760.26,2,Loyal Customers
C01139,9,5,2122.92,0,Potential Loyalists
C01140,686,1,665.77,1,Low Value
C01141,80,6,1288.6299999999999,3,At Risk
C01142,306,1,270.18,1,Low Value
C01143,458,5,2784.1299999999997,1,Low Value
C01144,607,1,66.72,1,Low Value
C01146,43,4,1033.4299999999998,3,At Risk
C01147,262,1,238.88,3,At Risk
C01148,244,3,1100.72,3,At Risk
C01149,709,1,92.94,1,Low Value
C01151,20,21,10184.05,4,VIP Customers
C01153,87,4,1321.01,3,At Risk
C01154,39,3,1701.55,3,At Risk
C01155,27,4,3279.2999999999997,0,Potential Loyalists
C01156,12,2,159.77,3,At Risk
C01157,63,4,1132.99,3,At Risk
C01158,61,5,2069.39,0,Potential Loyalists
C01159,153,7,1132.32,3,At Risk
C01160,121,1,65.93,3,At Risk
C01161,55,3,716.19,3,At Risk
C01164,119,5,5266.77,0,Potential Loyalists
C01165,206,5,2622.1699999999996,3,At Risk
C01166,221,3,787.89,3,At Risk
C01167,71,5,982.0500000000001,3,At Risk
C01168,513,1,92.69,1,Low Value
C01169,74,3,461.41999999999996,3,At Risk
C01171,129,3,1494.28,3,At Risk
C01172,11,4,1049.95,3,At Risk
C01173,355,3,497.7,1,Low Value
C01174,190,3,978.6800000000001,3,At Risk
C01175,453,3,452.45,1,Low Value
C01176,269,2,1122.98,3,At Risk
C01177,204,4,3898.37,0,Potential Loyalists
C01178,130,5,1320.32,3,At Risk
C01179,162,4,3104.06,0,Potential Loyalists
C01180,111,1,172.55,3,At Risk
C01182,173,2,517.9100000000001,3,At Risk
C01183,224,2,349.9,3,At Risk
C01184,49,10,2627.85,0,Potential Loyalists
C01185,143,1,628.78,3,At Risk
C01186,84,1,175.47,3,At Risk
C01187,203,11,1821.99,0,Potential Loyalists
C01188,64,7,3113.5299999999997,0,Potential Loyalists
C01189,173,9,4207.17,0,Potential Loyalists
C01190,203,3,806.6400000000001,3,At Risk
C01191,45,9,1822.19,0,Potential Loyalists
C01195,112,4,3977.1099999999997,0,Potential Loyalists
C01197,727,1,106.87,1,Low Value
C01198,52,5,1181.42,3,At Risk
C01199,4,1,200.7,3,At Risk
C01200,134,7,4365.08,0,Potential Loyalists
C01202,77,3,2314.4700000000003,3,At Risk
C01203,29,1,35.05,3,At Risk
C01204,90,2,1344.4,3,At Risk
C01205,1,7,2292.27,0,Potential Loyalists
C01206,25,9,3358.89,0,Potential Loyalists
C01207,66,9,2313.67,0,Potential Loyalists
C01208,87,6,2307.66,0,Potential Loyalists
C01210,350,2,350.95,1,Low Value
C01212,39,3,1005.81,3,At Risk
C01213,375,1,1901.66,1,Low Value
C01214,30,3,483.74,3,At Risk
C01215,33,11,2930.31,0,Potential Loyalists
C01216,26,3,1983.94,3,At Risk
C01217,28,6,2439.45,0,Potential Loyalists
C01218,203,2,467.90999999999997,3,At Risk
C01219,144,5,5513.95,0,Potential Loyalists
C01220,20,15,5902.27,2,Loyal Customers
C01221,288,2,225.51,3,At Risk
C01222,440,1,92.83,1,Low Value
C01223,40,2,1154.65,3,At Risk
C01225,656,1,232.71,1,Low Value
C01226,22,8,3485.12,0,Potential Loyalists
C01227,281,1,1138.15,3,At Risk
C01230,51,5,1068.57,3,At Risk
C01231,174,7,1263.78,3,At Risk
C01232,31,5,699.69,3,At Risk
C01234,63,5,1017.37,3,At Risk
C01235,328,7,2382.8900000000003,1,Low Value
C01236,29,10,2382.15,0,Potential Loyalists
C01237,60,10,4886.62,0,Potential Loyalists
C01238,86,7,6585.95,2,Loyal Customers
C01240,25,10,4455.12,0,Potential Loyalists
C01241,93,17,7106.2,2,Loyal Customers
C01244,10,18,3403.51,2,Loyal Customers
C01245,62,4,1280.59,3,At Risk
C01246,25,7,4291.73,0,Potential Loyalists
C01247,17,4,521.79,3,At Risk
C01248,556,2,1369.31,1,Low Value
C01250,37,1,87.81,3,At Risk
C01252,24,2,116.4,3,At Risk
C01253,119,4,1641.1100000000001,3,At Risk
C01254,26,19,8804.67,2,Loyal Customers
C01255,63,10,5838.09,2,Loyal Customers
C01256,29,6,1161.9099999999999,3,At Risk
C01257,380,3,1623.4099999999999,1,Low Value
C01258,535,1,655.4,1,Low Value
C01259,40,5,5337.29,0,Potential Loyalists
C01264,195,9,3125.9500000000003,0,Potential Loyalists
C01265,4,1,214.99,3,At Risk
C01266,225,7,1684.8700000000001,3,At Risk
C01267,42,16,5448.68,2,Loyal Customers
C01268,69,13,3223.3,0,Potential Loyalists
C01269,23,19,7039.03,2,Loyal Customers
C01271,106,6,1504.97,3,At Risk
C01272,206,1,58.15,3,At Risk
C01273,162,4,1970.92,3,At Risk
C01274,22,13,6539.39,2,Loyal Customers
C01275,46,22,8325.630000000001,4,VIP Customers
C01276,576,1,92.58,1,Low Value
C01277,81,12,4858.59,2,Loyal Customers
C01280,144,9,2594.19,0,Potential Loyalists
C01281,76,3,966.04,3,At Risk
C01282,25,24,10266.42,4,VIP Customers
C01284,193,7,4546.68,0,Potential Loyalists
C01285,26,4,1580.8700000000001,3,At Risk
C01286,109,9,3740.37,0,Potential Loyalists
C01287,127,10,3178.67,0,Potential Loyalists
C01288,76,15,4687.41,2,Loyal Customers
C01289,281,1,363.29,3,At Risk
C01290,44,19,9540.5,4,VIP Customers
C01294,186,6,2003.79,3,At Risk
C01295,45,3,456.31,3,At Risk
C01296,26,12,5899.37,2,Loyal Customers
C01297,79,7,1154.55,3,At Risk
C01299,99,16,5409.7300000000005,2,Loyal Customers
C01301,1,14,4362.13,2,Loyal Customers
C01302,299,3,1734.83,3,At Risk
C01303,377,3,649.31,1,Low Value
C01304,115,4,2258.19,3,At Risk
C01306,149,1,114.66,3,At Risk
C01307,522,1,169.26,1,Low Value
C01308,20,2,231.91,3,At Risk
C01309,137,1,66.18,3,At Risk
C01310,66,1,260.91,3,At Risk
C01311,29,9,3655.39,0,Potential Loyalists
C01312,218,2,811.29,3,At Risk
C01313,82,13,4723.04,2,Loyal Customers
C01314,34,8,3722.13,0,Potential Loyalists
C01315,24,6,5346.94,0,Potential Loyalists
C01316,139,1,147.77,3,At Risk
C01317,556,2,273.08,1,Low Value
C01318,303,3,324.22,1,Low Value
C01320,221,13,2531.01,0,Potential Loyalists
C01321,357,4,1826.1,1,Low Value
C01323,52,11,2751.21,0,Potential Loyalists
C01325,325,1,174.45,1,Low Value
C01327,159,8,3069.98,0,Potential Loyalists
C01328,14,12,3275.65,0,Potential Loyalists
C01329,5,9,2593.53,0,Potential Loyalists
C01331,24,1,105.74,3,At Risk
C01332,118,4,522.47,3,At Risk
C01334,90,6,1137.66,3,At Risk
C01336,133,2,424.55,3,At Risk
C01337,181,4,1663.53,3,At Risk
C01338,157,7,1100.67,3,At Risk
C01339,564,1,155.63,1,Low Value
C01340,51,3,1278.67,3,At Risk
C01341,683,1,1283.28,1,Low Value
C01343,617,1,112.59,1,Low Value
C01344,5,3,854.48,3,At Risk
C01345,150,3,565.67,3,At Risk
C01346,105,3,2738.5699999999997,3,At Risk
C01347,369,4,2684.0699999999997,1,Low Value
C01348,204,5,780.83,3,At Risk
C01349,9,1,550.01,3,At Risk
C01351,145,7,1723.77,0,Potential Loyalists
C01353,321,1,641.02,1,Low Value
C01354,719,1,293.07,1,Low Value
C01355,3,5,1817.64,0,Potential Loyalists
C01356,9,4,558.02,3,At Risk
C01357,13,13,4734.5599999999995,2,Loyal Customers
C01358,173,12,2611.34,0,Potential Loyalists
C01359,121,3,593.56,3,At Risk
C01360,88,2,206.58999999999997,3,At Risk
C01362,247,3,654.08,3,At Risk
C01363,711,1,384.96,1,Low Value
C01364,171,2,262.81,3,At Risk
C01367,454,4,1945.7900000000002,1,Low Value
C01368,40,16,6364.04,2,Loyal Customers
C01369,52,4,2348.34,0,Potential Loyalists
C01370,13,21,13124.830000000002,4,VIP Customers
C01371,113,2,250.15,3,At Risk
C01372,189,2,623.9100000000001,3,At Risk
C01373,104,2,832.23,3,At Risk
C01375,111,1,663.77,3,At Risk
C01376,3,9,3318.4399999999996,0,Potential Loyalists
C01377,37,11,3009.67,0,Potential Loyalists
C01382,470,1,908.22,1,Low Value
C01384,131,5,1231.94,3,At Risk
C01385,68,2,210.49,3,At Risk
C01386,570,2,689.25,1,Low Value
C01388,59,1,127.81,3,At Risk
C01389,26,24,11103.69,4,VIP Customers
C01390,44,2,449.01,3,At Risk
C01391,32,10,5057.39,2,Loyal Customers
C01392,135,10,2990.35,0,Potential Loyalists
C01393,36,15,4696.31,2,Loyal Customers
C01394,133,9,3047.48,0,Potential Loyalists
C01395,239,3,1042.68,3,At Risk
C01396,4,14,6954.97,2,Loyal Customers
C01398,314,1,915.06,1,Low Value
C01399,4,16,5222.89,2,Loyal Customers
C01400,235,5,1054.49,3,At Risk
C01401,18,15,5527.06,2,Loyal Customers
C01402,148,12,5490.64,2,Loyal Customers
C01403,76,7,3087.78,0,Potential Loyalists
C01404,387,3,177.99,1,Low Value
C01405,106,9,5202.910000000001,0,Potential Loyalists
C01406,170,4,768.12,3,At Risk
C01407,3,11,3760.0099999999998,0,Potential Loyalists
C01408,300,7,3832.31,0,Potential Loyalists
C01409,30,7,2732.63,0,Potential Loyalists
C01410,42,8,3062.16,0,Potential Loyalists
C01413,52,15,3823.75,2,Loyal Customers
C01414,47,3,1042.74,3,At Risk
C01415,271,1,71.75,3,At Risk
C01417,127,5,1513.86,3,At Risk
C01418,29,5,954.22,3,At Risk
C01419,3,8,6242.58,2,Loyal Customers
C01420,138,8,1483.51,0,Potential Loyalists
C01422,80,2,257.47,3,At Risk
C01424,147,8,1612.66,0,Potential Loyalists
C01426,93,3,1325.26,3,At Risk
C01427,9,4,5641.49,0,Potential Loyalists
C01428,21,3,2068.6699999999996,3,At Risk
C01429,130,7,2424.7400000000002,0,Potential Loyalists
C01430,576,1,29.39,1,Low Value
C01431,69,9,6409.76,2,Loyal Customers
C01434,309,4,1556.03,3,At Risk
C01436,59,7,3940.3300000000004,0,Potential Loyalists
C01437,5,3,463.34000000000003,3,At Risk
C01438,151,1,853.25,3,At Risk
C01439,59,1,2676.42,3,At Risk
C01440,158,6,2660.93,0,Potential Loyalists
C01441,329,4,1388.55,1,Low Value
C01442,82,7,2446.21,0,Potential Loyalists
C01443,302,4,763.71,3,At Risk
C01444,170,5,825.5,3,At Risk
C01445,196,9,2973.36,0,Potential Loyalists
C01446,32,3,1079.53,3,At Risk
C01447,22,4,419.34000000000003,3,At Risk
C01448,131,7,1226.75,3,At Risk
C01449,259,6,2366.04,3,At Risk
C01450,1,7,2543.3199999999997,0,Potential Loyalists
C01451,96,24,8025.53,4,VIP Customers
C01452,221,1,212.74,3,At Risk
C01453,35,16,4646.900000000001,2,Loyal Customers
C01454,285,3,419.11,3,At Risk
C01455,38,6,1324.8799999999999,3,At Risk
C01456,5,1,225.04,3,At Risk
C01457,557,1,135.52,1,Low Value
C01458,118,7,1610.51,0,Potential Loyalists
C01459,326,3,1771.8600000000001,1,Low Value
C01461,87,6,1893.6,0,Potential Loyalists
C01463,51,17,7194.290000000001,2,Loyal Customers
C01464,26,12,8265.32,2,Loyal Customers
C01466,44,10,7570.1900000000005,2,Loyal Customers
C01467,10,14,6826.82,2,Loyal Customers
C01469,144,9,2122.7000000000003,0,Potential Loyalists
C01470,400,2,741.95,1,Low Value
C01471,97,4,1112.49,3,At Risk
C01472,35,1,731.21,3,At Risk
C01473,58,6,5267.3,0,Potential Loyalists
C01474,360,3,439.41,1,Low Value
C01475,715,1,732.64,1,Low Value
C01476,20,8,1247.6,0,Potential Loyalists
C01477,570,1,358.3,1,Low Value
C01478,332,3,592.91,1,Low Value
C01479,17,7,2067.6800000000003,0,Potential Loyalists
C01480,185,7,1638.73,3,At Risk
C01481,61,6,1503.75,0,Potential Loyalists
C01482,53,19,8252.5,2,Loyal Customers
C01483,276,6,1243.0,3,At Risk
C01485,104,4,653.51,3,At Risk
C01486,45,18,4480.57,2,Loyal Customers
C01487,12,5,1041.29,3,At Risk
C01488,217,2,43.07,3,At Risk
C01489,15,3,583.03,3,At Risk
C01491,32,10,2872.4,0,Potential Loyalists
C01492,43,9,1917.33,0,Potential Loyalists
C01493,162,16,4292.07,2,Loyal Customers
C01494,29,6,1340.99,0,Potential Loyalists
C01495,340,2,162.18,1,Low Value
C01497,1,20,5387.7699999999995,2,Loyal Customers
C01498,506,1,481.2,1,Low Value
C01499,349,1,146.43,1,Low Value
C01500,67,12,3951.73,0,Potential Loyalists
C01501,181,6,1660.23,3,At Risk
C01502,423,1,414.35,1,Low Value
C01503,65,9,2479.09,0,Potential Loyalists
C01504,7,30,12984.06,4,VIP Customers
C01505,251,3,681.97,3,At Risk
C01506,47,5,2449.5,0,Potential Loyalists
C01507,213,3,1260.88,3,At Risk
C01508,93,9,5743.03,2,Loyal Customers
C01509,77,15,4591.84,2,Loyal Customers
C01510,4,22,7407.2,2,Loyal Customers
C01511,115,2,919.6099999999999,3,At Risk
C01512,405,1,1369.71,1,Low Value
C01514,420,1,58.15,1,Low Value
C01516,42,2,624.23,3,At Risk
C01518,82,5,1353.49,3,At Risk
C01520,47,11,2520.21,0,Potential Loyalists
C01521,102,1,166.31,3,At Risk
C01522,678,1,105.16,1,Low Value
C01523,4,13,5953.8,2,Loyal Customers
C01524,384,7,1216.68,1,Low Value
C01525,185,5,1923.65,3,At Risk
C01526,245,1,226.45,3,At Risk
C01527,147,6,2005.23,0,Potential Loyalists
C01528,482,1,241.25,1,Low Value
C01529,75,5,1193.28,3,At Risk
C01530,29,2,501.68,3,At Risk
C01531,35,4,939.99,3,At Risk
C01532,164,6,1078.6200000000001,3,At Risk
C01533,13,9,3399.37,0,Potential Loyalists
C01534,2,16,3815.86,2,Loyal Customers
C01536,140,5,2363.9700000000003,3,At Risk
C01538,285,2,468.53999999999996,3,At Risk
C01539,168,11,2906.02,0,Potential Loyalists
C01540,13,2,489.93,3,At Risk
C01541,105,13,3177.7200000000003,0,Potential Loyalists
C01542,90,6,3372.0899999999997,0,Potential Loyalists
C01543,172,5,2265.9300000000003,3,At Risk
C01544,75,4,3511.17,0,Potential Loyalists
C01545,218,1,3312.73,3,At Risk
C01546,338,1,309.42,1,Low Value
C01547,597,1,427.4,1,Low Value
C01548,138,2,283.85,3,At Risk
C01549,19,4,3144.83,0,Potential Loyalists
C01550,535,2,786.73,1,Low Value
C01551,16,17,6265.16,2,Loyal Customers
C01553,249,4,835.96,3,At Risk
C01554,42,15,5507.16,2,Loyal Customers
C01555,10,9,2033.06,0,Potential Loyalists
C01556,131,1,745.7,3,At Risk
C01557,115,3,1698.95,3,At Risk
C01558,6,2,276.11,3,At Risk
C01560,347,4,1045.81,1,Low Value
C01561,109,10,2116.08,0,Potential Loyalists
C01562,378,2,363.31,1,Low Value
C01563,144,2,688.5600000000001,3,At Risk
C01564,24,18,8289.93,2,Loyal Customers
C01565,190,2,566.21,3,At Risk
C01566,25,8,3480.46,0,Potential Loyalists
C01567,162,7,2916.88,0,Potential Loyalists
C01568,512,1,289.66,1,Low Value
C01569,171,7,1570.6,3,At Risk
C01571,99,10,2096.03,0,Potential Loyalists
C01572,202,3,243.51,3,At Risk
C01573,236,6,2563.37,0,Potential Loyalists
C01574,114,6,4152.96,0,Potential Loyalists
C01575,50,2,188.12,3,At Risk
C01576,510,2,1605.8999999999999,1,Low Value
C01578,11,3,305.86,3,At Risk
C01579,37,2,123.08,3,At Risk
C01580,92,8,2940.1099999999997,0,Potential Loyalists
C01581,162,3,1403.4199999999998,3,At Risk
C01582,477,1,805.09,1,Low Value
C01583,89,3,2248.0,3,At Risk
C01584,117,1,438.72,3,At Risk
C01585,68,4,1879.24,3,At Risk
C01586,103,11,3638.18,0,Potential Loyalists
C01587,544,3,1476.36,1,Low Value
C01588,407,1,178.28,1,Low Value
C01589,200,5,1124.06,3,At Risk
C01590,409,2,202.23000000000002,1,Low Value
C01591,243,3,305.83000000000004,3,At Risk
C01593,23,7,2959.5,0,Potential Loyalists
C01595,54,3,666.76,3,At Risk
C01596,111,5,1431.96,3,At Risk
C01597,106,3,170.49,3,At Risk
C01599,19,24,11864.82,4,VIP Customers
C01600,80,8,1867.9099999999999,0,Potential Loyalists
C01601,20,9,6802.18,2,Loyal Customers
C01602,245,1,76.48,3,At Risk
C01603,562,1,937.28,1,Low Value
C01604,31,18,6302.57,2,Loyal Customers
C01605,42,8,2912.79,0,Potential Loyalists
C01606,69,8,1160.0900000000001,0,Potential Loyalists
C01607,634,1,85.73,1,Low Value
C01608,646,2,153.37,1,Low Value
C01609,19,24,7528.67,4,VIP Customers
C01610,49,2,394.35,3,At Risk
C01611,245,1,254.81,3,At Risk
C01612,181,2,193.76999999999998,3,At Risk
C01613,346,6,1059.0,1,Low Value
C01614,690,1,104.84,1,Low Value
C01616,26,5,1988.53,0,Potential Loyalists
C01617,33,10,2687.48,0,Potential Loyalists
C01618,524,3,2030.4099999999999,1,Low Value
C01619,19,17,10594.52,4,VIP Customers
C01620,186,2,482.71000000000004,3,At Risk
C01621,102,7,2139.7,0,Potential Loyalists
C01623,94,5,2314.54,0,Potential Loyalists
C01624,52,30,13464.0,4,VIP Customers
C01625,15,8,1478.3899999999999,0,Potential Loyalists
C01626,144,4,1733.7399999999998,3,At Risk
C01627,261,2,167.92,3,At Risk
C01628,12,12,2206.9,0,Potential Loyalists
C01629,69,14,3684.33,2,Loyal Customers
C01630,60,23,6983.67,2,Loyal Customers
C01631,223,2,912.46,3,At Risk
C01632,14,20,7961.68,2,Loyal Customers
C01634,183,1,32.66,3,At Risk
C01636,110,2,319.83000000000004,3,At Risk
C01637,46,10,833.49,0,Potential Loyalists
C01638,91,8,1816.59,0,Potential Loyalists
C01639,103,9,2747.95,0,Potential Loyalists
C01640,346,4,1188.6,1,Low Value
C01641,19,4,2324.28,0,Potential Loyalists
C01642,39,9,6135.59,2,Loyal Customers
C01643,274,2,1529.47,3,At Risk
C01644,44,7,1132.32,0,Potential Loyalists
C01645,79,9,2767.48,0,Potential Loyalists
C01646,23,5,1304.1299999999999,3,At Risk
C01647,37,6,1385.77,0,Potential Loyalists
C01648,47,12,2134.65,0,Potential Loyalists
C01650,145,3,1318.59,3,At Risk
C01651,55,6,847.74,3,At Risk
C01653,2,6,1225.44,0,Potential Loyalists
C01654,354,1,1268.67,1,Low Value
C01656,24,9,5874.7,2,Loyal Customers
C01657,169,2,658.1899999999999,3,At Risk
C01658,156,5,1784.71,3,At Risk
C01659,99,2,555.49,3,At Risk
C01660,580,1,365.5,1,Low Value
C01661,68,5,1572.8899999999999,3,At Risk
C01663,34,13,4187.04,2,Loyal Customers
C01664,139,6,1991.51,0,Potential Loyalists
C01665,230,1,82.51,3,At Risk
C01666,74,3,484.85,3,At Risk
C01667,12,4,1605.23,3,At Risk
C01669,180,1,26.06,3,At Risk
C01670,140,4,850.97,3,At Risk
C01671,88,7,2959.83,0,Potential Loyalists
C01672,280,3,993.47,3,At Risk
C01673,17,4,395.63,3,At Risk
C01674,117,4,1415.67,3,At Risk
C01675,77,6,1341.7,3,At Risk
C01676,38,6,2306.52,0,Potential Loyalists
C01677,56,6,5231.83,0,Potential Loyalists
C01679,10,12,5962.71,2,Loyal Customers
C01680,728,1,56.96,1,Low Value
C01681,34,7,1383.33,0,Potential Loyalists
C01682,394,8,6577.66,2,Loyal Customers
C01684,134,8,2153.94,0,Potential Loyalists
C01685,553,1,307.54,1,Low Value
C01686,22,12,3074.55,0,Potential Loyalists
C01687,27,5,1990.4699999999998,0,Potential Loyalists
C01688,119,11,3330.76,0,Potential Loyalists
C01689,64,7,1479.3600000000001,0,Potential Loyalists
C01690,63,4,1793.17,3,At Risk
C01692,23,27,9522.28,4,VIP Customers
C01693,95,9,2080.74,0,Potential Loyalists
C01694,204,10,2665.89,0,Potential Loyalists
C01695,435,1,36.1,1,Low Value
C01696,149,2,322.78,3,At Risk
C01697,376,1,293.95,1,Low Value
C01698,84,3,376.28999999999996,3,At Risk
C01700,188,2,315.72,3,At Risk
C01701,109,4,2029.8400000000001,3,At Risk
C01702,83,3,864.2099999999999,3,At Risk
C01703,50,8,5121.21,0,Potential Loyalists
C01704,224,12,10639.89,2,Loyal Customers
C01706,13,11,3489.82,0,Potential Loyalists
C01707,83,1,185.38,3,At Risk
C01709,8,2,574.5899999999999,3,At Risk
C01710,56,11,5608.83,2,Loyal Customers
C01711,309,4,1329.3899999999999,3,At Risk
C01712,12,15,6518.11,2,Loyal Customers
C01713,12,6,4189.030000000001,0,Potential Loyalists
C01714,166,1,221.07,3,At Risk
C01715,89,6,2451.54,0,Potential Loyalists
C01717,132,4,2051.57,3,At Risk
C01720,330,5,875.8000000000001,1,Low Value
C01721,9,12,7904.59,2,Loyal Customers
C01722,113,2,194.76999999999998,3,At Risk
C01723,79,11,5377.7300000000005,2,Loyal Customers
C01724,94,3,1049.16,3,At Risk
C01725,392,6,5572.1,0,Potential Loyalists
C01726,34,3,444.45000000000005,3,At Risk
C01727,539,1,436.93,1,Low Value
C01729,318,2,421.0,1,Low Value
C01730,69,3,1847.0100000000002,3,At Risk
C01731,703,1,26.86,1,Low Value
C01732,479,3,2755.59,1,Low Value
C01733,37,37,15222.49,4,VIP Customers
C01735,293,3,798.99,3,At Risk
C01736,20,4,1570.96,3,At Risk
C01737,17,14,4750.35,2,Loyal Customers
C01738,28,2,249.42,3,At Risk
C01739,210,5,2382.38,3,At Risk
C01740,666,1,511.62,1,Low Value
C01742,619,1,57.44,1,Low Value
C01743,36,4,1472.8600000000001,3,At Risk
C01745,55,5,971.5699999999999,3,At Risk
C01747,51,2,139.31,3,At Risk
C01749,3,11,2645.42,0,Potential Loyalists
C01750,77,17,3361.82,2,Loyal Customers
C01751,33,3,431.02,3,At Risk
C01752,605,2,2286.16,1,Low Value
C01753,143,8,3465.63,0,Potential Loyalists
C01754,614,1,429.98,1,Low Value
C01755,63,3,1174.05,3,At Risk
C01756,103,3,3812.95,0,Potential Loyalists
C01757,18,9,2669.5099999999998,0,Potential Loyalists
C01758,37,10,2105.27,0,Potential Loyalists
C01759,258,4,1105.87,3,At Risk
C01760,253,5,1458.0099999999998,3,At Risk
C01761,137,11,7366.7699999999995,2,Loyal Customers
C01762,9,11,1916.51,0,Potential Loyalists
C01763,87,6,6008.9,0,Potential Loyalists
C01764,254,2,1221.75,3,At Risk
C01765,201,1,487.28,3,At Risk
C01766,122,5,1182.8600000000001,3,At Risk
C01767,48,7,1596.9099999999999,0,Potential Loyalists
C01770,48,7,921.15,3,At Risk
C01771,68,9,3364.04,0,Potential Loyalists
C01772,299,2,958.3499999999999,3,At Risk
C01773,104,14,3380.75,2,Loyal Customers
C01774,16,4,2519.35,0,Potential Loyalists
C01775,82,7,2698.75,0,Potential Loyalists
C01776,679,1,28.72,1,Low Value
C01778,2,3,565.39,3,At Risk
C01779,600,1,83.28,1,Low Value
C01780,101,6,1512.49,3,At Risk
C01781,641,1,697.42,1,Low Value
C01782,39,15,5299.37,2,Loyal Customers
C01783,9,2,494.39,3,At Risk
C01784,65,5,594.75,3,At Risk
C01785,125,3,535.24,3,At Risk
C01786,373,4,749.34,1,Low Value
C01788,39,10,3787.52,0,Potential Loyalists
C01789,177,1,152.87,3,At Risk
C01790,473,1,169.26,1,Low Value
C01791,80,12,3482.33,0,Potential Loyalists
C01793,391,2,436.53999999999996,1,Low Value
C01794,17,12,2962.57,0,Potential Loyalists
C01796,300,2,648.53,3,At Risk
C01797,33,16,6822.75,2,Loyal Customers
C01799,148,5,2362.97,3,At Risk
C01800,63,18,7312.45,2,Loyal Customers
C01801,263,3,692.98,3,At Risk
C01803,9,10,1991.17,0,Potential Loyalists
C01804,39,13,3697.54,2,Loyal Customers
C01805,431,1,142.13,1,Low Value
C01806,182,3,1135.95,3,At Risk
C01807,104,8,2556.3500000000004,0,Potential Loyalists
C01808,181,5,1315.47,3,At Risk
C01811,200,4,3989.96,0,Potential Loyalists
C01812,22,10,3415.0,0,Potential Loyalists
C01813,49,11,5064.79,2,Loyal Customers
C01814,80,14,6020.4800000000005,2,Loyal Customers
C01815,101,9,1828.45,0,Potential Loyalists
C01816,170,3,2470.6,3,At Risk
C01817,9,3,715.03,3,At Risk
C01818,36,7,1683.17,0,Potential Loyalists
C01819,5,12,3946.03,0,Potential Loyalists
C01820,407,1,26.86,1,Low Value
C01822,18,10,2542.2200000000003,0,Potential Loyalists
C01823,452,3,836.74,1,Low Value
C01824,462,1,2054.57,1,Low Value
C01825,139,9,4020.69,0,Potential Loyalists
C01826,35,9,2894.21,0,Potential Loyalists
C01827,130,2,1284.43,3,At Risk
C01828,101,8,2359.3999999999996,0,Potential Loyalists
C01830,67,1,13.43,3,At Risk
C01831,112,4,1702.1799999999998,3,At Risk
C01832,86,5,819.79,3,At Risk
C01833,10,25,11071.12,4,VIP Customers
C01834,87,12,2940.23,0,Potential Loyalists
C01835,52,13,2220.45,0,Potential Loyalists
C01836,532,1,144.47,1,Low Value
C01838,32,4,927.89,3,At Risk
C01839,170,4,581.4300000000001,3,At Risk
C01840,98,7,2170.74,0,Potential Loyalists
C01841,70,5,1174.87,3,At Risk
C01842,26,18,4502.28,2,Loyal Customers
C01843,575,1,134.01,1,Low Value
C01844,103,4,605.71,3,At Risk
C01845,98,6,1593.52,3,At Risk
C01846,60,1,1369.71,3,At Risk
C01847,25,8,4431.47,0,Potential Loyalists
C01848,101,2,396.55,3,At Risk
C01849,438,1,438.35,1,Low Value
C01850,153,3,355.25,3,At Risk
C01852,89,4,484.55,3,At Risk
C01853,35,3,1040.3600000000001,3,At Risk
C01857,48,2,516.78,3,At Risk
C01858,48,1,179.38,3,At Risk
C01859,109,7,2389.9700000000003,0,Potential Loyalists
C01860,52,5,728.62,3,At Risk
C01861,354,3,1255.22,1,Low Value
C01862,57,7,1917.75,0,Potential Loyalists
C01863,1,5,470.28,3,At Risk
C01864,86,3,355.36,3,At Risk
C01865,67,8,4680.849999999999,0,Potential Loyalists
C01866,187,1,343.97,3,At Risk
C01867,70,12,4200.26,2,Loyal Customers
C01868,667,2,848.99,1,Low Value
C01869,546,1,212.74,1,Low Value
C01870,134,5,2421.5099999999998,0,Potential Loyalists
C01871,368,1,304.78,1,Low Value
C01872,340,2,703.1600000000001,1,Low Value
C01874,192,1,4375.26,3,At Risk
C01876,59,6,1927.4599999999998,0,Potential Loyalists
C01877,42,9,2828.65,0,Potential Loyalists
C01878,115,5,1104.34,3,At Risk
C01880,60,16,4600.87,2,Loyal Customers
C01881,102,4,678.93,3,At Risk
C01882,636,1,78.26,1,Low Value
C01883,40,13,2534.68,0,Potential Loyalists
C01884,59,2,673.15,3,At Risk
C01885,51,4,1905.37,3,At Risk
C01887,152,4,947.6700000000001,3,At Risk
C01888,68,12,4040.21,0,Potential Loyalists
C01889,299,1,153.41,1,Low Value
C01890,174,5,953.75,3,At Risk
C01891,36,4,416.31,3,At Risk
C01892,147,11,1718.79,0,Potential Loyalists
C01893,441,4,1726.4299999999998,1,Low Value
C01894,187,4,843.15,3,At Risk
C01896,40,7,1835.33,0,Potential Loyalists
C01897,253,8,2996.57,0,Potential Loyalists
C01899,52,5,3086.36,0,Potential Loyalists
C01900,3,5,2020.64,0,Potential Loyalists
C01901,632,1,114.46,1,Low Value
C01902,129,2,865.82,3,At Risk
C01903,94,1,400.28,3,At Risk
C01904,381,2,967.1700000000001,1,Low Value
C01905,245,3,1159.68,3,At Risk
C01906,47,2,1056.01,3,At Risk
C01907,29,6,2558.46,0,Potential Loyalists
C01908,366,3,893.6800000000001,1,Low Value
C01910,79,10,5468.43,2,Loyal Customers
C01911,22,3,921.8,3,At Risk
C01913,58,7,1243.31,0,Potential Loyalists
C01915,313,4,3206.6,3,At Risk
C01916,646,2,1097.95,1,Low Value
C01917,425,2,377.44,1,Low Value
C01918,33,13,5403.78,2,Loyal Customers
C01919,643,2,192.47,1,Low Value
C01920,690,1,169.96,1,Low Value
C01921,44,16,7501.99,2,Loyal Customers
C01922,20,14,5206.55,2,Loyal Customers
C01923,74,6,1917.51,0,Potential Loyalists
C01924,489,2,239.77,1,Low Value
C01926,337,13,5467.290000000001,2,Loyal Customers
C01929,302,5,2728.84,3,At Risk
C01930,586,1,430.35,1,Low Value
C01932,3,3,867.4100000000001,3,At Risk
C01934,589,1,255.96,1,Low Value
C01936,46,3,768.3900000000001,3,At Risk
C01937,91,5,1999.1399999999999,3,At Risk
C01938,82,15,9409.99,2,Loyal Customers
C01939,55,3,574.2,3,At Risk
C01940,12,4,1373.02,3,At Risk
C01941,435,2,169.04,1,Low Value
C01943,160,1,136.45,3,At Risk
C01944,590,1,739.74,1,Low Value
C01945,15,7,1500.33,0,Potential Loyalists
C01946,299,6,3518.1,0,Potential Loyalists
C01947,26,1,195.14,3,At Risk
C01949,56,6,4053.3100000000004,0,Potential Loyalists
C01950,218,2,433.83000000000004,3,At Risk
C01951,88,7,1689.99,0,Potential Loyalists
C01952,19,5,2099.08,0,Potential Loyalists
C01953,52,2,391.14,3,At Risk
C01954,35,19,8687.65,2,Loyal Customers
C01955,132,7,894.5799999999999,3,At Risk
C01956,46,6,5252.23,0,Potential Loyalists
C01957,185,5,458.63,3,At Risk
C01958,555,3,939.95,1,Low Value
C01959,80,18,5852.39,2,Loyal Customers
C01960,3,5,1077.45,3,At Risk
C01961,171,2,215.64,3,At Risk
C01964,3,3,662.75,3,At Risk
C01965,299,5,886.24,3,At Risk
C01966,93,5,3726.12,0,Potential Loyalists
C01968,13,14,5244.84,2,Loyal Customers
C01969,82,6,2816.25,0,Potential Loyalists
C01970,46,4,2448.6499999999996,0,Potential Loyalists
C01971,315,3,1251.12,1,Low Value
C01972,295,5,4825.14,0,Potential Loyalists
C01973,6,4,1193.17,3,At Risk
C01974,262,1,72.19,3,At Risk
C01975,418,1,31.03,1,Low Value
C01976,326,4,1865.9299999999998,1,Low Value
C01978,14,38,15065.1,4,VIP Customers
C01979,693,1,3960.6,1,Low Value
C01980,77,2,169.51999999999998,3,At Risk
C01981,706,1,82.51,1,Low Value
C01982,39,5,1752.37,3,At Risk
C01983,399,2,239.86,1,Low Value
C01985,63,6,7629.12,2,Loyal Customers
C01987,95,5,1255.81,3,At Risk
C01988,89,6,3817.5299999999997,0,Potential Loyalists
C01989,29,14,4780.11,2,Loyal Customers
C01990,21,13,3248.42,0,Potential Loyalists
C01991,19,9,2817.87,0,Potential Loyalists
C01992,342,2,134.2,1,Low Value
C01993,39,6,3001.67,0,Potential Loyalists
C01994,5,9,1675.54,0,Potential Loyalists
C01995,91,7,1917.1,0,Potential Loyalists
C01996,430,1,59.04,1,Low Value
C01997,33,3,211.54000000000002,3,At Risk
C01998,373,3,1000.2,1,Low Value
C01999,207,3,1810.1100000000001,3,At Risk
C02000,133,2,2637.84,3,At Risk
C02001,364,1,250.2,1,Low Value
C02002,72,3,1637.0000000000002,3,At Risk
C02003,9,37,14219.71,4,VIP Customers
C02004,439,3,2510.22,1,Low Value
C02005,592,1,304.78,1,Low Value
C02008,68,6,3955.63,0,Potential Loyalists
C02009,20,3,1132.35,3,At Risk
C02011,67,9,5148.08,0,Potential Loyalists
C02012,176,6,1026.04,3,At Risk
C02013,604,1,807.34,1,Low Value
C02014,572,1,369.05,1,Low Value
C02015,20,17,8348.87,2,Loyal Customers
C02018,488,1,35.05,1,Low Value
C02019,189,7,3362.83,0,Potential Loyalists
C02020,69,7,2790.87,0,Potential Loyalists
C02021,299,8,1407.24,3,At Risk
C02022,24,10,2575.09,0,Potential Loyalists
C02023,12,17,6787.16,2,Loyal Customers
C02024,62,3,1808.94,3,At Risk
C02027,158,6,1290.33,3,At Risk
C02028,231,5,1632.4399999999998,3,At Risk
C02031,243,7,3436.17,0,Potential Loyalists
C02032,345,1,312.95,1,Low Value
C02033,284,1,162.43,3,At Risk
C02034,57,8,6407.04,2,Loyal Customers
C02035,64,6,2465.82,0,Potential Loyalists
C02037,264,1,409.81,3,At Risk
C02040,116,5,940.01,3,At Risk
C02041,122,4,997.01,3,At Risk
C02042,56,1,1862.21,3,At Risk
C02044,323,1,455.62,1,Low Value
C02045,18,28,9570.12,4,VIP Customers
C02046,82,4,2805.84,0,Potential Loyalists
C02047,296,4,909.28,3,At Risk
C02048,82,16,4015.15,2,Loyal Customers
C02049,270,2,372.47,3,At Risk
C02050,10,14,3412.4,2,Loyal Customers
C02051,63,2,1692.8,3,At Risk
C02052,66,3,227.97,3,At Risk
C02054,139,8,3443.33,0,Potential Loyalists
C02055,557,1,92.69,1,Low Value
C02056,72,5,3468.64,0,Potential Loyalists
C02058,4,16,4717.75,2,Loyal Customers
C02059,179,3,1701.7800000000002,3,At Risk
C02060,517,2,322.47,1,Low Value
C02061,160,4,622.09,3,At Risk
C02062,516,3,1557.6599999999999,1,Low Value
C02063,188,5,2396.9700000000003,3,At Risk
C02064,127,11,3121.72,0,Potential Loyalists
C02066,1,12,6707.33,2,Loyal Customers
C02067,31,4,3331.88,0,Potential Loyalists
C02068,160,7,2832.52,0,Potential Loyalists
C02069,25,3,493.53,3,At Risk
C02070,31,3,832.4599999999999,3,At Risk
C02071,68,16,6915.59,2,Loyal Customers
C02072,490,1,67.98,1,Low Value
C02073,22,4,844.6899999999999,3,At Risk
C02075,643,1,184.71,1,Low Value
C02076,15,5,962.02,3,At Risk
C02077,154,8,2018.3899999999999,0,Potential Loyalists
C02078,9,4,1945.32,3,At Risk
C02079,328,2,381.56,1,Low Value
C02080,114,2,676.49,3,At Risk
C02081,488,1,646.81,1,Low Value
C02082,131,3,777.39,3,At Risk
C02083,74,6,4190.26,0,Potential Loyalists
C02084,39,9,3164.19,0,Potential Loyalists
C02086,31,12,3444.22,0,Potential Loyalists
C02087,323,6,838.14,1,Low Value
C02088,2,8,3510.3,0,Potential Loyalists
C02090,45,5,1207.39,3,At Risk
C02091,54,1,430.35,3,At Risk
C02092,334,5,3084.67,1,Low Value
C02094,50,4,497.15,3,At Risk
C02096,159,3,1258.04,3,At Risk
C02097,497,2,263.22,1,Low Value
C02098,30,7,2965.9300000000003,0,Potential Loyalists
C02100,15,4,561.09,3,At Risk
C02102,20,10,4640.05,0,Potential Loyalists
C02103,5,13,4448.66,2,Loyal Customers
C02105,347,3,3852.94,1,Low Value
C02107,47,15,5718.98,2,Loyal Customers
C02108,687,1,114.9,1,Low Value
C02110,286,3,2375.27,3,At Risk
C02112,411,1,112.34,1,Low Value
C02113,36,2,334.16999999999996,3,At Risk
C02114,144,4,796.82,3,At Risk
C02115,321,4,2100.9700000000003,1,Low Value
C02116,227,2,351.25,3,At Risk
C02117,85,2,1084.88,3,At Risk
C02119,2,7,1269.99,0,Potential Loyalists
C02120,32,2,372.25,3,At Risk
C02121,59,5,1129.6599999999999,3,At Risk
C02122,137,1,741.0,3,At Risk
C02124,139,3,1794.76,3,At Risk
C02126,6,6,1017.81,3,At Risk
C02127,122,7,2105.4,0,Potential Loyalists
C02129,644,1,1126.91,1,Low Value
C02130,111,2,87.44,3,At Risk
C02131,228,4,1976.98,3,At Risk
C02133,15,2,923.4200000000001,3,At Risk
C02134,627,1,521.82,1,Low Value
C02136,155,8,2776.6600000000003,0,Potential Loyalists
C02137,41,13,6236.639999999999,2,Loyal Customers
C02138,91,10,4462.900000000001,0,Potential Loyalists
C02140,244,2,156.42,3,At Risk
C02141,284,2,304.33000000000004,3,At Risk
C02143,13,12,4571.16,2,Loyal Customers
C02144,64,6,3650.24,0,Potential Loyalists
C02145,15,7,2034.75,0,Potential Loyalists
C02148,25,7,3601.71,0,Potential Loyalists
C02149,25,6,1127.92,3,At Risk
C02150,32,11,8594.130000000001,2,Loyal Customers
C02151,507,2,705.01,1,Low Value
C02152,156,5,1943.01,3,At Risk
C02153,156,4,1750.3,3,At Risk
C02155,243,2,535.1,3,At Risk
C02156,23,4,2182.47,0,Potential Loyalists
C02157,359,1,1291.85,1,Low Value
C02158,281,2,359.58,3,At Risk
C02159,352,3,4639.98,1,Low Value
C02160,1,8,2405.94,0,Potential Loyalists
C02161,37,12,4104.139999999999,2,Loyal Customers
C02162,387,3,2343.79,1,Low Value
C02163,308,2,118.28,1,Low Value
C02164,58,20,7280.71,2,Loyal Customers
C02165,29,19,5500.71,2,Loyal Customers
C02167,96,8,5247.650000000001,0,Potential Loyalists
C02170,226,2,906.99,3,At Risk
C02172,139,6,3193.73,0,Potential Loyalists
C02173,39,5,1605.75,3,At Risk
C02174,122,18,9138.529999999999,2,Loyal Customers
C02175,51,7,2486.85,0,Potential Loyalists
C02176,105,4,756.46,3,At Risk
C02177,16,8,3652.73,0,Potential Loyalists
C02178,19,43,14319.12,4,VIP Customers
C02179,75,4,850.1,3,At Risk
C02180,67,14,8220.34,2,Loyal Customers
C02181,5,18,5179.62,2,Loyal Customers
C02183,35,10,5094.18,2,Loyal Customers
C02184,172,8,2166.35,0,Potential Loyalists
C02185,63,24,6859.71,2,Loyal Customers
C02186,273,1,529.95,3,At Risk
C02187,27,5,1109.58,3,At Risk
C02188,57,12,3582.23,0,Potential Loyalists
C02189,42,2,1006.8399999999999,3,At Risk
C02190,42,6,1892.81,0,Potential Loyalists
C02191,55,2,519.59,3,At Risk
C02192,139,3,490.62,3,At Risk
C02193,34,3,219.76,3,At Risk
C02194,122,4,1864.02,3,At Risk
C02195,7,3,2223.09,3,At Risk
C02196,60,2,1625.96,3,At Risk
C02197,283,1,2113.88,3,At Risk
C02198,13,2,865.01,3,At Risk
C02200,54,3,2310.73,3,At Risk
C02201,356,4,787.6,1,Low Value
C02202,94,9,3689.07,0,Potential Loyalists
C02203,419,1,403.66,1,Low Value
C02204,140,1,151.57,3,At Risk
C02205,42,2,1317.05,3,At Risk
C02206,478,1,215.69,1,Low Value
C02207,99,11,3907.5,0,Potential Loyalists
C02208,139,7,2613.87,0,Potential Loyalists
C02209,39,1,285.93,3,At Risk
C02210,107,4,1637.62,3,At Risk
C02211,270,3,442.82,3,At Risk
C02212,270,2,3174.9,3,At Risk
C02214,494,1,60.44,1,Low Value
C02215,129,3,1340.58,3,At Risk
C02216,183,4,1829.04,3,At Risk
C02218,313,7,730.53,3,At Risk
C02220,394,2,102.14999999999999,1,Low Value
C02221,177,1,84.98,3,At Risk
C02222,210,5,2457.0099999999998,3,At Risk
C02223,15,20,5463.23,2,Loyal Customers
C02226,46,2,1513.06,3,At Risk
C02228,13,2,1313.25,3,At Risk
C02229,57,10,3768.98,0,Potential Loyalists
C02230,14,16,4589.02,2,Loyal Customers
C02231,454,1,175.34,1,Low Value
C02232,502,1,573.31,1,Low Value
C02233,257,4,1524.29,3,At Risk
C02234,177,3,1212.62,3,At Risk
C02235,58,2,735.92,3,At Risk
C02236,704,1,960.67,1,Low Value
C02237,120,2,185.06,3,At Risk
C02238,255,2,278.48,3,At Risk
C02239,43,9,2870.6,0,Potential Loyalists
C02240,69,4,1049.5,3,At Risk
C02241,513,1,162.43,1,Low Value
C02243,70,8,2077.86,0,Potential Loyalists
C02244,254,5,1049.5900000000001,3,At Risk
C02245,51,11,5202.02,2,Loyal Customers
C02247,19,5,1319.9099999999999,3,At Risk
C02248,25,6,3919.8799999999997,0,Potential Loyalists
C02249,68,7,2282.19,0,Potential Loyalists
C02250,65,2,904.96,3,At Risk
C02251,171,2,915.19,3,At Risk
C02252,17,3,1128.62,3,At Risk
C02253,204,10,3472.37,0,Potential Loyalists
C02254,63,16,6387.88,2,Loyal Customers
C02255,12,27,9888.31,4,VIP Customers
C02256,19,16,7132.88,2,Loyal Customers
C02258,476,1,212.74,1,Low Value
C02260,126,2,647.09,3,At Risk
C02261,128,7,2989.79,0,Potential Loyalists
C02262,89,9,3806.22,0,Potential Loyalists
C02264,113,4,3868.4300000000003,0,Potential Loyalists
C02265,178,11,2610.12,0,Potential Loyalists
C02266,82,2,508.33000000000004,3,At Risk
C02268,208,5,1214.81,3,At Risk
C02269,104,4,3267.4799999999996,0,Potential Loyalists
C02270,29,7,4241.24,0,Potential Loyalists
C02271,448,2,163.4,1,Low Value
C02273,19,25,7947.81,4,VIP Customers
C02274,37,5,1867.07,0,Potential Loyalists
C02275,171,3,292.41,3,At Risk
C02276,16,11,5707.160000000001,2,Loyal Customers
C02277,168,1,14.27,3,At Risk
C02278,216,1,71.06,3,At Risk
C02279,12,11,2786.46,0,Potential Loyalists
C02280,14,3,758.72,3,At Risk
C02281,7,9,1664.16,0,Potential Loyalists
C02282,544,1,52.02,1,Low Value
C02283,323,1,31.9,1,Low Value
C02284,10,5,2160.95,0,Potential Loyalists
C02285,27,1,80.73,3,At Risk
C02286,20,5,2397.26,0,Potential Loyalists
C02287,124,2,575.17,3,At Risk
C02288,7,15,4561.22,2,Loyal Customers
C02289,44,6,4924.93,0,Potential Loyalists
C02291,129,4,1242.3,3,At Risk
C02292,140,2,547.16,3,At Risk
C02293,340,5,2523.29,1,Low Value
C02294,29,12,4390.849999999999,2,Loyal Customers
C02295,137,6,1899.4499999999998,3,At Risk
C02296,286,2,1631.5700000000002,3,At Risk
C02297,9,3,194.05,3,At Risk
C02299,170,1,146.08,3,At Risk
C02300,25,4,1941.35,3,At Risk
C02301,310,1,622.01,1,Low Value
C02304,118,7,2350.34,0,Potential Loyalists
C02305,7,5,1019.9499999999999,3,At Risk
C02306,158,5,1601.72,3,At Risk
C02307,19,2,629.49,3,At Risk
C02308,16,2,171.13,3,At Risk
C02309,20,5,1188.38,3,At Risk
C02310,25,6,956.48,3,At Risk
C02311,197,2,139.8,3,At Risk
C02312,75,19,4727.3,2,Loyal Customers
C02313,63,14,5256.21,2,Loyal Customers
C02314,51,8,2931.44,0,Potential Loyalists
C02315,17,13,3334.1400000000003,0,Potential Loyalists
C02316,80,3,729.24,3,At Risk
C02317,166,2,1642.81,3,At Risk
C02318,279,6,1456.02,3,At Risk
C02319,28,11,3092.08,0,Potential Loyalists
C02320,17,14,3700.27,2,Loyal Customers
C02321,126,1,121.7,3,At Risk
C02322,29,26,8507.460000000001,4,VIP Customers
C02323,51,2,158.86,3,At Risk
C02324,53,12,2786.64,0,Potential Loyalists
C02325,270,4,1577.8999999999999,3,At Risk
C02326,47,8,1375.6000000000001,0,Potential Loyalists
C02327,417,3,1401.65,1,Low Value
C02328,123,4,515.7,3,At Risk
C02329,34,14,8058.93,2,Loyal Customers
C02330,368,2,1573.04,1,Low Value
C02331,80,11,2805.16,0,Potential Loyalists
C02332,56,3,2077.09,3,At Risk
C02333,39,9,3926.63,0,Potential Loyalists
C02334,89,3,454.67,3,At Risk
C02335,563,1,702.75,1,Low Value
C02336,106,7,5228.639999999999,0,Potential Loyalists
C02337,71,8,2828.8,0,Potential Loyalists
C02339,19,5,1356.91,3,At Risk
C02340,64,13,6439.530000000001,2,Loyal Customers
C02341,6,9,3418.05,0,Potential Loyalists
C02342,72,1,83.16,3,At Risk
C02343,36,19,7246.48,2,Loyal Customers
C02344,45,4,4331.28,0,Potential Loyalists
C02345,60,3,1629.39,3,At Risk
C02348,30,6,4388.51,0,Potential Loyalists
C02351,4,8,1663.32,0,Potential Loyalists
C02352,59,3,726.69,3,At Risk
C02353,15,14,7086.84,2,Loyal Customers
C02354,150,7,1791.23,0,Potential Loyalists
C02356,23,16,4719.45,2,Loyal Customers
C02357,110,1,1125.59,3,At Risk
C02358,245,2,311.57,3,At Risk
C02359,480,2,394.36,1,Low Value
C02361,56,19,8595.1,2,Loyal Customers
C02362,176,2,217.48000000000002,3,At Risk
C02364,23,22,12648.99,4,VIP Customers
C02365,465,2,568.77,1,Low Value
C02366,42,5,1951.81,0,Potential Loyalists
C02367,87,3,1958.98,3,At Risk
C02368,47,9,2561.55,0,Potential Loyalists
C02369,508,1,302.84,1,Low Value
C02370,339,4,2580.53,1,Low Value
C02371,20,4,449.92,3,At Risk
C02372,53,2,1747.9699999999998,3,At Risk
C02373,71,6,2093.9300000000003,0,Potential Loyalists
C02374,14,2,899.01,3,At Risk
C02375,154,1,761.22,3,At Risk
C02377,31,3,621.22,3,At Risk
C02378,196,10,3181.41,0,Potential Loyalists
C02379,639,1,102.59,1,Low Value
C02380,80,3,2735.99,3,At Risk
C02381,62,3,1916.18,3,At Risk
C02382,32,6,1925.3500000000001,0,Potential Loyalists
C02384,329,4,1854.1399999999999,1,Low Value
C02385,24,5,1208.26,3,At Risk
C02386,14,8,2623.06,0,Potential Loyalists
C02387,59,4,2164.41,3,At Risk
C02388,62,7,2325.75,0,Potential Loyalists
C02389,1,5,1030.82,3,At Risk
C02390,35,19,4814.38,2,Loyal Customers
C02391,676,2,1450.22,1,Low Value
C02392,315,1,644.98,1,Low Value
C02393,50,13,4556.78,2,Loyal Customers
C02397,113,8,1728.34,0,Potential Loyalists
C02399,6,7,2938.26,0,Potential Loyalists
C02400,350,2,785.66,1,Low Value
C02402,215,3,1573.32,3,At Risk
C02404,15,5,2895.98,0,Potential Loyalists
C02405,7,3,801.13,3,At Risk
C02406,43,5,999.4100000000001,3,At Risk
C02408,226,6,1278.58,3,At Risk
C02409,12,11,3991.79,0,Potential Loyalists
C02410,70,3,1381.6599999999999,3,At Risk
C02411,95,10,2877.27,0,Potential Loyalists
C02413,4,7,5473.92,0,Potential Loyalists
C02414,570,2,395.59000000000003,1,Low Value
C02415,196,1,132.72,3,At Risk
C02416,8,6,4530.9,0,Potential Loyalists
C02417,35,10,2674.47,0,Potential Loyalists
C02418,65,8,2196.51,0,Potential Loyalists
C02419,87,1,657.9,3,At Risk
C02421,174,7,1111.51,3,At Risk
C02422,29,15,6476.59,2,Loyal Customers
C02423,30,3,1753.54,3,At Risk
C02424,42,9,4356.240000000001,0,Potential Loyalists
C02425,299,2,447.25,3,At Risk
C02426,44,9,1646.35,0,Potential Loyalists
C02427,35,7,2433.69,0,Potential Loyalists
C02428,59,3,1013.99,3,At Risk
C02429,175,2,934.8700000000001,3,At Risk
C02430,146,5,864.01,3,At Risk
C02431,212,2,705.95,3,At Risk
C02432,237,7,1934.1799999999998,3,At Risk
C02433,50,5,3516.73,0,Potential Loyalists
C02435,43,11,5452.84,2,Loyal Customers
C02437,3,14,4343.24,2,Loyal Customers
C02438,118,5,1512.52,3,At Risk
C02439,16,7,624.6600000000001,3,At Risk
C02440,556,1,109.94,1,Low Value
C02441,196,1,1217.52,3,At Risk
C02442,161,3,1432.06,3,At Risk
C02443,196,8,2503.81,0,Potential Loyalists
C02444,120,7,3963.96,0,Potential Loyalists
C02445,52,8,2366.79,0,Potential Loyalists
C02446,172,2,667.97,3,At Risk
C02447,161,3,611.16,3,At Risk
C02448,91,8,1288.45,0,Potential Loyalists
C02449,670,2,315.5,1,Low Value
C02451,172,7,5171.9400000000005,0,Potential Loyalists
C02452,244,2,565.04,3,At Risk
C02453,601,2,918.42,1,Low Value
C02454,25,10,2954.38,0,Potential Loyalists
C02455,466,1,195.14,1,Low Value
C02456,28,7,1003.32,0,Potential Loyalists
C02457,60,13,5936.27,2,Loyal Customers
C02458,26,2,2134.54,3,At Risk
C02459,197,5,806.45,3,At Risk
C02460,543,1,83.9,1,Low Value
C02461,407,5,2552.97,1,Low Value
C02463,205,5,1898.35,3,At Risk
C02464,43,19,6685.37,2,Loyal Customers
C02465,220,5,1535.1100000000001,3,At Risk
C02466,146,9,2801.1,0,Potential Loyalists
C02467,150,4,871.13,3,At Risk
C02468,127,1,175.34,3,At Risk
C02469,239,5,2743.0299999999997,3,At Risk
C02470,18,1,151.68,3,At Risk
C02471,197,3,2002.3400000000001,3,At Risk
C02473,196,5,3283.96,0,Potential Loyalists
C02474,115,2,356.12,3,At Risk
C02475,196,4,468.09,3,At Risk
C02476,90,2,1191.98,3,At Risk
C02477,444,2,705.8,1,Low Value
C02479,28,4,672.0799999999999,3,At Risk
C02481,227,3,1385.34,3,At Risk
C02482,359,1,1003.11,1,Low Value
C02483,55,2,541.38,3,At Risk
C02484,66,2,280.59000000000003,3,At Risk
C02485,4,22,13240.119999999999,4,VIP Customers
C02486,418,1,338.52,1,Low Value
C02487,331,1,595.06,1,Low Value
C02488,675,2,2046.08,1,Low Value
C02489,29,15,6047.82,2,Loyal Customers
C02491,2,8,3998.8199999999997,0,Potential Loyalists
C02492,32,8,4136.51,0,Potential Loyalists
C02493,258,1,32.68,3,At Risk
C02494,114,10,1698.01,0,Potential Loyalists
C02495,224,3,970.86,3,At Risk
C02496,552,2,287.06,1,Low Value
C02497,35,13,7555.96,2,Loyal Customers
C02498,34,5,2889.32,0,Potential Loyalists
C02499,4,7,1524.33,0,Potential Loyalists
C02500,145,2,414.73,3,At Risk
C02501,200,4,689.15,3,At Risk
C02502,55,10,5280.87,2,Loyal Customers
C02504,40,7,1693.3,0,Potential Loyalists
C02505,17,8,2882.64,0,Potential Loyalists
C02506,340,1,350.32,1,Low Value
C02507,56,5,2700.82,0,Potential Loyalists
C02509,239,2,891.6099999999999,3,At Risk
C02510,75,4,2017.8700000000001,3,At Risk
C02511,46,11,5535.75,2,Loyal Customers
C02513,104,6,2668.2400000000002,0,Potential Loyalists
C02514,6,4,1275.6799999999998,3,At Risk
C02515,198,6,3015.5699999999997,0,Potential Loyalists
C02516,122,7,2544.2200000000003,0,Potential Loyalists
C02517,304,5,1556.0,3,At Risk
C02518,180,9,4940.85,0,Potential Loyalists
C02519,80,15,5155.95,2,Loyal Customers
C02521,374,1,115.73,1,Low Value
C02522,196,8,3544.98,0,Potential Loyalists
C02523,190,3,826.57,3,At Risk
C02525,48,6,1806.41,0,Potential Loyalists
C02526,467,5,1028.5700000000002,1,Low Value
C02527,146,2,442.07,3,At Risk
C02528,152,5,2886.59,0,Potential Loyalists
C02529,235,3,493.43,3,At Risk
C02532,54,12,6260.39,2,Loyal Customers
C02533,30,13,5028.889999999999,2,Loyal Customers
C02534,41,6,2388.9,0,Potential Loyalists
C02535,374,1,54.92,1,Low Value
C02536,136,16,7811.12,2,Loyal Customers
C02537,107,8,1623.09,0,Potential Loyalists
C02538,195,7,1901.63,0,Potential Loyalists
C02539,92,6,1387.75,3,At Risk
C02540,421,3,854.78,1,Low Value
C02541,107,2,519.63,3,At Risk
C02543,666,1,171.98,1,Low Value
C02544,191,6,3784.15,0,Potential Loyalists
C02545,224,11,2162.23,0,Potential Loyalists
C02546,81,3,1040.79,3,At Risk
C02547,340,4,555.46,1,Low Value
C02548,139,1,129.26,3,At Risk
C02550,21,4,605.2,3,At Risk
C02551,4,3,374.46,3,At Risk
C02552,333,4,896.71,1,Low Value
C02554,26,20,7202.6,2,Loyal Customers
C02556,41,8,2238.3599999999997,0,Potential Loyalists
C02557,75,5,1194.47,3,At Risk
C02559,135,6,2957.0,0,Potential Loyalists
C02560,181,6,1903.38,3,At Risk
C02561,269,2,717.3,3,At Risk
C02562,119,3,335.64,3,At Risk
C02564,164,2,914.89,3,At Risk
C02565,19,10,3207.32,0,Potential Loyalists
C02566,117,1,1126.91,3,At Risk
C02567,153,2,70.66,3,At Risk
C02568,48,18,6296.54,2,Loyal Customers
C02569,683,1,249.82,1,Low Value
C02570,71,4,1089.56,3,At Risk
C02571,60,6,3648.2599999999998,0,Potential Loyalists
C02572,99,6,1568.35,3,At Risk
C02574,380,3,507.59000000000003,1,Low Value
C02576,59,7,2954.94,0,Potential Loyalists
C02577,140,6,3059.27,0,Potential Loyalists
C02578,43,4,3414.23,0,Potential Loyalists
C02579,356,1,39.62,1,Low Value
C02580,145,2,269.49,3,At Risk
C02582,105,9,2836.03,0,Potential Loyalists
C02583,109,5,1886.31,3,At Risk
C02584,159,3,892.21,3,At Risk
C02587,154,5,774.33,3,At Risk
C02588,132,11,5587.49,2,Loyal Customers
C02589,29,15,6085.87,2,Loyal Customers
C02590,35,16,7061.33,2,Loyal Customers
C02591,21,17,9049.36,2,Loyal Customers
C02592,7,21,8250.32,2,Loyal Customers
C02593,47,4,2804.24,0,Potential Loyalists
C02594,528,1,25.53,1,Low Value
C02595,2,8,3286.81,0,Potential Loyalists
C02596,711,1,341.92,1,Low Value
C02597,438,2,4210.82,1,Low Value
C02598,453,1,368.76,1,Low Value
C02599,166,7,2984.7,0,Potential Loyalists
C02602,52,1,51.26,3,At Risk
C02603,42,10,4947.03,2,Loyal Customers
C02604,273,2,198.08,3,At Risk
C02605,54,10,3709.83,0,Potential Loyalists
C02606,49,2,326.73,3,At Risk
C02607,132,2,222.89,3,At Risk
C02608,146,4,1251.82,3,At Risk
C02609,2,10,3950.26,0,Potential Loyalists
C02610,43,6,1689.8,0,Potential Loyalists
C02611,148,6,1689.06,3,At Risk
C02612,119,3,421.06,3,At Risk
C02613,27,17,4875.22,2,Loyal Customers
C02614,166,2,1481.67,3,At Risk
C02615,546,1,1191.8,1,Low Value
C02616,197,5,922.59,3,At Risk
C02618,79,2,668.34,3,At Risk
C02619,259,1,156.14,3,At Risk
C02620,491,2,60.980000000000004,1,Low Value
C02623,1,3,981.69,3,At Risk
C02624,178,7,1801.28,0,Potential Loyalists
C02625,14,4,2741.39,0,Potential Loyalists
C02626,112,8,2577.24,0,Potential Loyalists
C02628,239,3,2315.08,3,At Risk
C02630,11,10,4491.3099999999995,0,Potential Loyalists
C02631,27,10,2955.32,0,Potential Loyalists
C02632,16,2,684.1700000000001,3,At Risk
C02633,113,4,4043.17,0,Potential Loyalists
C02634,37,14,10710.43,2,Loyal Customers
C02635,110,9,3196.3399999999997,0,Potential Loyalists
C02636,12,11,4644.41,2,Loyal Customers
C02637,495,1,905.79,1,Low Value
C02639,20,10,3483.18,0,Potential Loyalists
C02640,32,5,2145.12,0,Potential Loyalists
C02641,530,2,310.82,1,Low Value
C02642,4,1,147.23,3,At Risk
C02643,41,3,2428.67,3,At Risk
C02644,107,8,2227.09,0,Potential Loyalists
C02645,290,1,94.6,3,At Risk
C02646,17,6,1937.75,0,Potential Loyalists
C02647,103,5,1315.03,3,At Risk
C02648,151,3,142.05,3,At Risk
C02649,290,5,2031.3200000000002,3,At Risk
C02650,46,5,1655.77,3,At Risk
C02651,2,48,13841.25,4,VIP Customers
C02652,715,1,457.42,1,Low Value
C02653,65,2,857.26,3,At Risk
C02654,2,13,5977.68,2,Loyal Customers
C02655,338,10,4345.5,0,Potential Loyalists
C02656,505,1,185.65,1,Low Value
C02657,51,2,963.36,3,At Risk
C02658,158,3,1866.95,3,At Risk
C02659,102,7,2798.41,0,Potential Loyalists
C02660,65,12,7450.23,2,Loyal Customers
C02661,10,13,2610.88,0,Potential Loyalists
C02662,311,1,1183.58,1,Low Value
C02664,512,2,1236.77,1,Low Value
C02665,1,19,4782.72,2,Loyal Customers
C02666,300,5,1462.31,3,At Risk
C02667,182,3,2931.3199999999997,3,At Risk
C02668,51,1,159.39,3,At Risk
C02669,30,4,866.75,3,At Risk
C02670,110,3,1220.19,3,At Risk
C02671,183,3,874.73,3,At Risk
C02672,21,6,484.87,3,At Risk
C02673,49,3,1221.15,3,At Risk
C02674,131,6,3893.1400000000003,0,Potential Loyalists
C02675,146,7,1475.1499999999999,3,At Risk
C02676,607,2,833.6,1,Low Value
C02677,207,1,210.79,3,At Risk
C02678,2,20,13674.3,4,VIP Customers
C02679,206,4,5764.84,0,Potential Loyalists
C02680,31,12,3496.67,0,Potential Loyalists
C02681,206,1,214.99,3,At Risk
C02682,666,1,702.75,1,Low Value
C02684,195,3,1046.3899999999999,3,At Risk
C02685,170,11,4668.85,0,Potential Loyalists
C02686,334,1,350.95,1,Low Value
C02687,81,6,1020.1,3,At Risk
C02688,318,2,380.07,1,Low Value
C02690,30,16,7509.6900000000005,2,Loyal Customers
C02691,308,1,183.66,1,Low Value
C02692,558,1,78.26,1,Low Value
C02695,162,3,1178.87,3,At Risk
C02696,84,1,110.16,3,At Risk
C02697,124,7,2917.99,0,Potential Loyalists
C02698,76,8,3100.62,0,Potential Loyalists
C02699,14,2,1053.18,3,At Risk
C02701,27,7,1965.8000000000002,0,Potential Loyalists
C02703,74,6,2442.1299999999997,0,Potential Loyalists
C02704,19,7,2020.6799999999998,0,Potential Loyalists
C02705,105,2,1852.4399999999998,3,At Risk
C02706,111,12,3534.42,0,Potential Loyalists
C02707,79,7,3760.12,0,Potential Loyalists
C02708,9,9,1896.96,0,Potential Loyalists
C02709,55,1,691.68,3,At Risk
C02710,182,4,815.6500000000001,3,At Risk
C02711,50,13,3191.77,0,Potential Loyalists
C02712,85,1,87.67,3,At Risk
C02713,104,8,3257.91,0,Potential Loyalists
C02716,70,10,4566.55,0,Potential Loyalists
C02717,32,6,3411.54,0,Potential Loyalists
C02718,108,6,3147.46,0,Potential Loyalists
C02719,156,16,4671.2300000000005,2,Loyal Customers
C02722,127,11,3493.29,0,Potential Loyalists
C02724,92,6,828.87,3,At Risk
C02725,462,2,378.18,1,Low Value
C02726,100,1,30.22,3,At Risk
C02728,321,4,764.05,1,Low Value
C02729,376,5,3205.46,1,Low Value
C02730,350,7,3305.17,0,Potential Loyalists
C02731,191,3,2233.31,3,At Risk
C02732,407,2,800.88,1,Low Value
C02733,376,2,949.19,1,Low Value
C02734,118,1,248.22,3,At Risk
C02735,2,2,1346.97,3,At Risk
C02737,23,2,83.09,3,At Risk
C02738,359,1,302.84,1,Low Value
C02739,99,2,1105.3,3,At Risk
C02741,37,2,539.84,3,At Risk
C02742,30,2,861.3199999999999,3,At Risk
C02744,53,18,7591.91,2,Loyal Customers
C02746,2,12,3256.11,0,Potential Loyalists
C02748,66,8,2962.2,0,Potential Loyalists
C02750,92,4,964.59,3,At Risk
C02751,37,3,2055.5099999999998,3,At Risk
C02752,15,8,1718.02,0,Potential Loyalists
C02753,225,1,69.81,3,At Risk
C02755,31,7,1240.73,0,Potential Loyalists
C02757,127,7,2612.83,0,Potential Loyalists
C02759,24,5,1239.9299999999998,3,At Risk
C02760,613,1,289.66,1,Low Value
C02761,319,3,2336.56,1,Low Value
C02762,681,1,722.9,1,Low Value
C02763,22,8,2885.06,0,Potential Loyalists
C02764,116,6,2483.91,0,Potential Loyalists
C02765,56,15,3076.11,2,Loyal Customers
C02766,524,2,314.46000000000004,1,Low Value
C02767,50,7,2089.89,0,Potential Loyalists
C02768,398,5,377.25,1,Low Value
C02769,409,1,276.67,1,Low Value
C02770,120,9,4413.13,0,Potential Loyalists
C02771,580,2,213.94,1,Low Value
C02772,295,2,239.4,3,At Risk
C02773,3,5,3274.01,0,Potential Loyalists
C02774,40,5,873.54,3,At Risk
C02775,79,13,5611.5199999999995,2,Loyal Customers
C02776,289,3,570.8199999999999,3,At Risk
C02778,62,6,916.2099999999999,3,At Risk
C02779,182,3,995.78,3,At Risk
C02783,61,5,1243.52,3,At Risk
C02784,4,12,7513.2,2,Loyal Customers
C02785,434,1,103.14,1,Low Value
C02786,26,4,1489.6399999999999,3,At Risk
C02787,9,10,3487.02,0,Potential Loyalists
C02788,251,5,1283.38,3,At Risk
C02789,348,4,1095.35,1,Low Value
C02790,117,4,1709.4900000000002,3,At Risk
C02792,728,1,549.48,1,Low Value
C02794,376,1,208.31,1,Low Value
C02795,59,3,1411.98,3,At Risk
C02796,712,1,283.06,1,Low Value
C02797,177,1,75.73,3,At Risk
C02798,429,2,615.98,1,Low Value
C02799,35,4,2193.73,3,At Risk
C02800,33,5,5334.54,0,Potential Loyalists
C02801,381,2,117.94,1,Low Value
C02802,570,1,520.56,1,Low Value
C02803,297,2,790.94,3,At Risk
C02805,306,3,2522.83,3,At Risk
C02806,157,10,4151.28,0,Potential Loyalists
C02807,36,17,4438.01,2,Loyal Customers
C02808,140,6,3605.1800000000003,0,Potential Loyalists
C02809,125,17,9514.36,2,Loyal Customers
C02810,207,3,1427.32,3,At Risk
C02812,1,27,10316.3,4,VIP Customers
C02814,115,5,2480.69,0,Potential Loyalists
C02815,569,1,266.8,1,Low Value
C02816,221,1,700.07,3,At Risk
C02817,146,4,1699.3400000000001,3,At Risk
C02818,100,7,859.27,3,At Risk
C02819,98,3,1553.28,3,At Risk
C02820,241,1,229.31,3,At Risk
C02821,265,2,833.74,3,At Risk
C02822,54,14,6227.2300000000005,2,Loyal Customers
C02823,6,11,6163.43,2,Loyal Customers
C02824,33,2,223.92000000000002,3,At Risk
C02825,212,3,476.34,3,At Risk
C02826,97,6,1163.96,3,At Risk
C02827,526,1,193.52,1,Low Value
C02828,274,1,295.56,3,At Risk
C02829,20,4,2435.14,0,Potential Loyalists
C02830,42,11,4248.48,0,Potential Loyalists
C02831,617,2,472.94,1,Low Value
C02832,288,3,1203.0300000000002,3,At Risk
C02833,134,4,944.3000000000001,3,At Risk
C02835,522,1,172.81,1,Low Value
C02836,69,5,6228.799999999999,0,Potential Loyalists
C02837,480,4,3395.34,1,Low Value
C02840,30,11,4725.8,2,Loyal Customers
C02841,107,16,8111.3,2,Loyal Customers
C02842,69,1,621.35,3,At Risk
C02843,94,1,81.37,3,At Risk
C02845,161,3,1385.44,3,At Risk
C02846,59,9,2240.35,0,Potential Loyalists
C02847,643,1,1862.21,1,Low Value
C02848,154,3,808.97,3,At Risk
C02849,66,6,2192.84,0,Potential Loyalists
C02850,1,13,2614.71,0,Potential Loyalists
C02851,608,1,391.32,1,Low Value
C02852,162,1,272.7,3,At Risk
C02854,175,5,1513.47,3,At Risk
C02855,148,9,5006.870000000001,0,Potential Loyalists
C02856,205,3,3605.91,3,At Risk
C02859,712,1,449.08,1,Low Value
C02860,28,3,825.16,3,At Risk
C02861,153,1,55.52,3,At Risk
C02863,32,6,863.6,3,At Risk
C02864,484,4,1885.59,1,Low Value
C02867,102,6,1775.29,0,Potential Loyalists
C02868,307,3,487.13,1,Low Value
C02869,5,8,3112.04,0,Potential Loyalists
C02870,83,4,2268.67,3,At Risk
C02871,25,15,3406.56,2,Loyal Customers
C02872,73,9,2662.31,0,Potential Loyalists
C02873,160,6,2071.08,0,Potential Loyalists
C02874,278,13,9459.23,2,Loyal Customers
C02875,89,5,2165.29,0,Potential Loyalists
C02876,340,3,916.39,1,Low Value
C02878,103,4,1036.54,3,At Risk
C02879,191,8,2523.8,0,Potential Loyalists
C02880,8,4,545.62,3,At Risk
C02881,282,2,496.02,3,At Risk
C02882,126,2,1307.8799999999999,3,At Risk
C02884,8,9,3060.37,0,Potential Loyalists
C02886,20,10,3226.29,0,Potential Loyalists
C02887,13,4,635.26,3,At Risk
C02888,127,1,17.65,3,At Risk
C02889,245,7,2385.5,0,Potential Loyalists
C02890,202,4,3621.04,0,Potential Loyalists
C02891,675,1,285.07,1,Low Value
C02892,78,3,1093.42,3,At Risk
C02894,6,19,6912.08,2,Loyal Customers
C02895,97,6,1211.88,3,At Risk
C02896,168,1,206.33,3,At Risk
C02897,113,7,2247.63,0,Potential Loyalists
C02899,140,6,3509.0899999999997,0,Potential Loyalists
C02900,2,7,3013.68,0,Potential Loyalists
C02901,25,6,1603.71,0,Potential Loyalists
C02902,20,4,310.90999999999997,3,At Risk
C02903,98,2,148.29,3,At Risk
C02905,107,4,769.48,3,At Risk
C02906,161,3,603.1500000000001,3,At Risk
C02907,457,2,1228.6999999999998,1,Low Value
C02908,39,18,8184.05,2,Loyal Customers
C02909,117,3,1048.35,3,At Risk
C02911,468,1,14.27,1,Low Value
C02912,301,2,201.97,1,Low Value
C02914,550,2,148.26,1,Low Value
C02915,244,4,2450.63,3,At Risk
C02917,498,2,835.95,1,Low Value
C02918,31,1,183.66,3,At Risk
C02919,17,4,2056.06,3,At Risk
C02920,142,1,595.9,3,At Risk
C02921,28,7,1520.22,0,Potential Loyalists
C02922,106,15,4197.28,2,Loyal Customers
C02924,46,8,4301.96,0,Potential Loyalists
C02925,133,10,7338.71,2,Loyal Customers
C02926,564,1,1908.07,1,Low Value
C02927,226,3,837.26,3,At Risk
C02928,120,6,849.72,3,At Risk
C02929,526,1,1879.01,1,Low Value
C02930,23,12,7238.63,2,Loyal Customers
C02931,676,1,156.11,1,Low Value
C02932,319,1,138.37,1,Low Value
C02933,328,2,542.88,1,Low Value
C02934,572,2,176.32,1,Low Value
C02936,139,2,1926.52,3,At Risk
C02938,131,2,180.89,3,At Risk
C02939,94,11,2753.81,0,Potential Loyalists
C02940,439,1,134.34,1,Low Value
C02941,4,3,520.44,3,At Risk
C02943,10,11,2978.0,0,Potential Loyalists
C02944,52,11,6192.16,2,Loyal Customers
C02945,24,5,3806.7200000000003,0,Potential Loyalists
C02947,58,11,3389.38,0,Potential Loyalists
C02948,682,1,644.98,1,Low Value
C02949,194,4,4038.7400000000002,0,Potential Loyalists
C02950,55,7,3218.83,0,Potential Loyalists
C02951,413,1,119.99,1,Low Value
C02952,44,5,1755.0,3,At Risk
C02953,123,11,3089.67,0,Potential Loyalists
C02954,26,13,4552.99,2,Loyal Customers
C02956,40,3,410.84000000000003,3,At Risk
C02958,54,8,2291.7599999999998,0,Potential Loyalists
C02959,131,1,287.01,3,At Risk
C02960,2,11,1684.31,0,Potential Loyalists
C02961,311,5,1792.76,3,At Risk
C02962,214,5,2390.79,3,At Risk
C02964,415,2,204.1,1,Low Value
C02965,24,10,3145.61,0,Potential Loyalists
C02967,222,4,1605.81,3,At Risk
C02969,132,3,736.44,3,At Risk
C02970,20,4,573.74,3,At Risk
C02971,200,1,27.12,3,At Risk
C02972,51,11,3855.2599999999998,0,Potential Loyalists
C02973,271,2,99.27000000000001,3,At Risk
C02974,68,1,76.58,3,At Risk
C02975,82,7,2422.66,0,Potential Loyalists
C02977,101,2,166.56,3,At Risk
C02978,209,3,366.08,3,At Risk
C02979,46,4,1287.62,3,At Risk
C02980,35,5,751.3100000000001,3,At Risk
C02981,117,5,2299.22,0,Potential Loyalists
C02982,200,5,2852.46,0,Potential Loyalists
C02983,70,13,6176.849999999999,2,Loyal Customers
C02985,419,1,52.02,1,Low Value
C02986,10,3,268.99,3,At Risk
C02987,459,1,646.81,1,Low Value
C02988,581,3,1167.77,1,Low Value
C02989,360,3,986.14,1,Low Value
C02990,223,4,1032.08,3,At Risk
C02991,227,1,183.16,3,At Risk
C02993,8,2,1193.97,3,At Risk
C02994,53,6,1265.0500000000002,3,At Risk
C02995,4,7,1971.33,0,Potential Loyalists
C02997,31,7,1950.96,0,Potential Loyalists
C02998,377,2,759.86,1,Low Value
C02999,21,3,1039.26,3,At Risk
C03000,126,1,141.16,3,At Risk
C03001,341,3,775.3499999999999,1,Low Value
C03002,72,6,2582.72,0,Potential Loyalists
C03003,126,14,6186.01,2,Loyal Customers
C03005,26,13,5446.56,2,Loyal Customers
C03007,5,5,1433.26,3,At Risk
C03008,18,8,2744.46,0,Potential Loyalists
C03009,527,1,440.78,1,Low Value
C03010,129,9,4816.24,0,Potential Loyalists
C03012,709,1,324.85,1,Low Value
C03013,4,9,4499.7,0,Potential Loyalists
C03014,126,11,5180.18,2,Loyal Customers
C03015,94,11,7704.68,2,Loyal Customers
C03016,116,3,789.02,3,At Risk
C03017,320,3,1382.6599999999999,1,Low Value
C03018,22,4,1852.34,3,At Risk
C03019,9,20,11142.93,4,VIP Customers
C03020,245,1,197.8,3,At Risk
C03021,38,2,393.19,3,At Risk
C03022,238,4,2026.12,3,At Risk
C03023,274,3,477.75,3,At Risk
C03024,337,2,410.14,1,Low Value
C03025,8,19,5242.58,2,Loyal Customers
C03026,18,2,140.03,3,At Risk
C03027,3,23,8078.23,4,VIP Customers
C03029,33,2,731.97,3,At Risk
C03030,81,9,2683.71,0,Potential Loyalists
C03031,306,5,653.04,3,At Risk
C03032,194,9,4410.27,0,Potential Loyalists
C03035,211,1,172.92,3,At Risk
C03037,29,19,6443.77,2,Loyal Customers
C03038,120,1,146.93,3,At Risk
C03039,232,2,908.45,3,At Risk
C03041,16,6,1753.54,0,Potential Loyalists
C03042,438,1,449.08,1,Low Value
C03043,313,1,307.54,1,Low Value
C03044,128,2,1158.6,3,At Risk
C03045,175,4,937.23,3,At Risk
C03046,109,20,12751.08,4,VIP Customers
C03047,95,2,1153.87,3,At Risk
C03048,1,6,3916.56,0,Potential Loyalists
C03049,38,25,9181.13,4,VIP Customers
C03050,34,6,3173.44,0,Potential Loyalists
C03051,42,21,6753.95,2,Loyal Customers
C03052,21,15,6550.82,2,Loyal Customers
C03053,409,1,96.55,1,Low Value
C03054,52,6,2201.39,0,Potential Loyalists
C03056,141,5,1712.29,3,At Risk
C03057,625,6,2708.93,1,Low Value
C03058,104,2,209.44,3,At Risk
C03059,119,7,1313.86,3,At Risk
C03060,254,6,1917.31,3,At Risk
C03061,687,1,152.87,1,Low Value
C03062,15,6,2004.1100000000001,0,Potential Loyalists
C03063,204,1,78.96,3,At Risk
C03064,18,3,1471.6699999999998,3,At Risk
C03065,6,12,5880.83,2,Loyal Customers
C03066,326,5,1226.8899999999999,1,Low Value
C03067,123,3,722.6,3,At Risk
C03068,102,3,1647.1,3,At Risk
C03069,478,1,132.6,1,Low Value
C03070,98,9,1971.3700000000001,0,Potential Loyalists
C03071,3,5,1229.65,3,At Risk
C03072,412,8,1666.45,1,Low Value
C03073,645,1,174.64,1,Low Value
C03074,7,14,8964.31,2,Loyal Customers
C03076,130,4,648.88,3,At Risk
C03077,415,1,360.69,1,Low Value
C03078,389,2,884.53,1,Low Value
C03079,41,17,5391.1900000000005,2,Loyal Customers
C03081,109,2,1245.65,3,At Risk
C03082,35,5,3190.25,0,Potential Loyalists
C03083,636,3,267.99,1,Low Value
C03084,87,5,314.45,3,At Risk
C03085,272,3,634.53,3,At Risk
C03086,30,4,972.43,3,At Risk
C03087,178,7,1595.28,3,At Risk
C03088,7,8,3760.26,0,Potential Loyalists
C03089,693,1,61.2,1,Low Value
C03090,3,27,14661.03,4,VIP Customers
C03091,519,1,1339.0,1,Low Value
C03093,468,1,234.21,1,Low Value
C03094,614,1,153.77,1,Low Value
C03096,597,1,25.53,1,Low Value
C03099,479,1,287.01,1,Low Value
C03100,402,1,165.29,1,Low Value
C03101,310,1,42.86,1,Low Value
C03103,493,2,811.53,1,Low Value
C03104,42,3,504.75000000000006,3,At Risk
C03105,36,14,8502.69,2,Loyal Customers
C03106,436,5,923.3499999999999,1,Low Value
C03107,190,6,9318.58,2,Loyal Customers
C03108,162,1,215.43,3,At Risk
C03109,442,1,163.88,1,Low Value
C03111,103,9,1808.97,0,Potential Loyalists
C03112,317,1,31.03,1,Low Value
C03113,413,2,753.95,1,Low Value
C03114,438,1,411.86,1,Low Value
C03115,103,1,36.9,3,At Risk
C03116,125,15,4190.79,2,Loyal Customers
C03117,36,7,1663.29,0,Potential Loyalists
C03118,105,10,2855.75,0,Potential Loyalists
C03119,234,3,660.0600000000001,3,At Risk
C03120,76,9,3632.6,0,Potential Loyalists
C03121,8,4,997.5600000000001,3,At Risk
C03122,30,18,4526.43,2,Loyal Customers
C03124,12,6,2722.9300000000003,0,Potential Loyalists
C03125,25,4,2645.9900000000002,0,Potential Loyalists
C03126,3,3,742.6600000000001,3,At Risk
C03127,5,15,4006.2200000000003,2,Loyal Customers
C03128,51,20,8013.06,2,Loyal Customers
C03129,703,1,293.95,1,Low Value
C03130,242,2,110.84,3,At Risk
C03131,360,6,1333.42,1,Low Value
C03132,166,9,1641.02,0,Potential Loyalists
C03133,142,5,2015.5100000000002,3,At Risk
C03134,506,1,39.71,1,Low Value
C03135,52,3,1284.44,3,At Risk
C03137,191,11,5876.87,2,Loyal Customers
C03138,218,2,775.13,3,At Risk
C03139,117,5,1750.53,3,At Risk
C03140,40,8,4587.88,0,Potential Loyalists
C03142,129,2,969.61,3,At Risk
C03143,114,4,4092.71,0,Potential Loyalists
C03144,58,2,1472.9299999999998,3,At Risk
C03145,331,1,2100.21,1,Low Value
C03146,1,42,12129.87,4,VIP Customers
C03147,36,7,2221.6400000000003,0,Potential Loyalists
C03148,86,8,5313.27,0,Potential Loyalists
C03149,25,16,3326.75,2,Loyal Customers
C03150,126,1,31.91,3,At Risk
C03151,554,1,206.33,1,Low Value
C03152,454,1,585.72,1,Low Value
C03153,59,7,4384.57,0,Potential Loyalists
C03154,281,6,2434.48,3,At Risk
C03155,286,2,234.73000000000002,3,At Risk
C03156,253,2,306.0,3,At Risk
C03157,93,2,469.49,3,At Risk
C03158,176,2,486.53999999999996,3,At Risk
C03159,253,8,4390.31,0,Potential Loyalists
C03160,28,2,1321.4,3,At Risk
C03161,87,9,2112.13,0,Potential Loyalists
C03162,187,2,329.71,3,At Risk
C03163,42,6,1492.75,0,Potential Loyalists
C03164,1,17,4607.12,2,Loyal Customers
C03165,8,9,2848.55,0,Potential Loyalists
C03166,91,1,85.73,3,At Risk
C03167,60,1,285.93,3,At Risk
C03168,85,2,1299.22,3,At Risk
C03169,446,1,135.97,1,Low Value
C03170,234,8,5486.400000000001,0,Potential Loyalists
C03171,112,8,2957.35,0,Potential Loyalists
C03173,97,2,257.98,3,At Risk
C03174,357,1,91.14,1,Low Value
C03175,41,14,3908.4700000000003,2,Loyal Customers
C03176,21,7,2318.31,0,Potential Loyalists
C03177,87,5,667.27,3,At Risk
C03178,113,2,489.85,3,At Risk
C03179,4,7,1300.29,0,Potential Loyalists
C03180,195,7,3794.3900000000003,0,Potential Loyalists
C03181,12,4,657.59,3,At Risk
C03182,167,11,4561.32,0,Potential Loyalists
C03183,28,17,5438.59,2,Loyal Customers
C03184,199,6,2018.73,3,At Risk
C03185,111,6,967.78,3,At Risk
C03186,14,3,1703.23,3,At Risk
C03187,52,7,1305.33,0,Potential Loyalists
C03188,5,4,3601.92,0,Potential Loyalists
C03189,420,2,504.57,1,Low Value
C03190,470,1,1656.36,1,Low Value
C03191,32,3,1876.1000000000001,3,At Risk
C03193,691,1,967.16,1,Low Value
C03194,162,5,1401.42,3,At Risk
C03195,227,5,835.55,3,At Risk
C03196,31,5,3213.45,0,Potential Loyalists
C03197,127,2,4911.13,0,Potential Loyalists
C03198,25,16,6789.82,2,Loyal Customers
C03199,344,1,98.37,1,Low Value
C03200,15,21,7936.55,2,Loyal Customers
C03201,165,3,442.93,3,At Risk
C03202,234,6,2472.86,0,Potential Loyalists
C03204,90,7,1376.4,0,Potential Loyalists
C03205,51,11,2357.3100000000004,0,Potential Loyalists
C03206,63,10,6077.28,2,Loyal Customers
C03207,7,34,18081.78,4,VIP Customers
C03208,402,1,48.42,1,Low Value
C03209,28,4,431.16,3,At Risk
C03210,212,2,1307.06,3,At Risk
C03211,36,6,1735.62,0,Potential Loyalists
C03213,303,5,1700.58,3,At Risk
C03214,114,9,5376.55,0,Potential Loyalists
C03215,663,1,94.38,1,Low Value
C03218,88,4,881.96,3,At Risk
C03219,441,2,931.5899999999999,1,Low Value
C03220,15,13,8554.52,2,Loyal Customers
C03221,43,7,2400.6600000000003,0,Potential Loyalists
C03222,114,6,3777.2400000000002,0,Potential Loyalists
C03223,376,1,159.39,1,Low Value
C03225,12,15,8249.46,2,Loyal Customers
C03226,114,11,4958.38,2,Loyal Customers
C03227,17,21,4592.83,2,Loyal Customers
C03228,102,5,4783.46,0,Potential Loyalists
C03229,34,8,3858.46,0,Potential Loyalists
C03230,46,1,118.31,3,At Risk
C03231,107,5,1040.13,3,At Risk
C03232,123,6,944.98,3,At Risk
C03233,83,11,2497.61,0,Potential Loyalists
C03234,172,8,3239.19,0,Potential Loyalists
C03235,74,1,127.81,3,At Risk
C03236,10,19,6742.1900000000005,2,Loyal Customers
C03237,3,26,12640.91,4,VIP Customers
C03238,196,1,448.76,3,At Risk
C03239,18,11,2515.06,0,Potential Loyalists
C03240,133,2,1624.6999999999998,3,At Risk
C03241,9,8,3538.58,0,Potential Loyalists
C03242,139,2,255.17000000000002,3,At Risk
C03243,2,19,4623.1,2,Loyal Customers
C03244,383,1,105.86,1,Low Value
C03245,86,6,1336.5,3,At Risk
C03246,49,3,1166.74,3,At Risk
C03247,21,5,1265.02,3,At Risk
C03248,70,6,2540.99,0,Potential Loyalists
C03249,312,1,196.43,1,Low Value
C03250,41,9,3324.27,0,Potential Loyalists
C03251,16,17,5786.8,2,Loyal Customers
C03252,53,11,5959.75,2,Loyal Customers
C03253,50,15,5454.04,2,Loyal Customers
C03254,309,4,1025.27,3,At Risk
C03255,26,2,1684.27,3,At Risk
C03256,687,3,491.76,1,Low Value
C03258,15,11,4109.9,0,Potential Loyalists
C03259,108,2,331.22,3,At Risk
C03260,1,16,7584.089999999999,2,Loyal Customers
C03261,76,1,636.02,3,At Risk
C03262,249,6,2678.32,0,Potential Loyalists
C03263,58,1,154.45,3,At Risk
C03264,542,1,411.86,1,Low Value
C03265,242,6,5060.7,0,Potential Loyalists
C03266,146,3,1698.63,3,At Risk
C03267,43,7,2232.76,0,Potential Loyalists
C03269,195,1,331.5,3,At Risk
C03270,141,8,3463.19,0,Potential Loyalists
C03271,25,5,1447.33,3,At Risk
C03272,51,12,2990.2599999999998,0,Potential Loyalists
C03273,381,5,1757.02,1,Low Value
C03274,664,2,157.32,1,Low Value
C03276,277,2,172.21,3,At Risk
C03277,76,7,3986.33,0,Potential Loyalists
C03278,247,4,1559.05,3,At Risk
C03279,99,3,1272.16,3,At Risk
C03280,17,4,2183.51,0,Potential Loyalists
C03281,51,4,3741.6099999999997,0,Potential Loyalists
C03282,576,1,35.05,1,Low Value
C03283,330,4,679.03,1,Low Value
C03284,127,3,396.19,3,At Risk
C03285,215,2,824.8,3,At Risk
C03286,243,2,211.2,3,At Risk
C03288,26,27,13986.93,4,VIP Customers
C03289,238,9,2376.13,0,Potential Loyalists
C03290,489,2,221.54999999999998,1,Low Value
C03292,29,7,1320.4199999999998,0,Potential Loyalists
C03293,23,2,2120.1099999999997,3,At Risk
C03294,393,5,572.8299999999999,1,Low Value
C03295,61,18,4700.16,2,Loyal Customers
C03296,209,2,341.96,3,At Risk
C03297,67,2,670.22,3,At Risk
C03298,106,9,3178.48,0,Potential Loyalists
C03299,119,15,5575.0599999999995,2,Loyal Customers
C03300,62,7,1299.01,0,Potential Loyalists
C03301,12,6,1675.48,0,Potential Loyalists
C03302,214,3,501.58000000000004,3,At Risk
C03303,62,4,784.89,3,At Risk
C03304,265,3,1677.5,3,At Risk
C03305,45,12,6440.09,2,Loyal Customers
C03306,255,7,3440.94,0,Potential Loyalists
C03307,109,10,5756.43,2,Loyal Customers
C03308,117,3,369.07,3,At Risk
C03309,661,1,277.64,1,Low Value
C03310,123,4,359.86,3,At Risk
C03311,324,1,97.57,1,Low Value
C03312,68,14,6949.52,2,Loyal Customers
C03313,452,4,976.1600000000001,1,Low Value
C03314,17,5,833.3799999999999,3,At Risk
C03315,155,8,5452.44,0,Potential Loyalists
C03316,675,2,531.17,1,Low Value
C03318,71,5,3754.97,0,Potential Loyalists
C03319,25,23,7869.58,4,VIP Customers
C03320,118,6,1589.72,3,At Risk
C03323,633,2,322.49,1,Low Value
C03325,158,13,6970.2300000000005,2,Loyal Customers
C03326,8,5,1973.17,0,Potential Loyalists
C03327,629,1,45.11,1,Low Value
C03328,45,2,269.21,3,At Risk
C03329,396,2,330.54,1,Low Value
C03330,103,10,3676.62,0,Potential Loyalists
C03331,397,2,307.97,1,Low Value
C03332,16,7,4232.21,0,Potential Loyalists
C03333,153,4,1858.7600000000002,3,At Risk
C03334,374,2,439.06,1,Low Value
C03335,38,5,4580.530000000001,0,Potential Loyalists
C03336,157,1,225.04,3,At Risk
C03337,106,2,247.09,3,At Risk
C03338,22,10,3298.54,0,Potential Loyalists
C03339,287,3,2005.9,3,At Risk
C03341,46,1,142.13,3,At Risk
C03342,52,5,1248.83,3,At Risk
C03343,90,5,1185.58,3,At Risk
C03344,3,13,3517.98,0,Potential Loyalists
C03346,211,3,403.52,3,At Risk
C03348,462,1,261.21,1,Low Value
C03349,352,2,1682.49,1,Low Value
C03350,3,11,5298.490000000001,2,Loyal Customers
C03352,31,1,84.59,3,At Risk
C03353,166,6,1878.46,3,At Risk
C03354,63,3,117.75,3,At Risk
C03355,5,18,6995.79,2,Loyal Customers
C03356,125,8,8331.23,2,Loyal Customers
C03357,88,13,4850.01,2,Loyal Customers
C03358,469,1,150.02,1,Low Value
C03361,19,6,4212.87,0,Potential Loyalists
C03362,47,28,7223.29,4,VIP Customers
C03364,122,6,1418.99,3,At Risk
C03365,125,5,1259.6,3,At Risk
C03366,8,15,3126.37,2,Loyal Customers
C03367,85,7,1958.38,0,Potential Loyalists
C03368,14,18,6643.58,2,Loyal Customers
C03369,213,2,765.4300000000001,3,At Risk
C03370,280,4,587.1800000000001,3,At Risk
C03371,42,4,2731.46,0,Potential Loyalists
C03372,312,3,1848.0200000000002,1,Low Value
C03374,122,3,2210.74,3,At Risk
C03375,123,9,1874.1200000000001,0,Potential Loyalists
C03376,27,6,1385.56,0,Potential Loyalists
C03377,157,2,1001.5799999999999,3,At Risk
C03378,52,3,1620.07,3,At Risk
C03379,257,1,153.77,3,At Risk
C03381,48,6,1029.29,3,At Risk
C03382,706,1,256.66,1,Low Value
C03384,31,9,3707.85,0,Potential Loyalists
C03386,12,17,9321.73,2,Loyal Customers
C03387,258,3,1319.23,3,At Risk
C03388,70,25,10861.21,4,VIP Customers
C03389,187,1,1569.19,3,At Risk
C03390,324,3,446.14,1,Low Value
C03391,71,3,415.67,3,At Risk
C03392,2,16,5488.16,2,Loyal Customers
C03393,169,5,1634.08,3,At Risk
C03394,356,1,230.6,1,Low Value
C03395,10,7,1954.02,0,Potential Loyalists
C03396,242,1,391.93,3,At Risk
C03399,134,5,5452.12,0,Potential Loyalists
C03400,81,4,4679.57,0,Potential Loyalists
C03401,96,3,1038.24,3,At Risk
C03403,212,5,2046.25,3,At Risk
C03404,18,8,5051.58,0,Potential Loyalists
C03405,424,4,794.03,1,Low Value
C03406,132,1,98.16,3,At Risk
C03407,377,1,102.59,1,Low Value
C03410,242,4,2318.89,3,At Risk
C03411,336,5,993.88,1,Low Value
C03412,24,13,5204.42,2,Loyal Customers
C03413,109,1,195.97,3,At Risk
C03414,86,7,7341.45,2,Loyal Customers
C03415,99,7,3157.3599999999997,0,Potential Loyalists
C03416,84,6,6696.150000000001,0,Potential Loyalists
C03417,12,7,897.37,0,Potential Loyalists
C03418,170,1,56.96,3,At Risk
C03420,58,3,415.25,3,At Risk
C03421,218,2,1929.4499999999998,3,At Risk
C03423,220,2,639.75,3,At Risk
C03424,496,1,369.46,1,Low Value
C03425,112,3,2563.32,3,At Risk
C03426,284,1,1479.48,3,At Risk
C03427,401,1,739.74,1,Low Value
C03428,159,4,1047.72,3,At Risk
C03429,238,6,1209.33,3,At Risk
C03430,85,20,10267.68,4,VIP Customers
C03431,280,1,87.81,3,At Risk
C03432,4,17,4225.72,2,Loyal Customers
C03433,33,4,2860.5999999999995,0,Potential Loyalists
C03434,4,7,1979.86,0,Potential Loyalists
C03435,716,1,4540.5,1,Low Value
C03436,31,3,345.38,3,At Risk
C03437,105,8,1747.22,0,Potential Loyalists
C03438,71,12,3941.92,0,Potential Loyalists
C03439,207,2,545.1,3,At Risk
C03441,320,3,846.3,1,Low Value
C03442,19,9,2155.74,0,Potential Loyalists
C03443,6,3,678.02,3,At Risk
C03444,49,4,987.99,3,At Risk
C03445,216,5,1808.61,3,At Risk
C03446,7,12,5894.74,2,Loyal Customers
C03447,291,3,288.13,3,At Risk
C03448,11,2,745.5,3,At Risk
C03449,36,21,6114.43,2,Loyal Customers
C03450,191,6,1355.53,3,At Risk
C03451,1,6,1333.5,0,Potential Loyalists
C03452,304,3,1451.69,3,At Risk
C03453,625,2,412.40999999999997,1,Low Value
C03454,198,2,495.19,3,At Risk
C03456,35,4,1391.79,3,At Risk
C03457,346,3,3500.12,1,Low Value
C03458,156,4,580.0,3,At Risk
C03459,59,2,594.5699999999999,3,At Risk
C03460,16,6,2102.17,0,Potential Loyalists
C03461,188,3,832.15,3,At Risk
C03462,249,5,4396.45,0,Potential Loyalists
C03463,197,1,206.28,3,At Risk
C03464,117,6,838.0699999999999,3,At Risk
C03465,165,6,2057.3500000000004,3,At Risk
C03466,180,3,1615.85,3,At Risk
C03468,106,4,368.68,3,At Risk
C03469,610,2,297.35,1,Low Value
C03470,45,8,3409.79,0,Potential Loyalists
C03471,205,5,3217.22,0,Potential Loyalists
C03472,93,4,290.35,3,At Risk
C03473,409,2,324.53,1,Low Value
C03474,83,1,203.05,3,At Risk
C03475,149,2,324.9,3,At Risk
C03476,164,4,1064.56,3,At Risk
C03477,585,1,40.61,1,Low Value
C03478,42,14,3096.22,0,Potential Loyalists
C03479,248,6,2175.78,3,At Risk
C03480,496,3,523.89,1,Low Value
C03481,10,13,8050.5599999999995,2,Loyal Customers
C03482,22,1,127.81,3,At Risk
C03483,124,7,2599.2200000000003,0,Potential Loyalists
C03484,456,2,460.26,1,Low Value
C03486,15,8,2403.8599999999997,0,Potential Loyalists
C03488,3,23,8073.7,4,VIP Customers
C03489,169,6,1703.5900000000001,3,At Risk
C03490,108,7,3833.55,0,Potential Loyalists
C03491,249,2,163.94,3,At Risk
C03492,1,7,2414.2200000000003,0,Potential Loyalists
C03493,542,1,760.95,1,Low Value
C03494,23,8,2926.4500000000003,0,Potential Loyalists
C03496,117,6,3657.29,0,Potential Loyalists
C03498,331,1,135.36,1,Low Value
C03499,19,2,304.27,3,At Risk
C03500,144,1,184.71,3,At Risk
C03501,21,8,5119.43,0,Potential Loyalists
C03503,481,2,2198.23,1,Low Value
C03504,234,5,1338.96,3,At Risk
C03505,387,5,2074.24,1,Low Value
C03506,31,2,709.15,3,At Risk
C03507,1,9,3855.1499999999996,0,Potential Loyalists
C03508,234,2,307.6,3,At Risk
C03510,188,2,3741.7599999999998,3,At Risk
C03511,47,4,525.91,3,At Risk
C03512,575,1,1276.34,1,Low Value
C03513,57,2,499.02,3,At Risk
C03514,48,4,2554.69,0,Potential Loyalists
C03516,32,4,1229.13,3,At Risk
C03517,596,2,1218.93,1,Low Value
C03518,60,7,3501.95,0,Potential Loyalists
C03519,91,13,4570.84,2,Loyal Customers
C03520,5,9,4149.87,0,Potential Loyalists
C03521,12,16,6086.86,2,Loyal Customers
C03525,598,7,1976.57,1,Low Value
C03526,158,4,792.82,3,At Risk
C03527,677,1,42.86,1,Low Value
C03528,345,3,937.33,1,Low Value
C03531,81,4,752.8,3,At Risk
C03532,10,15,3486.64,2,Loyal Customers
C03533,262,1,241.25,3,At Risk
C03534,6,7,2992.23,0,Potential Loyalists
C03535,409,2,520.14,1,Low Value
C03536,644,1,181.54,1,Low Value
C03538,9,1,144.95,3,At Risk
C03539,92,3,315.13,3,At Risk
C03540,115,3,2105.57,3,At Risk
C03543,30,8,2486.77,0,Potential Loyalists
C03544,323,3,421.77,1,Low Value
C03545,108,4,1138.57,3,At Risk
C03546,14,4,1212.48,3,At Risk
C03547,99,10,2394.13,0,Potential Loyalists
C03548,63,5,2157.53,0,Potential Loyalists
C03549,44,4,729.16,3,At Risk
C03550,64,18,8351.79,2,Loyal Customers
C03551,121,4,3692.3599999999997,0,Potential Loyalists
C03552,118,4,1441.31,3,At Risk
C03553,404,2,516.49,1,Low Value
C03554,5,8,2079.73,0,Potential Loyalists
C03555,113,5,1002.59,3,At Risk
C03556,344,4,3506.7200000000003,1,Low Value
C03557,5,3,517.25,3,At Risk
C03558,185,4,2831.7400000000002,3,At Risk
C03559,291,6,1171.1100000000001,3,At Risk
C03560,367,3,487.84000000000003,1,Low Value
C03561,259,1,72.23,3,At Risk
C03562,31,18,9418.17,2,Loyal Customers
C03563,62,8,2268.59,0,Potential Loyalists
C03564,36,4,648.9300000000001,3,At Risk
C03565,440,2,403.67,1,Low Value
C03566,497,1,238.88,1,Low Value
C03567,161,2,675.1,3,At Risk
C03568,33,13,3993.54,2,Loyal Customers
C03569,197,4,599.04,3,At Risk
C03570,216,6,1319.27,3,At Risk
C03571,155,4,2392.3599999999997,3,At Risk
C03572,94,5,2084.68,3,At Risk
C03574,42,2,537.66,3,At Risk
C03575,83,11,2835.04,0,Potential Loyalists
C03576,87,7,1460.36,0,Potential Loyalists
C03577,194,4,699.3199999999999,3,At Risk
C03578,108,1,54.92,3,At Risk
C03579,55,22,10694.33,4,VIP Customers
C03580,485,1,142.84,1,Low Value
C03582,244,1,434.85,3,At Risk
C03584,80,3,1098.3,3,At Risk
C03585,581,1,142.84,1,Low Value
C03586,21,13,4807.73,2,Loyal Customers
C03587,36,13,2330.1,0,Potential Loyalists
C03588,208,1,36.9,3,At Risk
C03589,45,10,5954.24,2,Loyal Customers
C03590,110,8,6345.79,2,Loyal Customers
C03591,11,8,1889.49,0,Potential Loyalists
C03592,139,3,773.32,3,At Risk
C03594,534,3,984.28,1,Low Value
C03595,315,6,1022.5699999999999,3,At Risk
C03596,47,4,1086.31,3,At Risk
C03597,5,11,4734.79,2,Loyal Customers
C03598,23,7,3290.81,0,Potential Loyalists
C03599,323,2,278.68,1,Low Value
C03600,75,6,1881.51,0,Potential Loyalists
C03601,19,28,12349.9,4,VIP Customers
C03602,18,2,433.2,3,At Risk
C03603,389,1,133.59,1,Low Value
C03604,107,2,406.79,3,At Risk
C03605,11,12,3078.4,0,Potential Loyalists
C03606,51,9,1305.6299999999999,0,Potential Loyalists
C03608,9,16,3203.38,2,Loyal Customers
C03609,216,3,860.5999999999999,3,At Risk
C03610,20,8,2196.48,0,Potential Loyalists
C03611,345,1,147.23,1,Low Value
C03612,76,3,483.23,3,At Risk
C03613,42,8,1784.12,0,Potential Loyalists
C03614,8,3,3100.87,0,Potential Loyalists
C03615,417,3,231.43,1,Low Value
C03616,62,5,1424.83,3,At Risk
C03617,176,2,825.21,3,At Risk
C03618,29,8,2602.5,0,Potential Loyalists
C03619,98,4,1012.1700000000001,3,At Risk
C03620,45,4,2047.4299999999998,3,At Risk
C03622,83,2,588.4100000000001,3,At Risk
C03623,303,3,1123.2,3,At Risk
C03624,122,5,1506.66,3,At Risk
C03625,287,6,3692.79,0,Potential Loyalists
C03626,202,4,2448.38,3,At Risk
C03627,32,4,506.5,3,At Risk
C03630,97,5,1705.41,3,At Risk
C03631,604,1,68.22,1,Low Value
C03632,96,4,2606.4700000000003,0,Potential Loyalists
C03634,203,7,3319.74,0,Potential Loyalists
C03635,137,7,1166.49,3,At Risk
C03636,194,16,5881.86,2,Loyal Customers
C03637,80,1,179.38,3,At Risk
C03638,709,1,80.73,1,Low Value
C03639,1,5,4920.3099999999995,0,Potential Loyalists
C03640,78,28,6364.47,4,VIP Customers
C03642,47,7,2520.35,0,Potential Loyalists
C03643,399,4,855.72,1,Low Value
C03644,312,3,3089.81,3,At Risk
C03645,237,3,1160.97,3,At Risk
C03647,138,1,471.01,3,At Risk
C03648,370,2,370.59000000000003,1,Low Value
C03649,273,1,28.96,3,At Risk
C03651,563,1,68.22,1,Low Value
C03652,8,15,5769.4,2,Loyal Customers
C03653,93,3,343.87,3,At Risk
C03654,72,10,6394.06,2,Loyal Customers
C03655,117,6,695.83,3,At Risk
C03656,95,6,2008.31,0,Potential Loyalists
C03657,633,1,14.27,1,Low Value
C03658,177,9,3924.68,0,Potential Loyalists
C03659,210,4,2619.54,3,At Risk
C03660,153,10,5683.69,2,Loyal Customers
C03661,30,8,1202.6,0,Potential Loyalists
C03662,55,2,258.25,3,At Risk
C03664,143,4,515.56,3,At Risk
C03665,55,3,839.13,3,At Risk
C03667,241,1,662.11,3,At Risk
C03668,193,4,719.55,3,At Risk
C03669,400,4,3183.34,1,Low Value
C03671,151,2,253.49,3,At Risk
C03672,113,7,2365.62,0,Potential Loyalists
C03673,31,6,3047.67,0,Potential Loyalists
C03675,7,12,3990.5099999999998,0,Potential Loyalists
C03676,54,5,1055.22,3,At Risk
C03677,460,3,420.58,1,Low Value
C03678,68,17,9369.449999999999,2,Loyal Customers
C03679,40,8,3375.92,0,Potential Loyalists
C03680,264,1,163.88,3,At Risk
C03682,41,1,215.24,3,At Risk
C03684,27,2,127.86000000000001,3,At Risk
C03685,211,5,1742.6299999999999,3,At Risk
C03686,7,28,9391.35,4,VIP Customers
C03687,31,9,1620.12,0,Potential Loyalists
C03688,23,3,1365.4299999999998,3,At Risk
C03689,494,1,731.0,1,Low Value
C03691,112,1,232.56,3,At Risk
C03693,145,1,51.69,3,At Risk
C03694,579,1,155.34,1,Low Value
C03695,23,16,4271.13,2,Loyal Customers
C03696,93,6,2706.0,0,Potential Loyalists
C03699,106,4,1237.49,3,At Risk
C03700,16,11,2641.94,0,Potential Loyalists
C03701,210,4,398.05,3,At Risk
C03702,308,1,761.22,1,Low Value
C03703,282,4,754.6,3,At Risk
C03704,614,2,397.65000000000003,1,Low Value
C03705,31,36,12951.01,4,VIP Customers
C03706,21,9,2862.41,0,Potential Loyalists
C03707,35,3,860.6400000000001,3,At Risk
C03708,326,1,1177.27,1,Low Value
C03709,86,7,6427.71,2,Loyal Customers
C03710,130,3,582.59,3,At Risk
C03712,216,3,1887.53,3,At Risk
C03713,10,17,3428.96,2,Loyal Customers
C03714,709,1,340.16,1,Low Value
C03716,168,9,2422.75,0,Potential Loyalists
C03717,282,4,645.19,3,At Risk
C03718,163,4,1401.6100000000001,3,At Risk
C03719,106,1,322.88,3,At Risk
C03720,148,7,3323.62,0,Potential Loyalists
C03721,387,3,2664.46,1,Low Value
C03722,48,5,1942.9,0,Potential Loyalists
C03723,80,9,4712.9400000000005,0,Potential Loyalists
C03724,55,5,1111.24,3,At Risk
C03725,398,4,666.95,1,Low Value
C03727,100,5,2211.37,0,Potential Loyalists
C03728,77,9,6105.61,2,Loyal Customers
C03729,196,8,1591.72,0,Potential Loyalists
C03730,121,3,853.27,3,At Risk
C03731,23,8,2483.09,0,Potential Loyalists
C03733,7,11,5359.62,2,Loyal Customers
C03735,399,1,105.49,1,Low Value
C03736,3,5,2880.0499999999997,0,Potential Loyalists
C03737,311,5,1058.74,3,At Risk
C03739,22,9,2197.07,0,Potential Loyalists
C03740,68,23,5544.88,2,Loyal Customers
C03741,47,7,2147.86,0,Potential Loyalists
C03742,301,3,491.36,3,At Risk
C03743,47,6,1634.53,0,Potential Loyalists
C03744,104,5,1445.93,3,At Risk
C03745,85,3,2461.27,3,At Risk
C03746,46,17,4966.0,2,Loyal Customers
C03747,39,20,5297.7300000000005,2,Loyal Customers
C03748,141,8,2995.52,0,Potential Loyalists
C03749,102,1,684.86,3,At Risk
C03750,670,1,303.77,1,Low Value
C03751,139,1,347.22,3,At Risk
C03752,297,2,404.28,3,At Risk
C03753,96,2,306.65,3,At Risk
C03754,352,1,246.7,1,Low Value
C03755,7,11,3324.61,0,Potential Loyalists
C03756,177,10,9100.81,2,Loyal Customers
C03757,231,4,1810.97,3,At Risk
C03758,89,7,7142.450000000001,2,Loyal Customers
C03761,12,7,3035.7200000000003,0,Potential Loyalists
C03762,594,1,152.87,1,Low Value
C03763,185,4,531.6999999999999,3,At Risk
C03764,183,1,8.18,3,At Risk
C03766,251,6,3214.24,0,Potential Loyalists
C03767,83,8,4688.85,0,Potential Loyalists
C03768,65,14,5581.26,2,Loyal Customers
C03769,107,4,470.69,3,At Risk
C03770,292,1,2282.85,3,At Risk
C03771,23,4,1792.3899999999999,3,At Risk
C03772,487,2,1142.1,1,Low Value
C03773,370,3,1626.28,1,Low Value
C03774,57,11,5187.03,2,Loyal Customers
C03775,82,9,1663.01,0,Potential Loyalists
C03776,235,8,2179.17,0,Potential Loyalists
C03777,342,1,427.4,1,Low Value
C03778,607,2,381.47,1,Low Value
C03779,17,11,2784.74,0,Potential Loyalists
C03780,75,1,47.61,3,At Risk
C03781,131,6,1415.27,3,At Risk
C03783,252,4,2340.54,3,At Risk
C03784,45,4,904.6800000000001,3,At Risk
C03785,681,1,134.01,1,Low Value
C03786,139,5,1388.65,3,At Risk
C03787,69,4,4190.660000000001,0,Potential Loyalists
C03789,319,3,458.12,1,Low Value
C03790,103,7,2177.72,0,Potential Loyalists
C03791,42,5,3166.3700000000003,0,Potential Loyalists
C03792,99,4,2241.3199999999997,3,At Risk
C03794,105,6,1982.8200000000002,0,Potential Loyalists
C03796,210,2,1020.46,3,At Risk
C03797,14,10,6930.5,2,Loyal Customers
C03798,440,1,119.36,1,Low Value
C03799,569,1,92.94,1,Low Value
C03800,675,1,115.06,1,Low Value
C03801,117,7,1839.98,0,Potential Loyalists
C03802,14,4,394.87,3,At Risk
C03803,73,8,2486.11,0,Potential Loyalists
C03804,17,5,750.98,3,At Risk
C03805,19,4,1207.24,3,At Risk
C03806,30,4,693.48,3,At Risk
C03807,49,7,2031.91,0,Potential Loyalists
C03808,137,2,234.17000000000002,3,At Risk
C03809,347,3,767.1099999999999,1,Low Value
C03810,33,6,1094.74,3,At Risk
C03811,178,1,124.11,3,At Risk
C03812,283,2,251.61,3,At Risk
C03813,23,4,1621.5800000000002,3,At Risk
C03814,157,3,2251.59,3,At Risk
C03815,235,1,1282.2,3,At Risk
C03816,337,2,217.93,1,Low Value
C03817,169,2,1521.86,3,At Risk
C03818,27,5,782.02,3,At Risk
C03819,161,2,1402.69,3,At Risk
C03820,143,6,1723.62,3,At Risk
C03821,23,17,4579.68,2,Loyal Customers
C03822,17,14,2844.54,0,Potential Loyalists
C03823,10,3,1514.0900000000001,3,At Risk
C03824,590,1,625.9,1,Low Value
C03825,18,20,7513.84,2,Loyal Customers
C03826,409,6,3340.72,1,Low Value
C03827,251,3,1595.93,3,At Risk
C03832,110,10,4756.0199999999995,0,Potential Loyalists
C03833,127,3,3131.85,3,At Risk
C03834,27,7,4296.24,0,Potential Loyalists
C03835,89,8,2062.55,0,Potential Loyalists
C03836,147,4,3783.38,0,Potential Loyalists
C03837,19,5,3661.3900000000003,0,Potential Loyalists
C03838,25,10,3587.79,0,Potential Loyalists
C03839,85,2,724.36,3,At Risk
C03840,35,15,3551.46,2,Loyal Customers
C03841,122,6,1383.8600000000001,3,At Risk
C03843,120,1,293.49,3,At Risk
C03844,114,8,2193.59,0,Potential Loyalists
C03845,4,10,2679.75,0,Potential Loyalists
C03846,1,2,2139.4,3,At Risk
C03847,50,8,2381.51,0,Potential Loyalists
C03851,251,3,868.48,3,At Risk
C03852,38,9,7138.549999999999,2,Loyal Customers
C03853,82,2,910.23,3,At Risk
C03854,50,2,196.46,3,At Risk
C03857,44,4,3157.4300000000003,0,Potential Loyalists
C03859,42,8,1164.23,0,Potential Loyalists
C03862,3,2,202.82,3,At Risk
C03863,357,1,171.98,1,Low Value
C03864,633,1,183.16,1,Low Value
C03865,223,2,335.94,3,At Risk
C03866,115,5,2764.43,0,Potential Loyalists
C03867,321,5,1329.34,1,Low Value
C03868,231,1,126.56,3,At Risk
C03869,35,5,2133.2200000000003,0,Potential Loyalists
C03870,302,5,1795.67,3,At Risk
C03872,197,12,2183.5,0,Potential Loyalists
C03873,16,12,2638.11,0,Potential Loyalists
C03874,37,8,4621.63,0,Potential Loyalists
C03875,149,7,1241.5,3,At Risk
C03876,133,5,3801.3100000000004,0,Potential Loyalists
C03877,314,8,2816.33,0,Potential Loyalists
C03878,160,5,1880.54,3,At Risk
C03879,139,5,1579.3700000000001,3,At Risk
C03880,4,1,117.17,3,At Risk
C03881,229,2,360.35,3,At Risk
C03882,59,3,1484.86,3,At Risk
C03883,22,7,1575.28,0,Potential Loyalists
C03885,106,6,3592.74,0,Potential Loyalists
C03886,6,14,3099.43,0,Potential Loyalists
C03887,69,4,601.6400000000001,3,At Risk
C03888,7,14,6693.8099999999995,2,Loyal Customers
C03889,222,6,1469.23,3,At Risk
C03891,248,9,1397.46,0,Potential Loyalists
C03892,470,1,151.78,1,Low Value
C03893,176,4,873.73,3,At Risk
C03894,206,3,1656.3999999999999,3,At Risk
C03895,710,1,285.07,1,Low Value
C03896,407,3,629.76,1,Low Value
C03897,36,3,1023.31,3,At Risk
C03898,168,9,7498.45,2,Loyal Customers
C03899,244,7,3171.38,0,Potential Loyalists
C03900,257,1,2187.63,3,At Risk
C03901,83,2,2744.57,3,At Risk
C03902,154,7,1649.9399999999998,0,Potential Loyalists
C03903,53,7,3052.14,0,Potential Loyalists
C03904,48,6,3472.87,0,Potential Loyalists
C03906,156,12,4097.72,0,Potential Loyalists
C03907,40,5,3550.2299999999996,0,Potential Loyalists
C03908,396,2,779.28,1,Low Value
C03910,728,1,31.91,1,Low Value
C03911,186,3,1119.28,3,At Risk
C03912,398,1,78.07,1,Low Value
C03913,104,3,464.66999999999996,3,At Risk
C03914,143,6,4010.73,0,Potential Loyalists
C03915,46,6,1430.8,0,Potential Loyalists
C03916,152,5,620.0799999999999,3,At Risk
C03918,165,4,668.28,3,At Risk
C03919,2,8,2690.42,0,Potential Loyalists
C03920,262,2,1646.8000000000002,3,At Risk
C03921,37,2,586.19,3,At Risk
C03922,226,1,844.72,3,At Risk
C03923,78,6,2759.75,0,Potential Loyalists
C03924,4,1,119.99,3,At Risk
C03926,94,10,5355.79,2,Loyal Customers
C03927,37,2,362.46,3,At Risk
C03928,13,8,4765.96,0,Potential Loyalists
C03929,327,1,1475.04,1,Low Value
C03930,639,1,2137.0,1,Low Value
C03931,13,17,8275.91,2,Loyal Customers
C03932,126,10,7104.18,2,Loyal Customers
C03933,332,1,259.21,1,Low Value
C03935,315,5,1932.6499999999999,3,At Risk
C03936,438,1,129.22,1,Low Value
C03937,166,4,1304.8899999999999,3,At Risk
C03938,13,9,2719.09,0,Potential Loyalists
C03939,392,2,121.72,1,Low Value
C03941,19,3,3396.21,0,Potential Loyalists
C03943,34,15,6230.08,2,Loyal Customers
C03944,222,4,597.8199999999999,3,At Risk
C03945,42,16,5950.51,2,Loyal Customers
C03946,241,2,394.19,3,At Risk
C03948,7,5,1217.28,3,At Risk
C03949,43,6,2042.94,0,Potential Loyalists
C03950,466,2,132.75,1,Low Value
C03951,5,20,5062.92,2,Loyal Customers
C03952,57,13,2069.38,0,Potential Loyalists
C03953,20,7,3387.54,0,Potential Loyalists
C03955,200,3,601.5999999999999,3,At Risk
C03956,58,6,1176.76,3,At Risk
C03957,24,5,2223.6,0,Potential Loyalists
C03958,5,11,4352.74,0,Potential Loyalists
C03959,662,1,615.08,1,Low Value
C03962,155,6,1235.54,3,At Risk
C03963,216,2,1058.5,3,At Risk
C03964,59,4,1977.9699999999998,3,At Risk
C03968,203,4,376.98,3,At Risk
C03969,398,1,50.23,1,Low Value
C03970,100,2,878.38,3,At Risk
C03971,9,13,4641.05,2,Loyal Customers
C03973,31,5,2781.69,0,Potential Loyalists
C03975,237,2,1707.93,3,At Risk
C03976,394,2,1242.4,1,Low Value
C03978,127,1,283.15,3,At Risk
C03979,29,11,3064.9,0,Potential Loyalists
C03980,155,18,6598.09,2,Loyal Customers
C03983,20,19,6432.4400000000005,2,Loyal Customers
C03985,251,5,926.11,3,At Risk
C03986,80,13,5536.54,2,Loyal Customers
C03987,56,13,2569.1099999999997,0,Potential Loyalists
C03988,67,7,3061.34,0,Potential Loyalists
C03990,279,2,607.6700000000001,3,At Risk
C03991,192,11,5005.65,2,Loyal Customers
C03992,91,4,1877.39,3,At Risk
C03993,520,1,51.69,1,Low Value
C03994,23,11,3807.33,0,Potential Loyalists
C03995,310,3,254.42000000000002,1,Low Value
C03996,42,5,5309.050000000001,0,Potential Loyalists
C03997,103,11,2052.15,0,Potential Loyalists
C03998,84,6,3497.48,0,Potential Loyalists
C03999,9,3,851.44,3,At Risk
C04000,228,2,863.5400000000001,3,At Risk
C04001,150,10,2345.7799999999997,0,Potential Loyalists
C04002,497,3,839.9300000000001,1,Low Value
C04003,619,1,219.89,1,Low Value
C04004,16,10,4707.79,0,Potential Loyalists
C04005,72,5,505.85,3,At Risk
C04006,11,10,2813.85,0,Potential Loyalists
C04008,17,5,1500.28,3,At Risk
C04009,610,1,174.48,1,Low Value
C04010,22,13,3977.73,2,Loyal Customers
C04012,14,6,783.91,3,At Risk
C04013,79,4,1597.95,3,At Risk
C04014,35,3,727.48,3,At Risk
C04015,76,13,4797.95,2,Loyal Customers
C04016,13,13,5659.15,2,Loyal Customers
C04017,103,4,1363.68,3,At Risk
C04019,92,1,463.1,3,At Risk
C04020,123,2,265.02,3,At Risk
C04021,168,8,3818.1800000000003,0,Potential Loyalists
C04022,69,13,3390.53,0,Potential Loyalists
C04023,471,1,82.18,1,Low Value
C04025,304,5,839.22,3,At Risk
C04027,613,1,458.13,1,Low Value
C04028,374,2,160.07999999999998,1,Low Value
C04029,390,1,194.19,1,Low Value
C04030,130,3,591.1,3,At Risk
C04031,108,6,5074.05,0,Potential Loyalists
C04032,104,1,26.13,3,At Risk
C04033,145,6,3346.66,0,Potential Loyalists
C04034,117,7,1822.8300000000002,0,Potential Loyalists
C04035,74,7,2753.8099999999995,0,Potential Loyalists
C04036,162,3,982.66,3,At Risk
C04037,14,10,5189.02,2,Loyal Customers
C04038,217,8,1624.4,0,Potential Loyalists
C04039,51,2,1820.38,3,At Risk
C04040,122,2,236.7,3,At Risk
C04041,17,10,3157.42,0,Potential Loyalists
C04042,102,7,1549.7,0,Potential Loyalists
C04043,40,11,2377.43,0,Potential Loyalists
C04044,146,11,6743.01,2,Loyal Customers
C04045,137,4,843.24,3,At Risk
C04047,194,1,702.75,3,At Risk
C04048,34,16,4397.9,2,Loyal Customers
C04049,3,6,2386.96,0,Potential Loyalists
C04051,323,4,2650.5299999999997,1,Low Value
C04052,171,10,3566.58,0,Potential Loyalists
C04054,513,1,828.18,1,Low Value
C04055,27,5,1125.05,3,At Risk
C04057,5,8,1831.1,0,Potential Loyalists
C04058,688,1,844.72,1,Low Value
C04059,49,14,5567.22,2,Loyal Customers
C04060,30,4,608.31,3,At Risk
C04061,400,5,1342.14,1,Low Value
C04062,82,3,1119.91,3,At Risk
C04063,32,3,554.8299999999999,3,At Risk
C04064,192,3,881.96,3,At Risk
C04065,547,2,418.14,1,Low Value
C04066,54,10,5113.62,2,Loyal Customers
C04067,435,4,766.42,1,Low Value
C04068,76,6,1217.19,3,At Risk
C04071,39,22,7012.71,2,Loyal Customers
C04072,58,4,1429.54,3,At Risk
C04073,602,2,548.98,1,Low Value
C04074,66,5,632.66,3,At Risk
C04076,21,10,3678.5,0,Potential Loyalists
C04078,77,3,367.76,3,At Risk
C04079,105,3,861.71,3,At Risk
C04080,50,15,3952.67,2,Loyal Customers
C04081,92,3,1014.1099999999999,3,At Risk
C04083,231,3,513.81,3,At Risk
C04087,166,1,20.96,3,At Risk
C04088,52,1,740.38,3,At Risk
C04089,134,2,789.41,3,At Risk
C04090,96,8,3299.34,0,Potential Loyalists
C04091,68,4,352.63,3,At Risk
C04093,91,1,156.11,3,At Risk
C04094,366,8,2633.5699999999997,1,Low Value
C04095,189,9,5723.21,2,Loyal Customers
C04097,194,9,1485.3500000000001,0,Potential Loyalists
C04098,235,6,3455.3900000000003,0,Potential Loyalists
C04099,100,3,2772.8,3,At Risk
C04100,23,14,9528.14,2,Loyal Customers
C04101,70,8,3246.56,0,Potential Loyalists
C04102,30,8,3394.1,0,Potential Loyalists
C04104,386,3,596.15,1,Low Value
C04105,435,2,827.16,1,Low Value
C04106,102,4,1453.46,3,At Risk
C04107,156,5,571.55,3,At Risk
C04109,615,1,87.67,1,Low Value
C04110,22,5,4751.650000000001,0,Potential Loyalists
C04111,174,4,1094.78,3,At Risk
C04112,45,15,4388.43,2,Loyal Customers
C04113,146,3,1444.05,3,At Risk
C04114,45,3,249.89,3,At Risk
C04116,70,6,556.78,3,At Risk
C04117,290,3,258.65999999999997,3,At Risk
C04118,67,7,1293.95,0,Potential Loyalists
C04119,12,6,614.2,3,At Risk
C04120,4,3,1144.97,3,At Risk
C04121,50,6,976.52,3,At Risk
C04122,4,16,6875.31,2,Loyal Customers
C04124,3,5,1116.67,3,At Risk
C04125,141,12,5810.34,2,Loyal Customers
C04127,180,8,2677.65,0,Potential Loyalists
C04128,158,5,876.55,3,At Risk
C04129,96,9,2350.2799999999997,0,Potential Loyalists
C04130,90,3,464.41999999999996,3,At Risk
C04131,404,1,313.06,1,Low Value
C04133,13,9,2781.05,0,Potential Loyalists
C04134,264,6,2353.71,3,At Risk
C04135,48,4,1941.1399999999999,3,At Risk
C04136,50,3,2587.46,3,At Risk
C04137,98,1,591.07,3,At Risk
C04138,64,14,7027.6900000000005,2,Loyal Customers
C04139,23,8,5549.4,0,Potential Loyalists
C04140,122,7,2501.01,0,Potential Loyalists
C04141,360,4,1308.27,1,Low Value
C04142,61,10,2040.9,0,Potential Loyalists
C04143,152,8,4348.879999999999,0,Potential Loyalists
C04144,167,3,621.1500000000001,3,At Risk
C04145,589,1,1614.81,1,Low Value
C04146,154,17,8510.44,2,Loyal Customers
C04147,55,6,3025.06,0,Potential Loyalists
C04150,220,2,1420.09,3,At Risk
C04151,118,8,2384.84,0,Potential Loyalists
C04152,615,1,106.34,1,Low Value
C04154,238,7,1124.73,3,At Risk
C04155,196,2,1135.54,3,At Risk
C04156,86,8,1838.63,0,Potential Loyalists
C04157,120,4,892.46,3,At Risk
C04158,190,6,952.23,3,At Risk
C04161,232,1,148.9,3,At Risk
C04162,212,8,2102.91,0,Potential Loyalists
C04163,148,5,1314.48,3,At Risk
C04164,539,1,1201.9,1,Low Value
C04165,134,3,1631.4900000000002,3,At Risk
C04167,52,30,17881.79,4,VIP Customers
C04168,89,19,12730.58,4,VIP Customers
C04169,24,4,985.8,3,At Risk
C04170,341,2,676.5799999999999,1,Low Value
C04171,129,9,2661.73,0,Potential Loyalists
C04172,82,4,2097.22,3,At Risk
C04173,28,8,1839.96,0,Potential Loyalists
C04174,121,18,4226.2,2,Loyal Customers
C04175,427,2,488.81000000000006,1,Low Value
C04176,242,3,239.19000000000003,3,At Risk
C04177,14,7,3830.77,0,Potential Loyalists
C04178,444,2,588.3199999999999,1,Low Value
C04179,62,8,1617.69,0,Potential Loyalists
C04180,254,2,194.56,3,At Risk
C04181,116,4,1001.51,3,At Risk
C04182,249,2,158.91,3,At Risk
C04183,19,5,1774.86,0,Potential Loyalists
C04184,701,1,78.26,1,Low Value
C04185,6,22,6329.74,2,Loyal Customers
C04186,252,5,1863.17,3,At Risk
C04187,59,4,2837.71,0,Potential Loyalists
C04188,11,2,1527.49,3,At Risk
C04189,106,6,1490.3799999999999,3,At Risk
C04190,77,5,2271.0699999999997,0,Potential Loyalists
C04191,96,10,4804.469999999999,0,Potential Loyalists
C04192,100,1,282.32,3,At Risk
C04193,207,3,2645.81,3,At Risk
C04194,191,4,3851.16,0,Potential Loyalists
C04195,54,4,1543.6999999999998,3,At Risk
C04196,5,20,7795.2,2,Loyal Customers
C04197,111,6,1330.6499999999999,3,At Risk
C04198,38,14,3401.5099999999998,2,Loyal Customers
C04199,15,5,968.22,3,At Risk
C04200,92,16,7714.969999999999,2,Loyal Customers
C04201,74,7,5200.15,0,Potential Loyalists
C04202,340,2,521.9399999999999,1,Low Value
C04206,619,1,74.17,1,Low Value
C04208,23,9,3149.49,0,Potential Loyalists
C04209,6,3,807.95,3,At Risk
C04210,60,2,634.35,3,At Risk
C04211,28,5,1829.1399999999999,0,Potential Loyalists
C04212,32,13,5677.0599999999995,2,Loyal Customers
C04213,7,20,7998.34,2,Loyal Customers
C04214,31,8,3012.81,0,Potential Loyalists
C04215,4,5,1790.49,0,Potential Loyalists
C04216,128,1,349.66,3,At Risk
C04218,85,1,213.19,3,At Risk
C04219,202,1,85.73,3,At Risk
C04220,5,27,7615.74,4,VIP Customers
C04222,109,2,632.1,3,At Risk
C04223,645,1,241.25,1,Low Value
C04224,256,4,931.1500000000001,3,At Risk
C04226,68,1,156.14,3,At Risk
C04228,555,2,289.38,1,Low Value
C04229,300,1,288.74,1,Low Value
C04230,439,1,352.19,1,Low Value
C04231,171,2,795.6099999999999,3,At Risk
C04232,20,7,1042.55,0,Potential Loyalists
C04233,127,2,662.0,3,At Risk
C04234,675,1,112.34,1,Low Value
C04235,245,4,516.9,3,At Risk
C04237,34,2,560.9100000000001,3,At Risk
C04238,255,6,2059.17,3,At Risk
C04239,180,4,1359.0900000000001,3,At Risk
C04240,148,6,972.74,3,At Risk
C04241,42,9,6704.55,2,Loyal Customers
C04242,19,16,3144.7,2,Loyal Customers
C04243,40,9,2665.6800000000003,0,Potential Loyalists
C04245,53,4,1556.48,3,At Risk
C04247,54,6,2867.7200000000003,0,Potential Loyalists
C04248,153,3,1274.66,3,At Risk
C04249,170,2,857.3,3,At Risk
C04250,37,14,4956.36,2,Loyal Customers
C04251,78,4,587.37,3,At Risk
C04252,195,5,1725.53,3,At Risk
C04254,19,4,1886.74,3,At Risk
C04255,3,15,4861.58,2,Loyal Customers
C04256,301,3,1118.17,3,At Risk
C04257,30,9,3082.07,0,Potential Loyalists
C04258,309,1,2670.88,1,Low Value
C04259,182,5,734.56,3,At Risk
C04260,196,8,5157.9,0,Potential Loyalists
C04261,449,3,559.99,1,Low Value
C04262,713,1,78.06,1,Low Value
C04263,40,10,2640.31,0,Potential Loyalists
C04264,233,4,2801.4900000000002,3,At Risk
C04265,146,5,1095.47,3,At Risk
C04266,264,3,2544.2999999999997,3,At Risk
C04267,139,5,1409.05,3,At Risk
C04268,16,5,2019.5099999999998,0,Potential Loyalists
C04269,42,2,902.3100000000001,3,At Risk
C04270,354,1,67.76,1,Low Value
C04271,70,5,1723.89,3,At Risk
C04272,82,13,8796.68,2,Loyal Customers
C04274,101,6,2726.32,0,Potential Loyalists
C04275,15,1,28.72,3,At Risk
C04276,698,1,2282.85,1,Low Value
C04277,330,1,854.76,1,Low Value
C04278,104,4,2174.54,3,At Risk
C04280,8,9,5030.19,0,Potential Loyalists
C04281,97,9,3521.19,0,Potential Loyalists
C04282,18,21,5521.83,2,Loyal Customers
C04283,454,1,286.9,1,Low Value
C04284,191,4,3274.92,0,Potential Loyalists
C04285,514,3,654.6,1,Low Value
C04286,163,3,2728.59,3,At Risk
C04287,14,8,2840.14,0,Potential Loyalists
C04288,100,9,2093.65,0,Potential Loyalists
C04290,44,10,4588.12,0,Potential Loyalists
C04291,13,9,3798.82,0,Potential Loyalists
C04292,47,8,1027.63,0,Potential Loyalists
C04293,120,8,2368.89,0,Potential Loyalists
C04294,83,2,571.23,3,At Risk
C04295,48,9,3478.73,0,Potential Loyalists
C04296,61,2,884.09,3,At Risk
C04297,107,10,3197.73,0,Potential Loyalists
C04298,111,1,97.57,3,At Risk
C04299,136,1,80.19,3,At Risk
C04300,40,5,2575.08,0,Potential Loyalists
C04301,115,2,263.96000000000004,3,At Risk
C04303,211,3,454.17,3,At Risk
C04304,41,7,2379.34,0,Potential Loyalists
C04305,30,6,4903.9800000000005,0,Potential Loyalists
C04306,96,3,1112.48,3,At Risk
C04308,567,3,437.55,1,Low Value
C04309,51,2,183.9,3,At Risk
C04310,125,6,2293.06,0,Potential Loyalists
C04312,588,2,1201.88,1,Low Value
C04314,66,4,459.12,3,At Risk
C04315,24,6,1880.45,0,Potential Loyalists
C04316,29,8,3081.0200000000004,0,Potential Loyalists
C04317,283,2,146.79,3,At Risk
C04318,102,3,1056.3500000000001,3,At Risk
C04319,66,6,2885.22,0,Potential Loyalists
C04320,606,2,134.20999999999998,1,Low Value
C04321,1,6,2979.49,0,Potential Loyalists
C04322,265,4,434.27,3,At Risk
C04323,118,3,880.95,3,At Risk
C04324,30,10,1958.96,0,Potential Loyalists
C04325,229,2,321.42999999999995,3,At Risk
C04326,52,9,1896.14,0,Potential Loyalists
C04327,6,4,1880.09,3,At Risk
C04328,129,2,993.37,3,At Risk
C04329,52,10,3309.5,0,Potential Loyalists
C04330,58,15,8216.05,2,Loyal Customers
C04331,28,6,454.22,3,At Risk
C04332,16,11,7851.3,2,Loyal Customers
C04333,403,1,402.03,1,Low Value
C04334,265,3,2338.87,3,At Risk
C04337,18,9,4800.49,0,Potential Loyalists
C04338,276,2,592.8199999999999,3,At Risk
C04339,164,1,662.85,3,At Risk
C04340,114,10,3365.48,0,Potential Loyalists
C04342,336,4,1701.77,1,Low Value
C04343,184,5,5550.389999999999,0,Potential Loyalists
C04344,16,4,2441.42,0,Potential Loyalists
C04345,212,6,1191.88,3,At Risk
C04346,211,1,726.14,3,At Risk
C04347,90,5,705.81,3,At Risk
C04348,23,10,4658.88,0,Potential Loyalists
C04349,110,7,1956.29,0,Potential Loyalists
C04350,283,8,3019.57,0,Potential Loyalists
C04351,62,9,1347.38,0,Potential Loyalists
C04352,24,1,36.53,3,At Risk
C04353,25,4,666.3199999999999,3,At Risk
C04355,396,2,976.6899999999999,1,Low Value
C04357,138,2,268.97,3,At Risk
C04358,58,7,2288.69,0,Potential Loyalists
C04359,276,2,788.02,3,At Risk
C04360,113,1,28.96,3,At Risk
C04361,92,5,563.21,3,At Risk
C04362,93,6,1778.52,0,Potential Loyalists
C04363,63,6,986.99,3,At Risk
C04364,50,8,1796.18,0,Potential Loyalists
C04365,337,2,4190.05,1,Low Value
C04366,47,8,3756.56,0,Potential Loyalists
C04367,159,1,879.93,3,At Risk
C04368,72,18,6444.71,2,Loyal Customers
C04371,410,1,239.06,1,Low Value
C04373,106,6,5101.64,0,Potential Loyalists
C04374,79,4,2170.05,3,At Risk
C04375,458,2,338.07,1,Low Value
C04376,339,2,86.6,1,Low Value
C04377,38,5,770.02,3,At Risk
C04378,85,10,2841.0,0,Potential Loyalists
C04379,158,3,902.31,3,At Risk
C04380,31,4,1297.8600000000001,3,At Risk
C04381,19,5,1511.02,3,At Risk
C04382,637,1,157.46,1,Low Value
C04383,151,7,863.72,3,At Risk
C04384,111,8,3085.91,0,Potential Loyalists
C04385,27,6,2734.5200000000004,0,Potential Loyalists
C04388,524,2,438.08000000000004,1,Low Value
C04389,687,1,45.12,1,Low Value
C04390,726,1,40.3,1,Low Value
C04391,92,8,8536.63,2,Loyal Customers
C04392,20,5,3616.24,0,Potential Loyalists
C04393,171,7,2036.0800000000002,0,Potential Loyalists
C04395,3,16,4631.9,2,Loyal Customers
C04397,31,9,4194.9,0,Potential Loyalists
C04398,90,13,2699.48,0,Potential Loyalists
C04399,119,5,1468.11,3,At Risk
C04400,47,14,4339.31,2,Loyal Customers
C04401,121,5,1267.17,3,At Risk
C04402,127,1,1205.1,3,At Risk
C04403,110,4,411.27,3,At Risk
C04404,319,3,3294.87,1,Low Value
C04406,76,3,637.78,3,At Risk
C04407,111,2,826.27,3,At Risk
C04408,400,5,3012.49,1,Low Value
C04409,125,2,1011.7099999999999,3,At Risk
C04410,101,3,1715.0300000000002,3,At Risk
C04411,145,21,5472.36,2,Loyal Customers
C04412,40,4,1820.4,3,At Risk
C04413,81,2,696.62,3,At Risk
C04414,107,2,795.44,3,At Risk
C04415,665,1,156.14,1,Low Value
C04416,39,4,1192.72,3,At Risk
C04417,211,4,737.78,3,At Risk
C04418,20,13,7407.91,2,Loyal Customers
C04419,49,6,3887.54,0,Potential Loyalists
C04420,154,1,102.73,3,At Risk
C04421,151,7,5397.8,0,Potential Loyalists
C04422,285,1,385.6,3,At Risk
C04423,159,4,766.27,3,At Risk
C04424,53,9,5699.59,2,Loyal Customers
C04425,15,9,2042.4,0,Potential Loyalists
C04426,81,9,2186.8,0,Potential Loyalists
C04427,134,6,1943.58,0,Potential Loyalists
C04428,41,23,10080.96,4,VIP Customers
C04429,122,4,1193.12,3,At Risk
C04430,103,2,1000.73,3,At Risk
C04431,308,1,45.11,1,Low Value
C04432,28,16,8904.09,2,Loyal Customers
C04433,97,6,1428.4,3,At Risk
C04434,29,10,1156.2,0,Potential Loyalists
C04435,99,2,751.11,3,At Risk
C04436,31,4,1221.78,3,At Risk
C04437,78,10,2863.05,0,Potential Loyalists
C04438,51,6,3413.06,0,Potential Loyalists
C04440,117,4,943.51,3,At Risk
C04441,145,2,257.82,3,At Risk
C04442,29,5,1732.3,3,At Risk
C04444,4,3,289.26,3,At Risk
C04447,252,1,24.62,3,At Risk
C04448,60,10,2654.58,0,Potential Loyalists
C04449,468,1,62.06,1,Low Value
C04450,113,3,3016.86,3,At Risk
C04451,171,2,95.78999999999999,3,At Risk
C04452,35,2,300.37,3,At Risk
C04453,129,12,1826.94,0,Potential Loyalists
C04454,447,1,849.18,1,Low Value
C04455,433,1,28.54,1,Low Value
C04456,26,17,6784.52,2,Loyal Customers
C04457,176,5,918.4200000000001,3,At Risk
C04460,463,1,77.57,1,Low Value
C04461,39,13,4087.14,2,Loyal Customers
C04462,20,2,496.11,3,At Risk
C04463,48,12,3066.17,0,Potential Loyalists
C04464,9,31,9965.4,4,VIP Customers
C04465,5,6,2324.77,0,Potential Loyalists
C04467,457,1,37.5,1,Low Value
C04468,142,3,1254.11,3,At Risk
C04469,649,2,809.23,1,Low Value
C04470,106,5,706.2,3,At Risk
C04471,106,4,2088.49,3,At Risk
C04472,99,11,3184.7,0,Potential Loyalists
C04473,411,3,723.8199999999999,1,Low Value
C04474,95,8,2646.5299999999997,0,Potential Loyalists
C04475,16,17,5113.97,2,Loyal Customers
C04476,36,2,674.0799999999999,3,At Risk
C04477,622,1,221.96,1,Low Value
C04478,687,1,156.53,1,Low Value
C04480,614,1,157.92,1,Low Value
C04481,23,2,973.69,3,At Risk
C04482,189,2,838.65,3,At Risk
C04483,45,27,8870.4,4,VIP Customers
C04484,282,1,89.14,3,At Risk
C04485,421,2,1573.34,1,Low Value
C04487,121,2,842.73,3,At Risk
C04488,299,4,1265.76,3,At Risk
C04489,6,22,12183.95,4,VIP Customers
C04492,515,2,413.8,1,Low Value
C04493,119,2,450.47,3,At Risk
C04495,3,5,1868.6399999999999,0,Potential Loyalists
C04497,579,2,274.38,1,Low Value
C04498,88,6,2777.71,0,Potential Loyalists
C04499,556,1,932.02,1,Low Value
C04501,2,21,7056.7,2,Loyal Customers
C04502,488,1,784.59,1,Low Value
C04503,8,12,1628.6799999999998,0,Potential Loyalists
C04504,572,1,226.94,1,Low Value
C04505,45,3,846.1499999999999,3,At Risk
C04506,27,3,2638.8599999999997,3,At Risk
C04507,619,1,50.12,1,Low Value
C04508,465,1,697.42,1,Low Value
C04509,566,1,16.79,1,Low Value
C04510,67,9,1604.12,0,Potential Loyalists
C04511,268,7,1904.34,3,At Risk
C04512,60,1,1368.74,3,At Risk
C04513,191,2,2424.69,3,At Risk
C04514,60,11,5142.3,2,Loyal Customers
C04515,231,4,2446.65,3,At Risk
C04516,262,2,336.17,3,At Risk
C04517,68,8,2255.36,0,Potential Loyalists
C04518,79,3,1238.81,3,At Risk
C04519,218,2,286.3,3,At Risk
C04520,553,1,222.08,1,Low Value
C04521,370,3,2157.13,1,Low Value
C04522,15,15,6126.24,2,Loyal Customers
C04523,18,14,4678.17,2,Loyal Customers
C04525,12,11,4284.91,0,Potential Loyalists
C04526,264,1,70.11,3,At Risk
C04527,175,1,269.11,3,At Risk
C04528,61,6,1536.38,0,Potential Loyalists
C04529,234,2,569.9399999999999,3,At Risk
C04530,38,5,2735.59,0,Potential Loyalists
C04531,15,6,2238.33,0,Potential Loyalists
C04532,30,10,4990.099999999999,2,Loyal Customers
C04534,563,1,163.88,1,Low Value
C04535,25,19,7379.1,2,Loyal Customers
C04536,672,1,295.56,1,Low Value
C04537,105,4,1892.23,3,At Risk
C04538,436,3,1188.6599999999999,1,Low Value
C04539,249,2,694.52,3,At Risk
C04540,208,5,1791.1599999999999,3,At Risk
C04542,182,9,1648.71,0,Potential Loyalists
C04544,326,1,310.67,1,Low Value
C04546,81,3,435.71999999999997,3,At Risk
C04547,5,7,1870.1599999999999,0,Potential Loyalists
C04548,11,13,2369.0299999999997,0,Potential Loyalists
C04549,94,4,3096.04,0,Potential Loyalists
C04550,291,4,1613.99,3,At Risk
C04551,70,12,9574.51,2,Loyal Customers
C04552,10,4,399.85,3,At Risk
C04553,636,1,722.9,1,Low Value
C04554,248,7,2752.41,0,Potential Loyalists
C04555,33,4,1486.49,3,At Risk
C04556,136,4,220.03,3,At Risk
C04557,207,2,596.7,3,At Risk
C04558,281,1,81.57,3,At Risk
C04559,1,5,3608.74,0,Potential Loyalists
C04560,52,9,1595.51,0,Potential Loyalists
C04561,26,16,7312.66,2,Loyal Customers
C04562,306,2,564.72,1,Low Value
C04563,115,7,1655.9199999999998,0,Potential Loyalists
C04564,337,1,138.34,1,Low Value
C04565,186,3,1194.1999999999998,3,At Risk
C04566,21,9,4912.73,0,Potential Loyalists
C04567,28,11,7263.46,2,Loyal Customers
C04568,6,12,5225.0,2,Loyal Customers
C04569,432,1,662.85,1,Low Value
C04570,59,9,4333.95,0,Potential Loyalists
C04571,14,13,5794.65,2,Loyal Customers
C04572,519,2,768.79,1,Low Value
C04573,303,3,650.86,3,At Risk
C04574,16,7,1858.63,0,Potential Loyalists
C04575,277,6,1887.31,3,At Risk
C04576,23,30,18145.11,4,VIP Customers
C04577,193,2,290.76,3,At Risk
C04578,182,6,3418.27,0,Potential Loyalists
C04579,313,3,736.0699999999999,1,Low Value
C04580,358,4,289.75,1,Low Value
C04581,11,13,5254.07,2,Loyal Customers
C04582,22,7,3940.8399999999997,0,Potential Loyalists
C04583,409,4,2217.38,1,Low Value
C04585,342,1,266.8,1,Low Value
C04586,68,5,1262.54,3,At Risk
C04587,60,13,4346.36,2,Loyal Customers
C04588,210,2,159.51000000000002,3,At Risk
C04591,114,3,598.73,3,At Risk
C04592,35,12,2432.76,0,Potential Loyalists
C04593,43,3,654.0,3,At Risk
C04594,147,8,2587.11,0,Potential Loyalists
C04595,35,5,1515.42,3,At Risk
C04597,18,11,2584.36,0,Potential Loyalists
C04598,38,8,1657.84,0,Potential Loyalists
C04599,39,9,1508.61,0,Potential Loyalists
C04600,27,15,10011.69,2,Loyal Customers
C04601,19,10,3476.23,0,Potential Loyalists
C04602,14,6,1094.94,3,At Risk
C04603,70,10,2056.24,0,Potential Loyalists
C04604,25,25,7439.8099999999995,4,VIP Customers
C04605,144,2,139.94,3,At Risk
C04607,67,3,1247.74,3,At Risk
C04608,214,4,2228.2,3,At Risk
C04612,47,5,1091.93,3,At Risk
C04613,50,3,577.2099999999999,3,At Risk
C04614,214,2,429.36,3,At Risk
C04615,19,1,434.66,3,At Risk
C04616,56,7,3793.87,0,Potential Loyalists
C04617,321,1,472.72,1,Low Value
C04618,427,1,117.74,1,Low Value
C04619,91,10,3902.09,0,Potential Loyalists
C04621,302,3,470.49,3,At Risk
C04622,78,2,349.58,3,At Risk
C04623,491,1,605.68,1,Low Value
C04624,346,8,4242.47,0,Potential Loyalists
C04625,309,3,287.08000000000004,1,Low Value
C04627,27,7,2673.19,0,Potential Loyalists
C04628,443,3,1214.17,1,Low Value
C04629,698,1,42.6,1,Low Value
C04631,74,11,2316.6,0,Potential Loyalists
C04632,60,8,1915.18,0,Potential Loyalists
C04633,29,3,2125.41,3,At Risk
C04634,107,9,2787.48,0,Potential Loyalists
C04636,50,6,1606.44,0,Potential Loyalists
C04638,539,3,640.51,1,Low Value
C04640,379,2,381.65999999999997,1,Low Value
C04641,360,1,103.14,1,Low Value
C04642,34,3,971.0899999999999,3,At Risk
C04644,425,1,143.45,1,Low Value
C04645,258,7,4230.97,0,Potential Loyalists
C04646,506,2,240.76,1,Low Value
C04647,192,4,373.65999999999997,3,At Risk
C04648,722,2,1021.0500000000001,1,Low Value
C04650,13,2,226.52999999999997,3,At Risk
C04651,52,13,3207.71,0,Potential Loyalists
C04652,380,1,222.5,1,Low Value
C04654,350,3,915.9000000000001,1,Low Value
C04655,82,16,4526.98,2,Loyal Customers
C04656,22,18,6004.03,2,Loyal Customers
C04657,235,6,1825.8,3,At Risk
C04658,117,4,1657.03,3,At Risk
C04659,4,8,3355.83,0,Potential Loyalists
C04660,206,3,637.47,3,At Risk
C04661,19,7,4769.749999999999,0,Potential Loyalists
C04662,21,17,4502.17,2,Loyal Customers
C04663,78,5,3583.2400000000002,0,Potential Loyalists
C04664,447,1,189.23,1,Low Value
C04665,310,3,552.13,1,Low Value
C04666,16,7,1928.87,0,Potential Loyalists
C04667,37,2,953.6800000000001,3,At Risk
C04668,258,2,183.22,3,At Risk
C04671,620,2,454.97,1,Low Value
C04672,95,10,2651.06,0,Potential Loyalists
C04673,650,1,154.24,1,Low Value
C04674,28,5,1328.0,3,At Risk
C04675,217,2,677.8399999999999,3,At Risk
C04677,4,15,8031.43,2,Loyal Customers
C04678,83,7,1553.22,0,Potential Loyalists
C04679,187,1,72.23,3,At Risk
C04680,376,4,2547.84,1,Low Value
C04681,36,4,1793.45,3,At Risk
C04682,114,23,10425.34,4,VIP Customers
C04683,123,2,950.3699999999999,3,At Risk
C04684,445,1,185.88,1,Low Value
C04685,15,8,2893.54,0,Potential Loyalists
C04686,130,13,5053.66,2,Loyal Customers
C04688,33,9,3642.54,0,Potential Loyalists
C04690,10,13,3922.1400000000003,2,Loyal Customers
C04691,528,2,1367.56,1,Low Value
C04692,80,15,5658.02,2,Loyal Customers
C04693,75,4,1105.73,3,At Risk
C04694,147,4,1172.85,3,At Risk
C04695,50,16,5779.66,2,Loyal Customers
C04696,1,27,11602.24,4,VIP Customers
C04697,110,3,5478.1900000000005,0,Potential Loyalists
C04699,268,2,161.35,3,At Risk
C04700,106,3,1652.4699999999998,3,At Risk
C04701,92,7,1829.8,0,Potential Loyalists
C04702,33,4,1354.46,3,At Risk
C04704,101,8,2493.96,0,Potential Loyalists
C04705,3,3,1059.1799999999998,3,At Risk
C04706,386,1,55.52,1,Low Value
C04707,318,4,1221.52,1,Low Value
C04708,48,4,1992.6,3,At Risk
C04709,13,13,7505.14,2,Loyal Customers
C04710,614,1,144.19,1,Low Value
C04711,227,5,1285.82,3,At Risk
C04712,98,2,1282.98,3,At Risk
C04713,22,5,833.49,3,At Risk
C04714,17,9,3257.96,0,Potential Loyalists
C04715,307,4,1628.8799999999999,3,At Risk
C04717,1,4,800.19,3,At Risk
C04718,80,16,8690.29,2,Loyal Customers
C04719,123,2,1648.1399999999999,3,At Risk
C04720,475,2,2778.7000000000003,1,Low Value
C04721,13,7,4784.88,0,Potential Loyalists
C04722,85,7,904.46,3,At Risk
C04725,39,14,7293.67,2,Loyal Customers
C04726,377,1,26.86,1,Low Value
C04728,45,9,1982.96,0,Potential Loyalists
C04730,114,12,6205.860000000001,2,Loyal Customers
C04731,58,7,2424.3999999999996,0,Potential Loyalists
C04732,32,6,2289.26,0,Potential Loyalists
C04733,16,9,1459.87,0,Potential Loyalists
C04734,572,1,194.19,1,Low Value
C04735,573,1,427.49,1,Low Value
C04736,2,8,3715.8999999999996,0,Potential Loyalists
C04737,79,2,1940.97,3,At Risk
C04738,58,15,11576.86,4,VIP Customers
C04739,67,7,5173.54,0,Potential Loyalists
C04741,23,7,1887.27,0,Potential Loyalists
C04744,143,5,1828.19,3,At Risk
C04745,67,6,1785.1599999999999,0,Potential Loyalists
C04746,74,3,3198.8,0,Potential Loyalists
C04747,278,2,939.5799999999999,3,At Risk
C04748,273,3,1683.3000000000002,3,At Risk
C04749,295,1,511.23,3,At Risk
C04750,18,3,1327.64,3,At Risk
C04751,278,2,157.52,3,At Risk
C04752,35,6,1641.03,0,Potential Loyalists
C04753,38,7,3820.16,0,Potential Loyalists
C04754,178,2,679.7,3,At Risk
C04755,269,1,183.34,3,At Risk
C04756,116,7,2773.94,0,Potential Loyalists
C04757,46,9,1564.99,0,Potential Loyalists
C04758,70,9,6211.76,2,Loyal Customers
C04759,607,1,153.07,1,Low Value
C04761,110,7,2287.56,0,Potential Loyalists
C04762,83,3,826.6899999999999,3,At Risk
C04763,211,3,500.82,3,At Risk
C04764,304,6,650.95,3,At Risk
C04765,340,1,66.9,1,Low Value
C04766,43,4,1292.2099999999998,3,At Risk
C04767,152,6,3570.52,0,Potential Loyalists
C04768,4,4,1529.48,3,At Risk
C04769,77,5,967.7,3,At Risk
C04770,427,2,283.34,1,Low Value
C04773,426,2,4580.16,1,Low Value
C04774,70,1,185.65,3,At Risk
C04775,174,8,4275.46,0,Potential Loyalists
C04776,202,10,2683.95,0,Potential Loyalists
C04779,2,15,3709.66,2,Loyal Customers
C04780,479,3,686.8,1,Low Value
C04781,213,1,293.07,3,At Risk
C04782,101,4,1254.25,3,At Risk
C04783,41,4,1330.0600000000002,3,At Risk
C04784,91,3,1686.02,3,At Risk
C04785,14,7,3152.81,0,Potential Loyalists
C04786,155,2,324.36,3,At Risk
C04788,15,5,1407.88,3,At Risk
C04789,137,7,1205.1499999999999,3,At Risk
C04790,150,3,317.01,3,At Risk
C04791,374,1,80.58,1,Low Value
C04793,9,15,6562.87,2,Loyal Customers
C04794,79,6,1695.6100000000001,0,Potential Loyalists
C04795,58,4,6040.35,0,Potential Loyalists
C04796,6,6,6853.54,2,Loyal Customers
C04798,6,3,1445.13,3,At Risk
C04800,84,7,4055.68,0,Potential Loyalists
C04801,132,3,1101.95,3,At Risk
C04802,26,13,2068.21,0,Potential Loyalists
C04803,23,4,983.18,3,At Risk
C04804,12,9,3340.69,0,Potential Loyalists
C04805,118,2,851.19,3,At Risk
C04806,3,1,338.62,3,At Risk
C04807,18,17,3466.62,2,Loyal Customers
C04808,133,6,3067.06,0,Potential Loyalists
C04809,31,13,5695.93,2,Loyal Customers
C04811,166,3,786.79,3,At Risk
C04812,31,4,1291.77,3,At Risk
C04813,131,1,47.1,3,At Risk
C04814,66,2,156.62,3,At Risk
C04815,657,1,363.29,1,Low Value
C04817,646,1,194.12,1,Low Value
C04818,193,2,219.52,3,At Risk
C04820,61,1,66.36,3,At Risk
C04821,99,1,480.92,3,At Risk
C04822,63,4,2183.68,3,At Risk
C04823,174,11,4349.7300000000005,0,Potential Loyalists
C04824,206,2,180.58,3,At Risk
C04825,35,3,1470.7,3,At Risk
C04826,4,10,3631.38,0,Potential Loyalists
C04827,154,11,5109.43,2,Loyal Customers
C04829,170,2,668.13,3,At Risk
C04830,31,5,2219.77,0,Potential Loyalists
C04831,497,1,55.08,1,Low Value
C04832,122,8,2806.14,0,Potential Loyalists
C04833,40,13,10564.28,2,Loyal Customers
C04834,5,16,5314.83,2,Loyal Customers
C04835,590,1,41.64,1,Low Value
C04836,651,1,14.27,1,Low Value
C04837,25,11,2082.13,0,Potential Loyalists
C04838,471,3,712.03,1,Low Value
C04839,228,1,269.63,3,At Risk
C04840,194,5,1361.31,3,At Risk
C04841,212,4,2304.36,3,At Risk
C04842,71,2,482.11,3,At Risk
C04843,38,14,4978.6,2,Loyal Customers
C04844,607,1,1315.8,1,Low Value
C04846,220,4,2342.52,3,At Risk
C04847,52,2,556.7,3,At Risk
C04848,280,1,29.39,3,At Risk
C04849,194,5,969.11,3,At Risk
C04850,68,7,1637.44,0,Potential Loyalists
C04851,74,12,2767.48,0,Potential Loyalists
C04852,445,1,474.15,1,Low Value
C04853,159,6,1620.05,3,At Risk
C04854,38,2,1308.3400000000001,3,At Risk
C04855,29,11,4581.65,2,Loyal Customers
C04856,14,2,314.11,3,At Risk
C04858,36,7,2608.26,0,Potential Loyalists
C04859,31,1,75.73,3,At Risk
C04860,77,2,487.04999999999995,3,At Risk
C04861,31,6,2055.8700000000003,0,Potential Loyalists
C04862,52,8,1418.42,0,Potential Loyalists
C04863,430,2,909.7199999999999,1,Low Value
C04864,133,1,665.77,3,At Risk
C04866,723,1,667.81,1,Low Value
C04867,41,4,682.95,3,At Risk
C04868,148,2,223.12,3,At Risk
C04870,403,2,154.62,1,Low Value
C04871,153,7,4576.88,0,Potential Loyalists
C04872,49,9,1853.81,0,Potential Loyalists
C04873,3,11,4460.21,2,Loyal Customers
C04875,8,23,9163.949999999999,4,VIP Customers
C04876,31,4,1816.0700000000002,3,At Risk
C04877,25,32,11135.75,4,VIP Customers
C04878,26,1,57.23,3,At Risk
C04879,109,5,2762.58,0,Potential Loyalists
C04880,207,4,1224.8899999999999,3,At Risk
C04881,359,2,495.1,1,Low Value
C04882,112,6,1378.78,3,At Risk
C04883,19,7,4707.8,0,Potential Loyalists
C04884,59,15,7127.0199999999995,2,Loyal Customers
C04885,292,3,1018.2099999999999,3,At Risk
C04886,48,5,659.29,3,At Risk
C04888,12,33,12234.29,4,VIP Customers
C04889,417,4,970.9499999999999,1,Low Value
C04890,80,11,4112.97,0,Potential Loyalists
C04891,677,1,49.34,1,Low Value
C04892,229,2,189.67000000000002,3,At Risk
C04893,15,16,7109.33,2,Loyal Customers
C04894,214,1,241.25,3,At Risk
C04895,50,2,438.6,3,At Risk
C04897,31,4,2038.31,3,At Risk
C04899,382,1,76.7,1,Low Value
C04900,503,2,1577.14,1,Low Value
C04901,128,10,3974.45,0,Potential Loyalists
C04902,75,4,837.1999999999999,3,At Risk
C04904,5,12,4480.99,2,Loyal Customers
C04905,20,14,5338.08,2,Loyal Customers
C04907,137,6,2848.3199999999997,0,Potential Loyalists
C04908,215,2,781.73,3,At Risk
C04910,100,1,312.47,3,At Risk
C04911,47,2,278.09000000000003,3,At Risk
C04912,116,5,2288.42,0,Potential Loyalists
C04914,70,4,1990.1,3,At Risk
C04915,550,1,467.67,1,Low Value
C04916,70,5,422.76,3,At Risk
C04917,77,2,1010.14,3,At Risk
C04920,64,5,2176.28,0,Potential Loyalists
C04921,129,5,2277.58,3,At Risk
C04922,42,13,3952.51,2,Loyal Customers
C04923,234,2,1774.6599999999999,3,At Risk
C04924,127,4,762.86,3,At Risk
C04925,33,17,6867.41,2,Loyal Customers
C04926,18,7,5645.67,0,Potential Loyalists
C04928,44,5,3910.4100000000003,0,Potential Loyalists
C04929,541,1,81.22,1,Low Value
C04930,12,16,2770.15,2,Loyal Customers
C04931,206,3,802.6800000000001,3,At Risk
C04932,135,4,1257.3,3,At Risk
C04934,195,3,1210.06,3,At Risk
C04935,11,10,5531.07,2,Loyal Customers
C04937,2,4,1579.7400000000002,3,At Risk
C04938,17,11,4135.1900000000005,0,Potential Loyalists
C04939,682,1,260.08,1,Low Value
C04940,567,1,67.98,1,Low Value
C04941,32,5,1449.95,3,At Risk
C04942,33,6,2270.52,0,Potential Loyalists
C04945,137,7,1525.1,0,Potential Loyalists
C04946,63,8,3641.9,0,Potential Loyalists
C04949,721,1,38.35,1,Low Value
C04950,5,7,2577.2999999999997,0,Potential Loyalists
C04951,627,1,331.42,1,Low Value
C04952,101,7,1305.3899999999999,0,Potential Loyalists
C04954,14,11,3250.52,0,Potential Loyalists
C04955,131,5,5567.7,0,Potential Loyalists
C04956,6,7,3009.5,0,Potential Loyalists
C04957,330,2,440.13,1,Low Value
C04958,81,5,3656.98,0,Potential Loyalists
C04960,588,1,99.63,1,Low Value
C04961,381,1,669.1,1,Low Value
C04962,38,14,2937.33,0,Potential Loyalists
C04963,80,6,2302.41,0,Potential Loyalists
C04964,161,6,1983.99,3,At Risk
C04965,321,2,3060.21,1,Low Value
C04967,214,6,1484.27,3,At Risk
C04968,32,7,5721.89,0,Potential Loyalists
C04969,599,2,259.62,1,Low Value
C04970,185,4,1546.94,3,At Risk
C04971,96,12,6509.87,2,Loyal Customers
C04972,54,16,8124.0,2,Loyal Customers
C04973,6,6,4058.99,0,Potential Loyalists
C04974,245,4,478.45,3,At Risk
C04975,505,2,299.09000000000003,1,Low Value
C04976,59,7,2053.67,0,Potential Loyalists
C04977,243,1,636.02,3,At Risk
C04978,405,3,1091.86,1,Low Value
C04979,259,5,4037.3399999999997,0,Potential Loyalists
C04980,163,2,1006.01,3,At Risk
C04981,98,4,1796.1100000000001,3,At Risk
C04982,58,5,3311.52,0,Potential Loyalists
C04983,134,6,982.55,3,At Risk
C04984,94,3,2709.0,3,At Risk
C04985,253,1,152.87,3,At Risk
C04987,34,6,2483.19,0,Potential Loyalists
C04988,17,7,3943.85,0,Potential Loyalists
C04989,108,1,72.79,3,At Risk
C04990,11,17,5535.21,2,Loyal Customers
C04992,17,20,6014.02,2,Loyal Customers
C04993,71,3,171.99,3,At Risk
C04995,135,2,1759.1899999999998,3,At Risk
C04997,147,6,1348.9,3,At Risk
C04998,79,9,2748.83,0,Potential Loyalists
C04999,85,10,5390.17,2,Loyal Customers
C05000,507,1,1389.36,1,Low Value
C05001,33,2,405.88,3,At Risk
C05002,478,1,370.5,1,Low Value
C05003,607,1,47.85,1,Low Value
C05004,142,3,365.0,3,At Risk
C05006,107,5,998.29,3,At Risk
C05007,385,2,198.49,1,Low Value
C05008,515,3,634.77,1,Low Value
C05009,315,2,581.99,1,Low Value
C05010,111,4,1381.84,3,At Risk
C05011,74,3,514.25,3,At Risk
C05012,98,3,1331.03,3,At Risk
C05013,55,1,61.2,3,At Risk
C05015,30,5,1370.8400000000001,3,At Risk
C05017,52,5,911.96,3,At Risk
C05018,457,2,659.7900000000001,1,Low Value
C05019,191,5,3199.0,0,Potential Loyalists
C05020,25,11,5593.92,2,Loyal Customers
C05021,73,7,1704.08,0,Potential Loyalists
C05022,227,1,569.07,3,At Risk
C05023,549,3,642.1500000000001,1,Low Value
C05024,119,12,2724.04,0,Potential Loyalists
C05026,98,7,795.35,3,At Risk
C05027,83,7,1734.63,0,Potential Loyalists
C05028,423,3,863.1100000000001,1,Low Value
C05029,266,3,566.73,3,At Risk
C05030,39,6,2133.31,0,Potential Loyalists
C05031,149,4,1278.78,3,At Risk
C05032,19,10,5527.75,2,Loyal Customers
C05033,488,3,578.49,1,Low Value
C05034,455,3,1843.06,1,Low Value
C05035,3,7,820.09,0,Potential Loyalists
C05036,58,8,2193.86,0,Potential Loyalists
C05037,37,5,713.28,3,At Risk
C05038,476,2,468.53,1,Low Value
C05039,122,5,1887.43,3,At Risk
C05040,74,13,3861.34,2,Loyal Customers
C05041,646,1,206.28,1,Low Value
C05042,442,1,78.26,1,Low Value
C05044,38,27,12808.18,4,VIP Customers
C05045,126,4,1631.12,3,At Risk
C05046,9,7,4557.8099999999995,0,Potential Loyalists
C05047,63,3,631.42,3,At Risk
C05048,247,5,1613.3899999999999,3,At Risk
C05049,166,3,1176.87,3,At Risk
C05050,30,10,2350.41,0,Potential Loyalists
C05051,162,1,450.15,3,At Risk
C05052,723,1,62.87,1,Low Value
C05053,92,2,241.86,3,At Risk
C05054,238,1,92.83,3,At Risk
C05055,36,2,817.2,3,At Risk
C05056,48,14,5231.87,2,Loyal Customers
C05057,1,7,5643.7300000000005,0,Potential Loyalists
C05058,6,13,6388.8,2,Loyal Customers
C05059,227,4,1141.28,3,At Risk
C05060,62,8,3082.7599999999998,0,Potential Loyalists
C05061,72,7,6694.31,2,Loyal Customers
C05062,39,6,1914.2000000000003,0,Potential Loyalists
C05063,89,6,2393.96,0,Potential Loyalists
C05064,388,4,1932.0,1,Low Value
C05065,291,4,3166.2000000000003,3,At Risk
C05066,198,2,412.64000000000004,3,At Risk
C05067,94,7,2206.67,0,Potential Loyalists
C05068,8,15,4525.639999999999,2,Loyal Customers
C05069,12,3,162.34,3,At Risk
C05070,97,9,5010.6,0,Potential Loyalists
C05071,67,9,4026.6,0,Potential Loyalists
C05072,641,1,102.59,1,Low Value
C05073,76,6,1530.21,3,At Risk
C05074,58,9,5435.37,2,Loyal Customers
C05075,37,3,6030.219999999999,0,Potential Loyalists
C05076,706,1,136.06,1,Low Value
C05077,45,7,2286.95,0,Potential Loyalists
C05078,207,5,1475.43,3,At Risk
C05079,5,7,2516.02,0,Potential Loyalists
C05082,23,16,5238.13,2,Loyal Customers
C05083,309,2,187.43,1,Low Value
C05084,30,9,8361.03,2,Loyal Customers
C05085,42,7,2197.94,0,Potential Loyalists
C05086,43,6,2569.69,0,Potential Loyalists
C05087,454,1,215.43,1,Low Value
C05088,129,2,305.72,3,At Risk
C05089,10,16,7886.15,2,Loyal Customers
C05090,333,3,1811.27,1,Low Value
C05091,278,5,997.5,3,At Risk
C05092,104,4,736.28,3,At Risk
C05094,25,10,1731.49,0,Potential Loyalists
C05095,58,7,4731.1900000000005,0,Potential Loyalists
C05096,26,27,10316.949999999999,4,VIP Customers
C05097,85,2,372.48,3,At Risk
C05098,52,9,3398.2,0,Potential Loyalists
C05100,347,6,2551.7400000000002,1,Low Value
C05101,81,7,2459.6000000000004,0,Potential Loyalists
C05102,96,7,2029.6100000000001,0,Potential Loyalists
C05103,201,9,2267.3,0,Potential Loyalists
C05104,80,9,3633.85,0,Potential Loyalists
C05105,189,9,3597.16,0,Potential Loyalists
C05106,25,13,5283.77,2,Loyal Customers
C05108,98,10,3196.73,0,Potential Loyalists
C05109,79,8,2888.03,0,Potential Loyalists
C05112,87,8,1091.04,0,Potential Loyalists
C05113,410,2,458.90999999999997,1,Low Value
C05114,15,4,1075.89,3,At Risk
C05115,229,5,2274.74,3,At Risk
C05116,21,21,6866.6900000000005,2,Loyal Customers
C05117,149,10,2099.12,0,Potential Loyalists
C05118,414,1,218.47,1,Low Value
C05119,218,2,211.28000000000003,3,At Risk
C05121,88,1,844.74,3,At Risk
C05123,65,14,7365.82,2,Loyal Customers
C05124,561,4,575.34,1,Low Value
C05125,527,1,40.2,1,Low Value
C05126,160,2,311.27,3,At Risk
C05127,128,4,1422.2199999999998,3,At Risk
C05128,230,3,2071.7000000000003,3,At Risk
C05130,60,24,10687.04,4,VIP Customers
C05134,125,7,984.95,3,At Risk
C05135,426,2,228.23000000000002,1,Low Value
C05137,307,3,492.49,1,Low Value
C05138,188,4,1120.49,3,At Risk
C05140,303,3,1875.52,3,At Risk
C05142,578,1,3138.37,1,Low Value
C05143,35,5,3273.5699999999997,0,Potential Loyalists
C05146,109,5,4004.0499999999997,0,Potential Loyalists
C05147,724,1,345.1,1,Low Value
C05149,250,4,429.79,3,At Risk
C05150,46,17,5295.86,2,Loyal Customers
C05151,85,8,3165.0,0,Potential Loyalists
C05152,64,8,2426.1,0,Potential Loyalists
C05153,120,6,1763.4399999999998,3,At Risk
C05154,5,14,4458.97,2,Loyal Customers
C05155,105,8,1946.96,0,Potential Loyalists
C05156,83,7,4678.65,0,Potential Loyalists
C05157,312,3,252.48000000000002,1,Low Value
C05158,11,1,293.95,3,At Risk
C05159,64,4,1189.0,3,At Risk
C05160,47,19,11189.36,4,VIP Customers
C05161,216,4,644.98,3,At Risk
C05162,106,4,1675.9199999999998,3,At Risk
C05163,176,2,606.5,3,At Risk
C05164,85,4,3661.52,0,Potential Loyalists
C05165,449,3,809.4399999999999,1,Low Value
C05166,79,6,1698.57,0,Potential Loyalists
C05167,222,2,105.81,3,At Risk
C05168,2,6,2168.17,0,Potential Loyalists
C05169,22,10,3756.4,0,Potential Loyalists
C05170,4,14,4213.94,2,Loyal Customers
C05171,688,1,74.17,1,Low Value
C05172,1,17,4199.08,2,Loyal Customers
C05173,282,3,872.52,3,At Risk
C05174,20,1,151.44,3,At Risk
C05175,118,4,1369.79,3,At Risk
C05176,550,2,387.56,1,Low Value
C05178,22,1,181.54,3,At Risk
C05179,22,9,3822.4900000000002,0,Potential Loyalists
C05181,96,8,3019.9399999999996,0,Potential Loyalists
C05182,41,7,2061.37,0,Potential Loyalists
C05183,4,7,5304.42,0,Potential Loyalists
C05184,69,12,4879.2,2,Loyal Customers
C05185,45,6,1965.22,0,Potential Loyalists
C05187,387,2,1009.5899999999999,1,Low Value
C05188,181,4,472.74,3,At Risk
C05189,58,4,2179.93,3,At Risk
C05190,14,1,36.53,3,At Risk
C05191,4,6,2325.17,0,Potential Loyalists
C05192,62,7,5406.56,0,Potential Loyalists
C05193,49,4,1255.18,3,At Risk
C05194,10,8,3840.61,0,Potential Loyalists
C05195,40,10,1950.95,0,Potential Loyalists
C05196,67,6,2414.71,0,Potential Loyalists
C05197,30,4,422.96,3,At Risk
C05198,174,8,1338.3,0,Potential Loyalists
C05199,7,17,5815.45,2,Loyal Customers
C05200,324,2,189.38,1,Low Value
C05201,592,1,115.96,1,Low Value
C05202,257,1,96.83,3,At Risk
C05203,49,6,2416.13,0,Potential Loyalists
C05204,129,15,6384.0,2,Loyal Customers
C05205,293,1,1988.5,3,At Risk
C05207,113,13,4186.73,2,Loyal Customers
C05208,1,15,5629.87,2,Loyal Customers
C05209,247,1,80.41,3,At Risk
C05210,485,2,1515.54,1,Low Value
C05211,501,3,758.02,1,Low Value
C05212,14,3,1306.54,3,At Risk
C05213,128,8,3158.67,0,Potential Loyalists
C05214,161,3,1350.31,3,At Risk
C05216,127,2,1777.8999999999999,3,At Risk
C05217,108,2,301.38,3,At Risk
C05219,461,1,73.62,1,Low Value
C05220,82,10,4451.02,0,Potential Loyalists
C05221,102,1,1372.59,3,At Risk
C05222,172,12,8068.2699999999995,2,Loyal Customers
C05223,381,2,516.7,1,Low Value
C05224,94,6,2710.52,0,Potential Loyalists
C05225,325,1,1787.7,1,Low Value
C05226,39,1,62.87,3,At Risk
C05227,69,4,1611.82,3,At Risk
C05228,121,5,1274.31,3,At Risk
C05229,112,3,883.5699999999999,3,At Risk
C05230,89,9,3555.46,0,Potential Loyalists
C05231,163,4,1277.78,3,At Risk
C05232,17,4,2272.5,0,Potential Loyalists
C05233,68,7,3377.05,0,Potential Loyalists
C05234,160,1,28.54,3,At Risk
C05235,141,19,12016.92,4,VIP Customers
C05236,33,8,6466.639999999999,2,Loyal Customers
C05237,356,1,175.47,1,Low Value
C05238,702,1,94.8,1,Low Value
C05239,89,6,953.9,3,At Risk
C05240,238,10,5629.42,2,Loyal Customers
C05241,329,2,469.96000000000004,1,Low Value
C05242,4,7,786.89,0,Potential Loyalists
C05243,313,3,2139.04,1,Low Value
C05244,518,1,3260.36,1,Low Value
C05245,602,1,1347.25,1,Low Value
C05246,48,3,1024.98,3,At Risk
C05247,52,12,5296.67,2,Loyal Customers
C05248,640,1,45.11,1,Low Value
C05249,93,3,418.61,3,At Risk
C05252,60,7,3264.7799999999997,0,Potential Loyalists
C05253,25,1,152.96,3,At Risk
C05254,27,4,648.2,3,At Risk
C05255,54,10,4395.87,0,Potential Loyalists
C05256,33,11,3580.85,0,Potential Loyalists
C05257,227,2,1160.21,3,At Risk
C05258,118,8,656.2900000000001,3,At Risk
C05259,25,5,4777.47,0,Potential Loyalists
C05260,60,10,3857.1600000000003,0,Potential Loyalists
C05261,208,6,3338.93,0,Potential Loyalists
C05262,482,1,229.45,1,Low Value
C05263,124,3,1949.36,3,At Risk
C05264,85,4,606.36,3,At Risk
C05265,112,7,2797.66,0,Potential Loyalists
C05266,5,3,572.6500000000001,3,At Risk
C05267,124,1,1017.27,3,At Risk
C05268,15,7,1028.23,0,Potential Loyalists
C05269,87,3,1590.49,3,At Risk
C05271,567,1,178.17,1,Low Value
C05272,83,3,538.6800000000001,3,At Risk
C05273,177,3,971.05,3,At Risk
C05274,84,2,231.66,3,At Risk
C05277,193,1,2640.4,3,At Risk
C05278,449,3,682.0699999999999,1,Low Value
C05280,573,4,1605.24,1,Low Value
C05284,169,1,85.18,3,At Risk
C05285,35,4,2854.84,0,Potential Loyalists
C05286,686,1,571.86,1,Low Value
C05287,60,8,1940.32,0,Potential Loyalists
C05288,541,1,364.89,1,Low Value
C05289,48,2,363.09000000000003,3,At Risk
C05290,49,2,367.89,3,At Risk
C05291,26,6,1953.8899999999999,0,Potential Loyalists
C05293,504,2,1759.99,1,Low Value
C05294,490,3,1237.51,1,Low Value
C05295,285,2,1993.4199999999998,3,At Risk
C05296,75,10,2120.07,0,Potential Loyalists
C05297,55,5,1707.33,3,At Risk
C05298,109,4,728.42,3,At Risk
C05299,15,9,4849.2300000000005,0,Potential Loyalists
C05300,10,5,698.24,3,At Risk
C05302,26,9,5919.96,2,Loyal Customers
C05304,196,2,299.14,3,At Risk
C05305,43,8,3061.39,0,Potential Loyalists
C05306,10,12,5436.34,2,Loyal Customers
C05307,287,2,755.02,3,At Risk
C05308,189,4,1822.41,3,At Risk
C05310,381,1,46.34,1,Low Value
C05312,35,10,3093.02,0,Potential Loyalists
C05313,21,13,3867.54,2,Loyal Customers
C05314,485,1,1369.71,1,Low Value
C05316,161,3,2236.5,3,At Risk
C05317,64,13,4063.9700000000003,2,Loyal Customers
C05318,125,2,1064.37,3,At Risk
C05320,16,14,5534.72,2,Loyal Customers
C05321,16,10,3247.57,0,Potential Loyalists
C05323,20,16,7268.450000000001,2,Loyal Customers
C05324,134,7,1674.05,0,Potential Loyalists
C05325,207,2,157.13,3,At Risk
C05326,91,3,815.0,3,At Risk
C05327,39,6,3638.87,0,Potential Loyalists
C05328,115,6,2788.6800000000003,0,Potential Loyalists
C05330,56,12,4345.1900000000005,2,Loyal Customers
C05332,106,6,1331.23,3,At Risk
C05333,89,6,1922.44,0,Potential Loyalists
C05334,50,3,1249.41,3,At Risk
C05335,579,1,145.25,1,Low Value
C05336,27,11,3422.85,0,Potential Loyalists
C05337,223,1,2231.32,3,At Risk
C05338,123,5,3401.17,0,Potential Loyalists
C05339,107,7,2923.6800000000003,0,Potential Loyalists
C05340,96,8,1731.8500000000001,0,Potential Loyalists
C05341,7,4,539.6,3,At Risk
C05342,675,2,668.81,1,Low Value
C05343,294,2,669.95,3,At Risk
C05344,20,11,3472.33,0,Potential Loyalists
C05345,198,4,1717.8,3,At Risk
C05347,31,10,3200.42,0,Potential Loyalists
C05348,89,5,892.14,3,At Risk
C05349,383,1,48.42,1,Low Value
C05350,16,29,10145.98,4,VIP Customers
C05351,35,10,4325.72,0,Potential Loyalists
C05352,86,2,609.19,3,At Risk
C05354,57,6,2645.5699999999997,0,Potential Loyalists
C05355,91,9,3407.17,0,Potential Loyalists
C05356,357,1,86.16,1,Low Value
C05357,116,2,1348.13,3,At Risk
C05358,215,3,608.1800000000001,3,At Risk
C05359,265,2,387.07,3,At Risk
C05362,106,6,2660.35,0,Potential Loyalists
C05363,18,4,4558.96,0,Potential Loyalists
C05364,89,2,198.22,3,At Risk
C05365,338,1,31.36,1,Low Value
C05367,111,2,466.81999999999994,3,At Risk
C05368,95,22,6304.44,2,Loyal Customers
C05369,49,11,4484.79,0,Potential Loyalists
C05370,130,2,3929.54,0,Potential Loyalists
C05371,18,2,221.94,3,At Risk
C05372,469,1,134.01,1,Low Value
C05373,200,3,628.26,3,At Risk
C05374,41,2,1211.8500000000001,3,At Risk
C05375,8,8,1582.61,0,Potential Loyalists
C05376,112,4,4754.42,0,Potential Loyalists
C05377,305,2,128.0,1,Low Value
C05378,46,8,4895.01,0,Potential Loyalists
C05379,1,8,1741.58,0,Potential Loyalists
C05380,44,7,2416.6000000000004,0,Potential Loyalists
C05381,32,12,2510.04,0,Potential Loyalists
C05382,108,4,2320.9900000000002,3,At Risk
C05383,507,2,635.06,1,Low Value
C05384,22,12,4104.8099999999995,2,Loyal Customers
C05385,16,10,6205.83,2,Loyal Customers
C05386,16,17,5222.52,2,Loyal Customers
C05387,337,2,726.3399999999999,1,Low Value
C05388,88,11,5640.35,2,Loyal Customers
C05389,117,1,119.99,3,At Risk
C05390,39,6,1342.24,3,At Risk
C05391,388,2,94.72999999999999,1,Low Value
C05394,216,5,1431.17,3,At Risk
C05395,477,2,269.96,1,Low Value
C05396,45,2,2045.6999999999998,3,At Risk
C05397,163,5,441.66999999999996,3,At Risk
C05398,624,1,120.69,1,Low Value
C05399,53,10,5738.1,2,Loyal Customers
C05400,118,2,70.41,3,At Risk
C05401,160,1,185.65,3,At Risk
C05402,139,5,1126.26,3,At Risk
C05403,58,7,3458.02,0,Potential Loyalists
C05404,90,9,2733.49,0,Potential Loyalists
C05405,164,4,1268.91,3,At Risk
C05406,129,8,2464.37,0,Potential Loyalists
C05408,66,18,4413.07,2,Loyal Customers
C05409,96,9,4075.52,0,Potential Loyalists
C05410,150,7,1601.9599999999998,0,Potential Loyalists
C05411,115,6,1474.07,3,At Risk
C05412,32,10,4145.3099999999995,0,Potential Loyalists
C05414,15,4,2053.23,3,At Risk
C05415,18,18,7712.89,2,Loyal Customers
C05416,505,1,138.72,1,Low Value
C05418,71,8,3176.4500000000003,0,Potential Loyalists
C05419,147,5,948.59,3,At Risk
C05421,19,4,621.45,3,At Risk
C05422,62,9,3317.62,0,Potential Loyalists
C05423,545,1,262.9,1,Low Value
C05424,41,21,5869.11,2,Loyal Customers
C05426,100,4,2458.81,3,At Risk
C05428,25,4,1683.4699999999998,3,At Risk
C05429,56,5,2655.65,0,Potential Loyalists
C05431,36,14,8010.76,2,Loyal Customers
C05433,21,13,2682.09,0,Potential Loyalists
C05434,84,6,3440.6400000000003,0,Potential Loyalists
C05435,137,13,6371.43,2,Loyal Customers
C05436,85,8,1768.75,0,Potential Loyalists
C05438,538,1,384.96,1,Low Value
C05439,9,17,4934.88,2,Loyal Customers
C05440,53,8,2271.06,0,Potential Loyalists
C05441,52,3,788.78,3,At Risk
C05442,376,3,504.14,1,Low Value
C05443,263,3,1473.96,3,At Risk
C05444,32,11,3576.64,0,Potential Loyalists
C05445,40,16,8026.44,2,Loyal Customers
C05446,3,20,10950.05,4,VIP Customers
C05447,95,13,3907.5299999999997,2,Loyal Customers
C05448,14,13,4728.74,2,Loyal Customers
C05450,47,12,10969.01,2,Loyal Customers
C05451,204,3,475.59,3,At Risk
C05452,27,20,8630.74,2,Loyal Customers
C05453,73,3,914.3100000000001,3,At Risk
C05455,7,10,3516.24,0,Potential Loyalists
C05456,330,2,312.95,1,Low Value
C05457,130,2,486.1,3,At Risk
C05458,29,2,2118.08,3,At Risk
C05459,167,4,1407.74,3,At Risk
C05460,513,2,850.87,1,Low Value
C05463,40,14,3305.7,2,Loyal Customers
C05464,112,8,2993.4,0,Potential Loyalists
C05466,32,5,2187.77,0,Potential Loyalists
C05467,420,5,1151.04,1,Low Value
C05469,151,2,1198.17,3,At Risk
C05470,87,4,841.21,3,At Risk
C05471,379,3,217.42000000000002,1,Low Value
C05472,172,8,1885.6799999999998,0,Potential Loyalists
C05473,100,1,133.4,3,At Risk
C05475,65,12,5123.5,2,Loyal Customers
C05476,708,1,69.81,1,Low Value
C05477,1,6,1267.6,0,Potential Loyalists
C05478,278,3,365.38,3,At Risk
C05479,163,3,1875.4599999999998,3,At Risk
C05480,21,4,2493.39,0,Potential Loyalists
C05481,462,1,76.58,1,Low Value
C05482,314,2,972.16,1,Low Value
C05483,250,2,405.51,3,At Risk
C05484,167,6,1868.3600000000001,3,At Risk
C05485,4,9,1539.71,0,Potential Loyalists
C05487,124,9,2768.32,0,Potential Loyalists
C05490,50,5,3004.7,0,Potential Loyalists
C05491,286,5,2745.59,3,At Risk
C05492,21,4,2021.7,3,At Risk
C05493,641,1,175.34,1,Low Value
C05494,24,5,1161.73,3,At Risk
C05495,131,7,3172.5099999999998,0,Potential Loyalists
C05496,313,2,503.75,1,Low Value
C05497,100,3,376.68,3,At Risk
C05498,65,11,3289.84,0,Potential Loyalists
C05499,422,5,932.15,1,Low Value
C05501,268,3,656.31,3,At Risk
C05503,121,6,3478.4100000000003,0,Potential Loyalists
C05504,54,10,3941.79,0,Potential Loyalists
C05505,366,1,425.45,1,Low Value
C05507,22,12,13434.77,4,VIP Customers
C05508,359,5,4340.92,1,Low Value
C05509,15,5,1127.23,3,At Risk
C05510,447,1,73.69,1,Low Value
C05511,163,5,1044.48,3,At Risk
C05512,274,7,1914.45,3,At Risk
C05513,271,3,931.78,3,At Risk
C05514,28,19,7776.49,2,Loyal Customers
C05515,46,15,3458.42,2,Loyal Customers
C05516,68,11,5761.72,2,Loyal Customers
C05517,274,2,266.51,3,At Risk
C05518,437,2,389.67,1,Low Value
C05519,693,1,736.36,1,Low Value
C05521,49,6,1762.78,0,Potential Loyalists
C05522,478,2,745.12,1,Low Value
C05523,150,11,5628.96,2,Loyal Customers
C05525,4,10,1253.32,0,Potential Loyalists
C05526,328,2,282.33000000000004,1,Low Value
C05527,137,4,528.11,3,At Risk
C05528,10,18,6402.11,2,Loyal Customers
C05529,44,18,5741.84,2,Loyal Customers
C05530,520,1,157.46,1,Low Value
C05532,29,1,471.01,3,At Risk
C05533,206,5,2069.1000000000004,3,At Risk
C05534,132,2,836.56,3,At Risk
C05535,110,8,1349.47,0,Potential Loyalists
C05536,42,4,1439.3,3,At Risk
C05537,287,5,1549.0,3,At Risk
C05538,150,8,3828.58,0,Potential Loyalists
C05539,240,5,2611.0499999999997,3,At Risk
C05540,281,2,855.54,3,At Risk
C05542,224,2,258.93,3,At Risk
C05543,47,10,5660.53,2,Loyal Customers
C05544,254,2,233.2,3,At Risk
C05545,86,11,4165.72,0,Potential Loyalists
C05546,63,11,3405.16,0,Potential Loyalists
C05547,17,7,4567.14,0,Potential Loyalists
C05548,417,2,680.96,1,Low Value
C05549,392,2,141.28,1,Low Value
C05550,64,4,756.65,3,At Risk
C05554,302,2,537.04,1,Low Value
C05556,59,10,2965.65,0,Potential Loyalists
C05557,86,2,272.84999999999997,3,At Risk
C05558,175,18,6258.86,2,Loyal Customers
C05560,634,1,232.71,1,Low Value
C05561,46,5,1515.46,3,At Risk
C05562,41,5,2586.12,0,Potential Loyalists
C05564,139,3,733.86,3,At Risk
C05565,432,1,962.46,1,Low Value
C05566,418,1,647.07,1,Low Value
C05567,74,8,1998.1100000000001,0,Potential Loyalists
C05568,372,4,1824.12,1,Low Value
C05569,55,2,945.4200000000001,3,At Risk
C05570,115,10,2876.75,0,Potential Loyalists
C05571,717,1,42.6,1,Low Value
C05572,40,6,2896.2799999999997,0,Potential Loyalists
C05573,77,11,3410.74,0,Potential Loyalists
C05574,18,25,8266.79,4,VIP Customers
C05575,570,1,87.81,1,Low Value
C05576,37,5,3264.8500000000004,0,Potential Loyalists
C05577,1,3,483.31,3,At Risk
C05578,216,7,1202.3899999999999,3,At Risk
C05579,29,5,621.81,3,At Risk
C05580,290,3,715.13,3,At Risk
C05581,36,16,4469.24,2,Loyal Customers
C05582,416,1,127.04,1,Low Value
C05583,30,6,1007.27,3,At Risk
C05584,206,8,5105.44,0,Potential Loyalists
C05585,523,2,260.82,1,Low Value
C05586,29,4,1798.63,3,At Risk
C05587,54,2,107.22999999999999,3,At Risk
C05588,95,16,5681.46,2,Loyal Customers
C05589,92,1,172.34,3,At Risk
C05590,121,6,1386.18,3,At Risk
C05591,167,9,1856.6299999999999,0,Potential Loyalists
C05592,237,10,4823.57,0,Potential Loyalists
C05593,9,7,2875.62,0,Potential Loyalists
C05594,369,3,842.13,1,Low Value
C05596,269,2,1129.55,3,At Risk
C05598,15,12,4373.53,2,Loyal Customers
C05599,199,2,447.14000000000004,3,At Risk
C05600,100,9,2173.13,0,Potential Loyalists
C05601,166,3,886.4100000000001,3,At Risk
C05602,54,3,609.73,3,At Risk
C05603,186,1,94.09,3,At Risk
C05606,45,8,7238.53,2,Loyal Customers
C05607,416,1,274.58,1,Low Value
C05608,330,5,6067.19,0,Potential Loyalists
C05609,92,6,1238.65,3,At Risk
C05610,403,1,16.79,1,Low Value
C05612,251,2,978.02,3,At Risk
C05614,169,4,894.45,3,At Risk
C05616,278,8,1936.08,0,Potential Loyalists
C05617,31,7,1324.57,0,Potential Loyalists
C05618,30,2,430.78,3,At Risk
C05619,332,3,766.47,1,Low Value
C05620,125,6,1201.9099999999999,3,At Risk
C05621,52,5,3039.25,0,Potential Loyalists
C05623,431,2,470.83000000000004,1,Low Value
C05625,385,2,213.81,1,Low Value
C05626,42,5,3026.6400000000003,0,Potential Loyalists
C05627,14,8,2542.57,0,Potential Loyalists
C05628,24,13,2393.66,0,Potential Loyalists
C05631,9,7,2677.9999999999995,0,Potential Loyalists
C05632,272,2,891.45,3,At Risk
C05633,219,1,179.38,3,At Risk
C05634,64,8,2453.65,0,Potential Loyalists
C05635,196,1,67.12,3,At Risk
C05636,190,2,467.63,3,At Risk
C05637,392,3,581.22,1,Low Value
C05638,170,5,1697.98,3,At Risk
C05639,68,9,3301.13,0,Potential Loyalists
C05640,226,2,3006.68,3,At Risk
C05641,112,17,4504.1,2,Loyal Customers
C05642,74,4,1037.1100000000001,3,At Risk
C05643,6,18,6355.13,2,Loyal Customers
C05644,317,1,102.59,1,Low Value
C05645,16,8,3629.68,0,Potential Loyalists
C05647,78,7,3218.9500000000003,0,Potential Loyalists
C05648,119,7,3072.69,0,Potential Loyalists
C05649,216,3,1210.45,3,At Risk
C05650,1,15,3369.05,2,Loyal Customers
C05651,17,3,307.68,3,At Risk
C05652,485,1,278.82,1,Low Value
C05653,316,2,170.24,1,Low Value
C05654,200,1,681.09,3,At Risk
C05655,41,5,1601.62,3,At Risk
C05656,391,1,167.79,1,Low Value
C05657,8,12,2670.65,0,Potential Loyalists
C05658,152,4,887.49,3,At Risk
C05659,652,1,72.23,1,Low Value
C05660,354,2,1688.32,1,Low Value
C05661,16,24,8979.57,4,VIP Customers
C05662,38,10,4848.5199999999995,0,Potential Loyalists
C05663,41,16,7073.46,2,Loyal Customers
C05664,110,3,415.32,3,At Risk
C05665,422,1,327.76,1,Low Value
C05666,170,7,1581.48,3,At Risk
C05667,98,2,1257.12,3,At Risk
C05668,4,6,1280.9,0,Potential Loyalists
C05669,504,4,582.87,1,Low Value
C05670,64,3,651.21,3,At Risk
C05671,25,10,1695.44,0,Potential Loyalists
C05672,91,9,5583.1900000000005,2,Loyal Customers
C05673,54,14,5484.62,2,Loyal Customers
C05674,66,5,1558.93,3,At Risk
C05675,23,4,1180.85,3,At Risk
C05676,570,1,345.1,1,Low Value
C05677,85,13,5609.36,2,Loyal Customers
C05678,133,3,772.46,3,At Risk
C05679,32,1,87.81,3,At Risk
C05680,5,8,3146.43,0,Potential Loyalists
C05682,85,5,2008.62,3,At Risk
C05683,77,1,36.1,3,At Risk
C05684,381,1,69.81,1,Low Value
C05685,131,15,6599.83,2,Loyal Customers
C05686,10,7,2510.34,0,Potential Loyalists
C05687,136,9,2038.02,0,Potential Loyalists
C05688,729,1,205.17,1,Low Value
C05689,84,8,5211.64,0,Potential Loyalists
C05690,218,5,2285.2000000000003,3,At Risk
C05691,49,7,3588.38,0,Potential Loyalists
C05692,24,20,8805.2,4,VIP Customers
C05694,74,16,5055.15,2,Loyal Customers
C05695,29,6,1895.9499999999998,0,Potential Loyalists
C05696,6,4,2804.99,0,Potential Loyalists
C05698,386,1,139.63,1,Low Value
C05699,198,5,1985.4,3,At Risk
C05700,10,25,10442.95,4,VIP Customers
C05701,170,10,1590.17,0,Potential Loyalists
C05702,1,20,11911.550000000001,4,VIP Customers
C05703,355,2,1162.29,1,Low Value
C05704,51,19,6024.8,2,Loyal Customers
C05705,227,1,371.02,3,At Risk
C05706,82,5,770.89,3,At Risk
C05707,527,2,459.02,1,Low Value
C05708,68,5,1584.95,3,At Risk
C05709,12,17,4469.23,2,Loyal Customers
C05710,45,16,4998.9,2,Loyal Customers
C05711,160,4,1489.68,3,At Risk
C05712,21,5,2554.5099999999998,0,Potential Loyalists
C05714,106,5,595.74,3,At Risk
C05715,184,2,638.6500000000001,3,At Risk
C05718,514,1,702.75,1,Low Value
C05719,200,4,774.53,3,At Risk
C05720,683,2,2101.04,1,Low Value
C05721,247,1,153.07,3,At Risk
C05722,93,7,899.07,3,At Risk
C05723,150,2,1239.25,3,At Risk
C05724,6,7,1880.8,0,Potential Loyalists
C05725,90,2,2583.1,3,At Risk
C05726,198,5,1358.81,3,At Risk
C05727,197,5,2832.9300000000003,0,Potential Loyalists
C05728,171,2,274.67,3,At Risk
C05729,164,8,3350.12,0,Potential Loyalists
C05730,1,6,2184.87,0,Potential Loyalists
C05731,238,3,574.6899999999999,3,At Risk
C05732,7,10,3239.21,0,Potential Loyalists
C05733,16,4,2678.68,0,Potential Loyalists
C05734,163,7,1916.89,0,Potential Loyalists
C05735,39,7,1537.56,0,Potential Loyalists
C05736,191,7,2837.35,0,Potential Loyalists
C05738,125,5,1612.82,3,At Risk
C05739,45,3,2149.55,3,At Risk
C05740,83,9,3946.9,0,Potential Loyalists
C05741,29,24,7282.21,4,VIP Customers
C05742,22,4,1588.3,3,At Risk
C05743,69,8,2253.67,0,Potential Loyalists
C05744,76,5,1700.24,3,At Risk
C05745,9,19,9103.25,2,Loyal Customers
C05746,192,8,2096.49,0,Potential Loyalists
C05747,731,1,1153.98,1,Low Value
C05748,42,3,396.92,3,At Risk
C05749,34,2,306.29,3,At Risk
C05751,120,6,1487.18,3,At Risk
C05752,61,15,5657.38,2,Loyal Customers
C05753,113,8,2760.29,0,Potential Loyalists
C05754,8,12,4047.8999999999996,2,Loyal Customers
C05755,20,21,6922.79,2,Loyal Customers
C05756,45,9,3107.44,0,Potential Loyalists
C05758,22,3,1019.01,3,At Risk
C05762,31,2,237.85000000000002,3,At Risk
C05763,147,8,1653.37,0,Potential Loyalists
C05764,23,10,3469.26,0,Potential Loyalists
C05765,142,6,1991.6299999999999,0,Potential Loyalists
C05766,229,16,5647.23,2,Loyal Customers
C05767,521,2,1153.29,1,Low Value
C05768,99,15,4662.4800000000005,2,Loyal Customers
C05769,311,4,621.09,1,Low Value
C05770,176,2,579.48,3,At Risk
C05771,7,11,2546.68,0,Potential Loyalists
C05772,117,2,775.61,3,At Risk
C05773,624,1,96.55,1,Low Value
C05774,193,2,680.1800000000001,3,At Risk
C05775,97,8,2568.0,0,Potential Loyalists
C05776,22,21,6924.72,2,Loyal Customers
C05778,8,14,8604.1,2,Loyal Customers
C05780,63,3,2827.1499999999996,3,At Risk
C05781,201,1,218.47,3,At Risk
C05782,50,11,4978.21,2,Loyal Customers
C05783,202,1,647.07,3,At Risk
C05784,76,1,115.35,3,At Risk
C05785,350,3,1608.78,1,Low Value
C05787,277,6,1382.47,3,At Risk
C05788,298,2,3415.32,3,At Risk
C05789,36,2,671.59,3,At Risk
C05790,239,1,124.11,3,At Risk
C05791,103,2,1050.71,3,At Risk
C05792,57,5,1418.68,3,At Risk
C05795,104,3,541.01,3,At Risk
C05796,132,2,163.4,3,At Risk
C05797,55,10,5047.05,2,Loyal Customers
C05798,22,7,1513.87,0,Potential Loyalists
C05799,210,4,1765.28,3,At Risk
C05800,87,2,269.3,3,At Risk
C05801,119,4,2021.72,3,At Risk
C05802,110,7,2658.6000000000004,0,Potential Loyalists
C05803,192,3,3495.67,3,At Risk
C05804,203,7,4292.33,0,Potential Loyalists
C05805,17,10,4680.52,0,Potential Loyalists
C05806,183,6,3508.6,0,Potential Loyalists
C05807,638,2,421.35,1,Low Value
C05808,195,7,2615.78,0,Potential Loyalists
C05810,190,9,2318.27,0,Potential Loyalists
C05811,75,10,1970.64,0,Potential Loyalists
C05812,125,8,2048.47,0,Potential Loyalists
C05813,507,1,163.88,1,Low Value
C05814,64,3,516.95,3,At Risk
C05816,351,3,1174.5900000000001,1,Low Value
C05817,6,8,1387.98,0,Potential Loyalists
C05818,169,5,703.84,3,At Risk
C05819,511,1,35.3,1,Low Value
C05820,220,19,8667.04,2,Loyal Customers
C05821,138,13,6439.93,2,Loyal Customers
C05822,182,2,393.64,3,At Risk
C05823,178,4,1564.3200000000002,3,At Risk
C05824,28,10,2838.91,0,Potential Loyalists
C05825,68,4,1482.93,3,At Risk
C05826,32,27,9353.99,4,VIP Customers
C05828,175,5,1635.31,3,At Risk
C05829,85,6,7931.79,2,Loyal Customers
C05830,61,12,2670.72,0,Potential Loyalists
C05831,24,13,7377.24,2,Loyal Customers
C05832,47,16,5903.98,2,Loyal Customers
C05834,67,7,1372.19,0,Potential Loyalists
C05835,136,5,1847.5,3,At Risk
C05836,279,2,725.5899999999999,3,At Risk
C05837,371,1,1029.47,1,Low Value
C05838,42,11,2176.98,0,Potential Loyalists
C05839,1,28,8332.779999999999,4,VIP Customers
C05840,473,1,4488.68,1,Low Value
C05842,70,7,2580.0899999999997,0,Potential Loyalists
C05843,77,2,913.14,3,At Risk
C05844,56,10,2637.5299999999997,0,Potential Loyalists
C05846,182,1,151.42,3,At Risk
C05847,97,2,412.15,3,At Risk
C05849,216,3,2078.12,3,At Risk
C05852,265,2,904.95,3,At Risk
C05853,39,18,7177.77,2,Loyal Customers
C05854,101,3,1311.01,3,At Risk
C05855,21,2,883.79,3,At Risk
C05856,26,9,4712.3,0,Potential Loyalists
C05857,35,6,1127.04,3,At Risk
C05858,168,5,2404.05,3,At Risk
C05859,85,7,1178.33,3,At Risk
C05860,89,11,3338.56,0,Potential Loyalists
C05861,6,11,4873.51,2,Loyal Customers
C05862,113,5,1182.06,3,At Risk
C05863,31,12,3284.84,0,Potential Loyalists
C05864,253,2,679.5999999999999,3,At Risk
C05865,397,4,1098.36,1,Low Value
C05866,16,10,7150.26,2,Loyal Customers
C05867,391,2,926.01,1,Low Value
C05868,18,11,4052.62,0,Potential Loyalists
C05870,341,2,1939.55,1,Low Value
C05871,114,14,6204.16,2,Loyal Customers
C05873,91,19,5206.78,2,Loyal Customers
C05874,3,12,4580.35,2,Loyal Customers
C05875,251,12,4784.3099999999995,2,Loyal Customers
C05876,19,3,260.57,3,At Risk
C05877,65,4,605.4100000000001,3,At Risk
C05878,217,4,1509.99,3,At Risk
C05879,44,7,1529.19,0,Potential Loyalists
C05880,14,5,1785.32,0,Potential Loyalists
C05881,72,23,9305.64,4,VIP Customers
C05882,162,4,2408.69,3,At Risk
C05883,5,18,10693.34,4,VIP Customers
C05884,496,1,20.96,1,Low Value
C05886,626,1,293.86,1,Low Value
C05887,175,3,307.75,3,At Risk
C05888,36,6,1088.61,3,At Risk
C05889,12,1,108.62,3,At Risk
C05890,8,16,6708.98,2,Loyal Customers
C05891,569,1,85.73,1,Low Value
C05892,130,3,547.77,3,At Risk
C05894,60,3,205.71,3,At Risk
C05897,156,7,3762.4700000000003,0,Potential Loyalists
C05899,365,1,302.75,1,Low Value
C05900,179,3,596.13,3,At Risk
C05901,572,1,119.36,1,Low Value
C05902,551,1,173.52,1,Low Value
C05904,480,2,272.02,1,Low Value
C05905,43,3,1214.65,3,At Risk
C05907,64,6,2207.96,0,Potential Loyalists
C05908,112,12,2902.62,0,Potential Loyalists
C05910,14,24,6338.11,2,Loyal Customers
C05911,179,3,1640.65,3,At Risk
C05914,2,2,3034.46,0,Potential Loyalists
C05915,139,4,362.95,3,At Risk
C05917,176,6,3259.91,0,Potential Loyalists
C05918,91,6,1380.52,3,At Risk
C05919,171,2,553.6999999999999,3,At Risk
C05920,3,6,9135.73,2,Loyal Customers
C05921,1,11,3280.5299999999997,0,Potential Loyalists
C05923,246,1,1268.67,3,At Risk
C05924,79,3,852.0,3,At Risk
C05925,28,3,907.5699999999999,3,At Risk
C05926,100,4,1497.96,3,At Risk
C05928,338,4,1831.08,1,Low Value
C05929,21,5,1008.54,3,At Risk
C05930,222,5,1734.6299999999999,3,At Risk
C05932,36,3,792.3,3,At Risk
C05933,305,3,1752.22,3,At Risk
C05934,330,5,651.61,1,Low Value
C05935,8,17,12298.37,4,VIP Customers
C05936,73,5,1613.4099999999999,3,At Risk
C05938,185,3,1829.42,3,At Risk
C05939,15,6,2570.8500000000004,0,Potential Loyalists
C05940,25,8,1800.05,0,Potential Loyalists
C05941,136,4,1106.72,3,At Risk
C05942,304,2,300.03999999999996,1,Low Value
C05943,132,3,1244.4,3,At Risk
C05944,70,4,1287.8,3,At Risk
C05945,37,44,15381.02,4,VIP Customers
C05946,2,8,3509.69,0,Potential Loyalists
C05947,203,4,2708.8799999999997,3,At Risk
C05948,15,6,1720.28,0,Potential Loyalists
C05949,533,1,1154.87,1,Low Value
C05950,24,10,4397.68,0,Potential Loyalists
C05951,312,1,199.08,1,Low Value
C05952,4,32,10533.03,4,VIP Customers
C05953,101,4,3067.9700000000003,0,Potential Loyalists
C05955,28,6,2823.58,0,Potential Loyalists
C05957,89,3,476.66999999999996,3,At Risk
C05958,173,1,305.74,3,At Risk
C05959,123,6,2765.84,0,Potential Loyalists
C05960,99,5,1616.8200000000002,3,At Risk
C05962,284,5,1879.2,3,At Risk
C05963,33,3,162.38,3,At Risk
C05964,185,13,3934.5099999999998,2,Loyal Customers
C05965,317,3,356.88,1,Low Value
C05966,1,3,564.04,3,At Risk
C05967,98,1,255.44,3,At Risk
C05968,4,5,1589.1100000000001,3,At Risk
C05969,125,7,7441.56,2,Loyal Customers
C05970,93,10,2434.61,0,Potential Loyalists
C05972,32,3,1467.1699999999998,3,At Risk
C05973,27,5,3091.63,0,Potential Loyalists
C05975,62,5,2740.05,0,Potential Loyalists
C05976,137,18,6141.19,2,Loyal Customers
C05977,33,7,4012.7,0,Potential Loyalists
C05978,20,24,5651.37,2,Loyal Customers
C05980,236,5,1258.19,3,At Risk
C05981,475,1,721.15,1,Low Value
C05982,406,2,1707.05,1,Low Value
C05983,48,14,6790.46,2,Loyal Customers
C05984,534,1,411.86,1,Low Value
C05985,147,7,5207.99,0,Potential Loyalists
C05986,93,10,5269.25,2,Loyal Customers
C05987,354,2,842.61,1,Low Value
C05988,8,8,2521.28,0,Potential Loyalists
C05990,170,6,3288.3199999999997,0,Potential Loyalists
C05992,122,9,2676.21,0,Potential Loyalists
C05993,32,5,3147.7400000000002,0,Potential Loyalists
C05995,525,3,650.06,1,Low Value
C05996,674,1,684.86,1,Low Value
C05997,574,2,1059.5900000000001,1,Low Value
C05998,549,1,138.39,1,Low Value
C06001,303,2,2767.9100000000003,3,At Risk
C06002,210,4,1056.51,3,At Risk
C06003,451,2,1661.5,1,Low Value
C06004,451,1,56.96,1,Low Value
C06005,445,4,946.92,1,Low Value
C06006,61,3,230.92000000000002,3,At Risk
C06007,100,2,133.48000000000002,3,At Risk
C06008,20,12,6483.67,2,Loyal Customers
C06009,95,6,5127.94,0,Potential Loyalists
C06010,15,10,4911.9400000000005,2,Loyal Customers
C06011,112,2,289.92,3,At Risk
C06013,25,10,3811.8399999999997,0,Potential Loyalists
C06014,69,6,2738.3599999999997,0,Potential Loyalists
C06016,278,1,1656.36,3,At Risk
C06017,139,8,3014.63,0,Potential Loyalists
C06018,85,4,3042.08,0,Potential Loyalists
C06019,60,8,3423.11,0,Potential Loyalists
C06021,581,1,58.79,1,Low Value
C06022,43,1,165.24,3,At Risk
C06023,583,2,944.4000000000001,1,Low Value
C06025,156,14,4156.1,2,Loyal Customers
C06026,77,3,1250.9999999999998,3,At Risk
C06027,170,6,1448.81,3,At Risk
C06029,126,2,456.58000000000004,3,At Risk
C06030,92,1,1254.19,3,At Risk
C06031,110,3,590.15,3,At Risk
C06032,139,7,5462.78,0,Potential Loyalists
C06033,728,1,126.34,1,Low Value
C06034,305,1,1707.22,1,Low Value
C06036,66,1,142.54,3,At Risk
C06037,54,8,3047.8,0,Potential Loyalists
C06038,221,2,3658.92,3,At Risk
C06039,163,5,2130.46,3,At Risk
C06040,157,5,2363.95,3,At Risk
C06041,57,2,249.64999999999998,3,At Risk
C06043,147,3,757.52,3,At Risk
C06044,418,3,232.59,1,Low Value
C06045,83,2,1037.96,3,At Risk
C06048,173,4,1246.86,3,At Risk
C06050,569,1,636.02,1,Low Value
C06051,561,2,461.90999999999997,1,Low Value
C06054,4,13,7243.5599999999995,2,Loyal Customers
C06055,280,3,1656.98,3,At Risk
C06056,46,11,3295.28,0,Potential Loyalists
C06057,258,1,62.06,3,At Risk
C06058,68,3,357.08000000000004,3,At Risk
C06059,44,2,662.96,3,At Risk
C06060,134,10,3336.69,0,Potential Loyalists
C06061,15,2,111.85,3,At Risk
C06063,16,18,6041.16,2,Loyal Customers
C06064,122,4,855.9100000000001,3,At Risk
C06065,35,12,4666.990000000001,2,Loyal Customers
C06066,297,2,3312.97,3,At Risk
C06068,207,4,925.83,3,At Risk
C06069,42,2,208.85999999999999,3,At Risk
C06070,349,5,1820.58,1,Low Value
C06071,91,16,5323.610000000001,2,Loyal Customers
C06073,322,5,1384.73,1,Low Value
C06076,118,3,1422.43,3,At Risk
C06077,20,3,712.08,3,At Risk
C06079,266,2,607.97,3,At Risk
C06080,598,2,1153.9,1,Low Value
C06081,634,1,77.08,1,Low Value
C06082,604,2,330.35,1,Low Value
C06083,424,1,859.91,1,Low Value
C06085,1,22,7400.58,2,Loyal Customers
C06086,3,15,8365.3,2,Loyal Customers
C06087,118,2,396.52,3,At Risk
C06088,3,29,9895.49,4,VIP Customers
C06089,319,5,681.98,1,Low Value
C06091,607,1,121.42,1,Low Value
C06092,26,15,7827.09,2,Loyal Customers
C06093,114,3,3337.2,0,Potential Loyalists
C06094,77,12,3494.02,0,Potential Loyalists
C06095,8,12,8636.83,2,Loyal Customers
C06096,505,1,163.88,1,Low Value
C06098,716,1,40.3,1,Low Value
C06100,277,1,175.63,3,At Risk
C06101,116,3,557.3,3,At Risk
C06103,22,1,102.59,3,At Risk
C06105,177,3,472.67,3,At Risk
C06106,116,4,312.19,3,At Risk
C06107,536,2,725.3299999999999,1,Low Value
C06108,64,6,744.1700000000001,3,At Risk
C06109,18,17,6394.389999999999,2,Loyal Customers
C06111,327,2,308.68,1,Low Value
C06112,178,13,6502.78,2,Loyal Customers
C06113,41,1,15.11,3,At Risk
C06114,221,8,2449.32,0,Potential Loyalists
C06116,68,5,1515.35,3,At Risk
C06117,58,13,3796.49,2,Loyal Customers
C06118,28,9,4520.77,0,Potential Loyalists
C06119,13,1,161.58,3,At Risk
C06120,165,11,5188.0,2,Loyal Customers
C06121,4,10,3215.6,0,Potential Loyalists
C06122,129,2,690.31,3,At Risk
C06124,104,11,3760.22,0,Potential Loyalists
C06125,37,1,48.96,3,At Risk
C06126,381,1,98.16,1,Low Value
C06127,186,3,506.71,3,At Risk
C06128,158,1,97.83,3,At Risk
C06129,33,8,5098.42,0,Potential Loyalists
C06130,80,7,1508.96,0,Potential Loyalists
C06131,57,2,3199.94,3,At Risk
C06132,99,2,591.2,3,At Risk
C06133,1,13,3689.45,2,Loyal Customers
C06135,439,4,1274.43,1,Low Value
C06136,718,1,184.94,1,Low Value
C06137,216,3,3549.8199999999997,3,At Risk
C06138,312,2,498.22,1,Low Value
C06139,167,2,354.03,3,At Risk
C06141,33,21,5619.98,2,Loyal Customers
C06142,64,5,871.0,3,At Risk
C06143,30,6,1968.03,0,Potential Loyalists
C06144,43,2,388.90999999999997,3,At Risk
C06145,90,5,2010.9699999999998,3,At Risk
C06146,427,2,269.1,1,Low Value
C06148,260,3,820.72,3,At Risk
C06151,158,1,110.16,3,At Risk
C06152,68,10,4653.06,0,Potential Loyalists
C06155,491,1,63.55,1,Low Value
C06156,47,18,5963.2300000000005,2,Loyal Customers
C06157,43,8,3458.8500000000004,0,Potential Loyalists
C06158,68,5,1334.87,3,At Risk
C06159,6,8,2546.59,0,Potential Loyalists
C06160,1,2,386.94000000000005,3,At Risk
C06161,45,29,13345.36,4,VIP Customers
C06162,54,2,330.54,3,At Risk
C06163,94,2,410.68,3,At Risk
C06164,91,6,3355.92,0,Potential Loyalists
C06165,231,2,547.26,3,At Risk
C06166,138,5,999.05,3,At Risk
C06167,724,1,40.3,1,Low Value
C06168,18,3,733.6700000000001,3,At Risk
C06169,534,1,173.21,1,Low Value
C06170,601,1,165.02,1,Low Value
C06171,87,12,4418.4,2,Loyal Customers
C06172,117,5,2610.41,0,Potential Loyalists
C06173,116,9,2421.64,0,Potential Loyalists
C06174,33,7,4756.49,0,Potential Loyalists
C06175,359,4,2347.0099999999998,1,Low Value
C06176,153,6,3378.39,0,Potential Loyalists
C06177,517,1,340.24,1,Low Value
C06178,74,1,57.44,3,At Risk
C06179,14,4,3460.54,0,Potential Loyalists
C06180,13,11,5355.47,2,Loyal Customers
C06181,30,2,446.32,3,At Risk
C06182,74,13,5543.29,2,Loyal Customers
C06183,166,5,1061.8999999999999,3,At Risk
C06184,174,7,3611.67,0,Potential Loyalists
C06187,11,12,4937.62,2,Loyal Customers
C06188,94,5,1311.86,3,At Risk
C06190,330,1,163.88,1,Low Value
C06191,509,2,717.34,1,Low Value
C06192,82,3,290.43,3,At Risk
C06193,146,4,1443.49,3,At Risk
C06194,110,2,461.56,3,At Risk
C06195,49,5,2828.84,0,Potential Loyalists
C06197,75,8,6848.3,2,Loyal Customers
C06198,74,9,2696.98,0,Potential Loyalists
C06200,315,4,314.53999999999996,1,Low Value
C06202,162,7,2399.78,0,Potential Loyalists
C06203,17,5,1029.04,3,At Risk
C06204,33,8,5170.37,0,Potential Loyalists
C06205,694,1,209.44,1,Low Value
C06206,537,2,469.25,1,Low Value
C06207,388,1,247.54,1,Low Value
C06208,206,2,994.02,3,At Risk
C06209,250,2,592.7099999999999,3,At Risk
C06210,396,1,82.51,1,Low Value
C06211,3,4,1375.4899999999998,3,At Risk
C06212,362,4,914.6800000000001,1,Low Value
C06213,181,7,963.37,3,At Risk
C06214,167,1,906.58,3,At Risk
C06215,19,12,3491.34,0,Potential Loyalists
C06216,4,31,12684.28,4,VIP Customers
C06217,104,10,4610.0199999999995,0,Potential Loyalists
C06218,5,8,2375.07,0,Potential Loyalists
C06219,101,9,3856.02,0,Potential Loyalists
C06220,204,3,1155.51,3,At Risk
C06221,315,2,649.29,1,Low Value
C06222,3,8,1549.46,0,Potential Loyalists
C06223,185,6,2129.38,3,At Risk
C06224,21,28,13485.19,4,VIP Customers
C06225,53,12,7003.44,2,Loyal Customers
C06226,265,1,809.41,3,At Risk
C06227,24,4,931.4300000000001,3,At Risk
C06228,19,19,4219.55,2,Loyal Customers
C06230,239,1,94.38,3,At Risk
C06231,341,1,2054.57,1,Low Value
C06232,109,1,47.92,3,At Risk
C06234,9,3,2409.2599999999998,3,At Risk
C06235,26,5,5043.77,0,Potential Loyalists
C06237,173,7,829.62,3,At Risk
C06238,42,7,1787.3000000000002,0,Potential Loyalists
C06239,46,20,10257.789999999999,4,VIP Customers
C06240,40,18,4393.49,2,Loyal Customers
C06241,201,4,1998.5400000000002,3,At Risk
C06242,2,15,4715.17,2,Loyal Customers
C06244,202,3,572.74,3,At Risk
C06245,252,3,674.0699999999999,3,At Risk
C06246,539,1,195.97,1,Low Value
C06247,13,3,2091.28,3,At Risk
C06248,479,2,499.51,1,Low Value
C06249,165,12,2709.73,0,Potential Loyalists
C06250,160,2,813.59,3,At Risk
C06251,117,6,2453.4300000000003,0,Potential Loyalists
C06252,402,1,1029.47,1,Low Value
C06254,6,24,5876.71,2,Loyal Customers
C06255,4,6,2487.24,0,Potential Loyalists
C06256,47,16,3232.57,2,Loyal Customers
C06257,108,4,1129.1,3,At Risk
C06258,166,4,1011.26,3,At Risk
C06259,172,2,157.18,3,At Risk
C06260,67,2,2822.2799999999997,3,At Risk
C06261,91,1,239.97,3,At Risk
C06262,109,6,2378.13,0,Potential Loyalists
C06263,341,3,1249.15,1,Low Value
C06265,351,3,1925.7600000000002,1,Low Value
C06266,50,2,303.61,3,At Risk
C06267,13,7,1699.52,0,Potential Loyalists
C06268,348,2,795.07,1,Low Value
C06269,32,4,1062.36,3,At Risk
C06271,184,9,3026.06,0,Potential Loyalists
C06272,6,13,6014.0199999999995,2,Loyal Customers
C06273,38,8,2364.38,0,Potential Loyalists
C06275,41,6,2424.52,0,Potential Loyalists
C06276,38,9,3774.35,0,Potential Loyalists
C06277,15,31,7464.72,4,VIP Customers
C06278,12,31,10065.75,4,VIP Customers
C06279,245,5,4275.4,0,Potential Loyalists
C06280,492,1,293.86,1,Low Value
C06281,4,12,3316.2,0,Potential Loyalists
C06282,10,5,1947.6499999999999,0,Potential Loyalists
C06283,36,12,7338.55,2,Loyal Customers
C06284,194,1,185.51,3,At Risk
C06285,74,3,383.19,3,At Risk
C06286,82,3,396.85,3,At Risk
C06287,548,1,232.71,1,Low Value
C06288,139,5,1163.87,3,At Risk
C06289,21,10,4299.32,0,Potential Loyalists
C06293,197,4,1413.08,3,At Risk
C06294,5,25,10035.24,4,VIP Customers
C06296,618,1,35.05,1,Low Value
C06297,55,9,4012.74,0,Potential Loyalists
C06298,16,5,500.24999999999994,3,At Risk
C06300,57,6,1904.5200000000002,0,Potential Loyalists
C06301,4,7,900.66,0,Potential Loyalists
C06302,62,4,677.1600000000001,3,At Risk
C06303,7,8,2817.81,0,Potential Loyalists
C06304,68,25,8635.89,4,VIP Customers
C06305,422,1,484.44,1,Low Value
C06306,108,1,520.56,3,At Risk
C06307,169,2,1448.66,3,At Risk
C06308,311,1,646.81,1,Low Value
C06309,89,10,4787.9800000000005,0,Potential Loyalists
C06310,36,7,1363.52,0,Potential Loyalists
C06311,185,1,151.44,3,At Risk
C06312,104,4,2949.95,0,Potential Loyalists
C06314,19,21,4846.42,2,Loyal Customers
C06315,105,6,990.8100000000001,3,At Risk
C06316,67,8,1316.66,0,Potential Loyalists
C06317,248,5,2233.5,3,At Risk
C06318,148,10,3806.53,0,Potential Loyalists
C06319,24,5,1031.59,3,At Risk
C06321,84,11,3531.51,0,Potential Loyalists
C06322,99,3,446.43,3,At Risk
C06323,119,7,3232.15,0,Potential Loyalists
C06324,27,34,9081.81,4,VIP Customers
C06325,53,10,4440.23,0,Potential Loyalists
C06326,63,9,2959.7,0,Potential Loyalists
C06327,2,9,1807.3,0,Potential Loyalists
C06329,146,1,962.46,3,At Risk
C06330,3,3,2996.12,0,Potential Loyalists
C06331,399,1,65.93,1,Low Value
C06332,84,10,4921.88,0,Potential Loyalists
C06333,55,7,1761.31,0,Potential Loyalists
C06334,22,11,5323.31,2,Loyal Customers
C06335,11,32,11479.93,4,VIP Customers
C06336,495,1,146.93,1,Low Value
C06337,236,6,1120.01,3,At Risk
C06338,72,4,371.67,3,At Risk
C06339,235,2,479.32,3,At Risk
C06340,579,1,459.22,1,Low Value
C06341,40,13,5363.96,2,Loyal Customers
C06342,80,8,1995.22,0,Potential Loyalists
C06343,39,12,3667.38,0,Potential Loyalists
C06344,164,5,1727.8899999999999,3,At Risk
C06346,106,4,3115.1000000000004,0,Potential Loyalists
C06347,494,2,866.15,1,Low Value
C06348,6,15,4287.79,2,Loyal Customers
C06350,29,16,4419.76,2,Loyal Customers
C06351,16,19,5651.47,2,Loyal Customers
C06352,14,24,7031.49,4,VIP Customers
C06353,59,4,572.32,3,At Risk
C06354,149,19,6505.9,2,Loyal Customers
C06355,138,4,2397.38,3,At Risk
C06357,663,1,102.59,1,Low Value
C06358,105,14,4351.08,2,Loyal Customers
C06360,174,4,909.4100000000001,3,At Risk
C06362,247,3,653.27,3,At Risk
C06364,225,6,1668.2199999999998,3,At Risk
C06365,43,3,1060.02,3,At Risk
C06366,46,17,4019.66,2,Loyal Customers
C06367,23,6,3239.73,0,Potential Loyalists
C06368,17,13,8134.1,2,Loyal Customers
C06369,699,1,328.74,1,Low Value
C06370,105,4,829.65,3,At Risk
C06371,59,5,1523.78,3,At Risk
C06372,7,3,601.19,3,At Risk
C06373,73,4,2211.5499999999997,3,At Risk
C06374,163,8,3109.2,0,Potential Loyalists
C06375,28,7,2731.26,0,Potential Loyalists
C06376,82,10,2231.43,0,Potential Loyalists
C06378,214,4,2585.51,3,At Risk
C06380,82,6,1174.28,3,At Risk
C06381,91,8,2021.29,0,Potential Loyalists
C06382,28,29,19165.010000000002,4,VIP Customers
C06384,346,1,861.23,1,Low Value
C06387,19,9,3718.8,0,Potential Loyalists
C06388,28,11,1052.65,0,Potential Loyalists
C06389,40,9,2003.73,0,Potential Loyalists
C06390,64,7,2365.08,0,Potential Loyalists
C06391,237,1,14.27,3,At Risk
C06394,52,6,2381.86,0,Potential Loyalists
C06395,63,3,3352.25,0,Potential Loyalists
C06396,3,9,3307.2200000000003,0,Potential Loyalists
C06397,50,1,120.23,3,At Risk
C06398,409,1,304.78,1,Low Value
C06399,19,10,1867.1399999999999,0,Potential Loyalists
C06401,76,9,3501.5099999999998,0,Potential Loyalists
C06402,731,1,37.5,1,Low Value
C06404,72,5,1465.23,3,At Risk
C06405,447,2,234.3,1,Low Value
C06406,46,9,4032.4700000000003,0,Potential Loyalists
C06407,154,1,579.8,3,At Risk
C06408,130,4,502.96,3,At Risk
C06409,86,7,4027.23,0,Potential Loyalists
C06410,374,2,227.48000000000002,1,Low Value
C06411,501,1,32.66,1,Low Value
C06412,169,5,2011.21,3,At Risk
C06413,22,4,1363.07,3,At Risk
C06415,99,9,2381.75,0,Potential Loyalists
C06416,147,5,1496.6,3,At Risk
C06417,9,11,2465.21,0,Potential Loyalists
C06418,192,5,1491.1000000000001,3,At Risk
C06419,36,3,1336.05,3,At Risk
C06420,151,4,1299.87,3,At Risk
C06421,229,2,1740.99,3,At Risk
C06422,56,1,312.22,3,At Risk
C06423,45,15,2537.57,0,Potential Loyalists
C06424,196,2,430.70000000000005,3,At Risk
C06427,56,26,7144.67,4,VIP Customers
C06429,258,4,809.88,3,At Risk
C06430,219,8,4665.67,0,Potential Loyalists
C06433,59,7,3047.96,0,Potential Loyalists
C06434,52,6,2547.23,0,Potential Loyalists
C06435,271,3,879.77,3,At Risk
C06436,22,7,1833.1100000000001,0,Potential Loyalists
C06437,6,6,1991.9,0,Potential Loyalists
C06438,424,1,87.81,1,Low Value
C06439,542,1,1670.51,1,Low Value
C06440,296,1,191.1,1,Low Value
C06441,63,3,624.45,3,At Risk
C06442,377,3,510.41,1,Low Value
C06443,163,4,1143.79,3,At Risk
C06445,148,4,885.28,3,At Risk
C06447,336,3,728.16,1,Low Value
C06448,5,5,1247.69,3,At Risk
C06449,672,1,138.29,1,Low Value
C06450,7,12,4724.55,2,Loyal Customers
C06451,162,2,179.8,3,At Risk
C06452,340,5,3190.64,1,Low Value
C06453,125,15,9149.300000000001,2,Loyal Customers
C06454,17,5,1402.1,3,At Risk
C06455,45,9,5511.51,2,Loyal Customers
C06457,77,3,219.45,3,At Risk
C06458,52,4,635.88,3,At Risk
C06460,661,2,805.02,1,Low Value
C06461,291,2,825.26,3,At Risk
C06462,671,2,147.27,1,Low Value
C06463,1,16,4795.2,2,Loyal Customers
C06465,303,1,48.96,1,Low Value
C06466,36,5,5061.08,0,Potential Loyalists
C06467,249,2,277.34000000000003,3,At Risk
C06468,31,8,3496.63,0,Potential Loyalists
C06469,271,4,4323.1,0,Potential Loyalists
C06471,386,5,3135.34,1,Low Value
C06472,98,7,3457.34,0,Potential Loyalists
C06473,43,2,2072.6099999999997,3,At Risk
C06474,341,3,1187.3799999999999,1,Low Value
C06476,599,2,198.98000000000002,1,Low Value
C06477,310,2,205.57,1,Low Value
C06478,105,4,863.77,3,At Risk
C06479,29,16,4686.3099999999995,2,Loyal Customers
C06480,308,3,348.68,1,Low Value
C06481,539,3,790.0699999999999,1,Low Value
C06483,174,1,139.63,3,At Risk
C06484,197,4,2632.38,3,At Risk
C06485,52,4,1650.92,3,At Risk
C06486,15,3,1033.32,3,At Risk
C06487,165,2,918.22,3,At Risk
C06488,458,1,178.17,1,Low Value
C06489,440,1,78.96,1,Low Value
C06491,182,1,179.15,3,At Risk
C06492,720,1,604.38,1,Low Value
C06493,316,1,270.56,1,Low Value
C06494,455,4,1457.65,1,Low Value
C06495,22,7,3227.44,0,Potential Loyalists
C06496,47,4,3671.1,0,Potential Loyalists
C06497,88,9,1530.24,0,Potential Loyalists
C06498,175,2,446.28,3,At Risk
C06499,34,9,4661.02,0,Potential Loyalists
C06500,63,1,101.65,3,At Risk
C06501,227,2,492.92999999999995,3,At Risk
C06502,71,3,2340.62,3,At Risk
C06503,95,2,460.83000000000004,3,At Risk
C06504,18,16,11503.99,4,VIP Customers
C06505,398,1,665.07,1,Low Value
C06506,264,2,384.72,3,At Risk
C06507,708,1,1190.12,1,Low Value
C06509,114,2,1209.43,3,At Risk
C06512,40,9,3490.9,0,Potential Loyalists
C06513,425,2,1890.03,1,Low Value
C06514,284,2,2381.96,3,At Risk
C06515,137,3,2034.53,3,At Risk
C06516,1,23,8265.59,4,VIP Customers
C06517,11,1,88.56,3,At Risk
C06518,342,5,718.04,1,Low Value
C06519,48,22,6047.61,2,Loyal Customers
C06520,512,1,73.69,1,Low Value
C06521,141,7,4748.54,0,Potential Loyalists
C06523,55,7,1450.68,0,Potential Loyalists
C06524,5,27,10008.03,4,VIP Customers
C06525,30,10,3268.8,0,Potential Loyalists
C06526,407,1,108.29,1,Low Value
C06527,82,4,723.14,3,At Risk
C06528,508,2,719.29,1,Low Value
C06529,154,11,2599.7,0,Potential Loyalists
C06530,4,13,6398.259999999999,2,Loyal Customers
C06531,129,3,1175.94,3,At Risk
C06532,10,8,5452.65,0,Potential Loyalists
C06534,44,3,469.1,3,At Risk
C06535,186,4,894.55,3,At Risk
C06536,17,7,1193.22,0,Potential Loyalists
C06537,167,3,294.12,3,At Risk
C06539,142,3,4086.2000000000003,0,Potential Loyalists
C06540,20,17,4807.84,2,Loyal Customers
C06541,83,11,3534.46,0,Potential Loyalists
C06542,253,5,1909.95,3,At Risk
C06543,34,3,1074.55,3,At Risk
C06544,187,1,16.79,3,At Risk
C06545,14,43,14307.3,4,VIP Customers
C06546,114,6,541.78,3,At Risk
C06547,9,13,9934.66,2,Loyal Customers
C06548,109,6,788.14,3,At Risk
C06549,169,3,1590.98,3,At Risk
C06551,103,1,598.67,3,At Risk
C06552,221,3,2999.9300000000003,3,At Risk
C06553,71,10,3181.63,0,Potential Loyalists
C06554,198,5,3514.6499999999996,0,Potential Loyalists
C06555,348,1,340.16,1,Low Value
C06556,213,1,82.51,3,At Risk
C06557,68,7,3377.05,0,Potential Loyalists
C06558,120,5,1763.75,3,At Risk
C06559,41,6,1513.88,0,Potential Loyalists
C06560,186,2,438.14,3,At Risk
C06561,109,17,5600.87,2,Loyal Customers
C06562,40,6,3067.3400000000006,0,Potential Loyalists
C06563,224,6,1804.76,3,At Risk
C06564,145,4,1194.21,3,At Risk
C06565,704,1,232.71,1,Low Value
C06566,1,12,7712.59,2,Loyal Customers
C06568,157,4,1025.24,3,At Risk
C06569,132,3,460.34,3,At Risk
C06570,46,8,1784.56,0,Potential Loyalists
C06571,381,2,295.77,1,Low Value
C06572,118,3,2564.42,3,At Risk
C06573,48,11,5459.62,2,Loyal Customers
C06574,416,1,1059.38,1,Low Value
C06575,222,1,69.81,3,At Risk
C06576,210,3,763.4399999999999,3,At Risk
C06577,4,33,9625.7,4,VIP Customers
C06579,27,7,2141.5099999999998,0,Potential Loyalists
C06580,88,3,962.8100000000001,3,At Risk
C06581,23,9,6057.54,2,Loyal Customers
C06582,153,5,2654.17,0,Potential Loyalists
C06583,20,7,2045.32,0,Potential Loyalists
C06584,517,1,54.11,1,Low Value
C06585,20,16,4624.19,2,Loyal Customers
C06586,117,4,1469.33,3,At Risk
C06587,34,14,3885.15,2,Loyal Customers
C06588,322,1,87.42,1,Low Value
C06589,255,4,3069.8999999999996,3,At Risk
C06591,393,3,1493.7,1,Low Value
C06592,18,1,264.14,3,At Risk
C06597,233,6,1681.12,3,At Risk
C06598,15,14,5483.49,2,Loyal Customers
C06599,463,3,654.62,1,Low Value
C06600,155,5,1149.65,3,At Risk
C06601,499,1,487.28,1,Low Value
C06602,29,5,1430.26,3,At Risk
C06603,83,5,1706.3700000000001,3,At Risk
C06604,7,26,9682.12,4,VIP Customers
C06605,25,6,3714.08,0,Potential Loyalists
C06606,103,5,1124.01,3,At Risk
C06607,385,5,992.69,1,Low Value
C06608,237,4,1633.97,3,At Risk
C06609,86,7,2410.69,0,Potential Loyalists
C06612,57,1,75.73,3,At Risk
C06613,122,5,684.12,3,At Risk
C06614,30,2,483.06,3,At Risk
C06615,146,7,6509.59,2,Loyal Customers
C06616,116,5,422.47,3,At Risk
C06617,679,1,148.9,1,Low Value
C06618,28,11,7766.66,2,Loyal Customers
C06619,4,10,1858.49,0,Potential Loyalists
C06620,153,11,5756.63,2,Loyal Customers
C06621,142,7,5206.59,0,Potential Loyalists
C06622,316,6,2276.15,3,At Risk
C06623,1,10,2052.92,0,Potential Loyalists
C06624,218,1,234.32,3,At Risk
C06625,506,2,3958.09,1,Low Value
C06626,165,1,763.29,3,At Risk
C06627,200,2,156.62,3,At Risk
C06628,30,3,3168.63,0,Potential Loyalists
C06629,4,28,6944.15,4,VIP Customers
C06630,130,2,2263.89,3,At Risk
C06631,3,6,2896.4,0,Potential Loyalists
C06632,178,5,818.27,3,At Risk
C06635,147,7,1735.8999999999999,0,Potential Loyalists
C06636,108,12,4702.98,2,Loyal Customers
C06637,46,25,9402.81,4,VIP Customers
C06638,2,4,1298.62,3,At Risk
C06639,14,6,2483.35,0,Potential Loyalists
C06640,57,3,1886.98,3,At Risk
C06641,57,9,2250.87,0,Potential Loyalists
C06642,51,3,1549.03,3,At Risk
C06643,166,2,789.75,3,At Risk
C06644,355,1,314.01,1,Low Value
C06646,143,3,408.38,3,At Risk
C06647,66,6,1475.35,3,At Risk
C06648,292,1,120.23,3,At Risk
C06649,218,3,872.78,3,At Risk
C06651,92,8,5447.59,0,Potential Loyalists
C06652,22,9,4429.91,0,Potential Loyalists
C06653,9,10,2812.62,0,Potential Loyalists
C06654,66,5,583.0999999999999,3,At Risk
C06655,412,1,669.5,1,Low Value
C06656,58,7,1320.09,0,Potential Loyalists
C06657,119,2,781.6,3,At Risk
C06658,544,1,388.24,1,Low Value
C06660,88,7,2910.56,0,Potential Loyalists
C06661,400,4,1809.02,1,Low Value
C06662,5,4,1091.0900000000001,3,At Risk
C06663,135,2,662.48,3,At Risk
C06665,14,15,6169.150000000001,2,Loyal Customers
C06666,143,3,622.79,3,At Risk
C06667,429,3,1461.44,1,Low Value
C06668,198,5,817.9,3,At Risk
C06669,3,1,32.68,3,At Risk
C06671,5,4,1842.1200000000001,3,At Risk
C06673,137,1,87.81,3,At Risk
C06674,43,10,2034.31,0,Potential Loyalists
C06675,21,4,1811.7,3,At Risk
C06676,424,3,1796.9699999999998,1,Low Value
C06677,100,7,1271.59,3,At Risk
C06678,65,14,5438.22,2,Loyal Customers
C06680,94,8,3781.74,0,Potential Loyalists
C06681,317,5,2708.11,3,At Risk
C06682,75,1,63.17,3,At Risk
C06683,575,2,259.42,1,Low Value
C06684,503,2,1838.9299999999998,1,Low Value
C06685,24,9,1591.58,0,Potential Loyalists
C06687,410,1,195.53,1,Low Value
C06688,143,3,1478.8999999999999,3,At Risk
C06689,29,4,4513.12,0,Potential Loyalists
C06690,257,8,2901.87,0,Potential Loyalists
C06691,161,5,3201.3900000000003,0,Potential Loyalists
C06692,212,2,481.75,3,At Risk
C06693,3,22,7526.89,2,Loyal Customers
C06694,177,2,466.41999999999996,3,At Risk
C06696,362,3,4357.389999999999,1,Low Value
C06697,262,4,698.5,3,At Risk
C06698,61,4,3413.3500000000004,0,Potential Loyalists
C06699,137,1,344.0,3,At Risk
C06700,400,1,56.87,1,Low Value
C06702,79,8,6416.86,2,Loyal Customers
C06703,35,8,1240.76,0,Potential Loyalists
C06704,141,6,2052.94,0,Potential Loyalists
C06705,125,4,6586.450000000001,0,Potential Loyalists
C06706,21,6,2745.5499999999997,0,Potential Loyalists
C06707,72,1,995.65,3,At Risk
C06708,10,5,753.32,3,At Risk
C06709,65,8,2107.7799999999997,0,Potential Loyalists
C06710,193,4,1131.77,3,At Risk
C06712,88,14,5142.15,2,Loyal Customers
C06713,34,10,4198.75,0,Potential Loyalists
C06714,96,2,535.96,3,At Risk
C06715,256,3,902.48,3,At Risk
C06716,162,11,9262.55,2,Loyal Customers
C06718,10,5,2024.25,0,Potential Loyalists
C06719,55,4,318.85,3,At Risk
C06721,42,10,1626.95,0,Potential Loyalists
C06722,95,1,683.84,3,At Risk
C06726,506,1,141.46,1,Low Value
C06727,377,4,399.41999999999996,1,Low Value
C06729,96,6,4144.55,0,Potential Loyalists
C06730,38,14,7535.62,2,Loyal Customers
C06731,82,6,1751.9900000000002,0,Potential Loyalists
C06732,163,5,708.0,3,At Risk
C06733,134,8,784.36,3,At Risk
C06734,206,6,901.5,3,At Risk
C06735,330,1,169.96,1,Low Value
C06736,75,5,1652.55,3,At Risk
C06737,100,25,8020.18,4,VIP Customers
C06738,141,2,419.53,3,At Risk
C06739,51,2,404.99,3,At Risk
C06740,367,2,351.36,1,Low Value
C06741,112,1,1283.28,3,At Risk
C06742,121,4,659.62,3,At Risk
C06743,240,2,455.65000000000003,3,At Risk
C06744,312,1,206.28,1,Low Value
C06745,285,1,65.32,3,At Risk
C06747,56,2,467.78000000000003,3,At Risk
C06748,351,1,42.6,1,Low Value
C06750,8,4,1460.4099999999999,3,At Risk
C06751,19,14,11311.91,2,Loyal Customers
C06753,163,9,3141.67,0,Potential Loyalists
C06754,258,3,1541.55,3,At Risk
C06755,138,3,1658.65,3,At Risk
C06756,209,3,330.42,3,At Risk
C06757,50,1,55.93,3,At Risk
C06758,46,2,1155.1599999999999,3,At Risk
C06761,149,7,3312.16,0,Potential Loyalists
C06762,138,9,2179.42,0,Potential Loyalists
C06763,361,5,1102.56,1,Low Value
C06764,14,4,528.35,3,At Risk
C06765,145,2,182.47,3,At Risk
C06766,48,3,535.96,3,At Risk
C06767,280,2,1600.26,3,At Risk
C06768,477,1,97.59,1,Low Value
C06769,164,2,357.51,3,At Risk
C06770,209,2,809.5600000000001,3,At Risk
C06771,11,9,2580.42,0,Potential Loyalists
C06772,51,3,203.27999999999997,3,At Risk
C06773,40,2,679.5799999999999,3,At Risk
C06774,457,2,980.02,1,Low Value
C06775,132,3,1045.6299999999999,3,At Risk
C06776,75,3,1984.44,3,At Risk
C06777,38,6,2311.7,0,Potential Loyalists
C06778,179,3,718.47,3,At Risk
C06779,243,10,3147.5699999999997,0,Potential Loyalists
C06780,107,3,274.46000000000004,3,At Risk
C06781,33,12,2700.92,0,Potential Loyalists
C06782,192,2,651.49,3,At Risk
C06783,6,10,2458.98,0,Potential Loyalists
C06786,150,1,142.13,3,At Risk
C06787,21,25,11402.24,4,VIP Customers
C06789,97,1,704.32,3,At Risk
C06790,13,2,487.78999999999996,3,At Risk
C06791,332,3,391.8,1,Low Value
C06792,14,3,276.75,3,At Risk
C06793,95,6,3290.71,0,Potential Loyalists
C06794,10,20,7951.78,2,Loyal Customers
C06795,17,12,2880.53,0,Potential Loyalists
C06796,514,2,1505.18,1,Low Value
C06797,262,1,533.52,3,At Risk
C06798,10,8,2439.36,0,Potential Loyalists
C06799,633,1,147.77,1,Low Value
C06800,141,1,119.36,3,At Risk
C06801,281,3,812.4399999999999,3,At Risk
C06802,185,4,1061.92,3,At Risk
C06803,21,7,6043.75,0,Potential Loyalists
C06804,8,10,1965.48,0,Potential Loyalists
C06806,78,20,8090.22,2,Loyal Customers
C06807,59,6,2252.4,0,Potential Loyalists
C06808,713,1,739.74,1,Low Value
C06809,77,1,463.12,3,At Risk
C06810,32,3,184.42,3,At Risk
C06811,45,1,47.58,3,At Risk
C06812,271,3,296.89,3,At Risk
C06814,273,4,2131.25,3,At Risk
C06815,98,2,152.51999999999998,3,At Risk
C06817,169,7,1990.36,0,Potential Loyalists
C06818,209,5,1426.73,3,At Risk
C06819,89,3,537.26,3,At Risk
C06820,129,1,319.97,3,At Risk
C06821,14,9,3704.3199999999997,0,Potential Loyalists
C06822,2,8,5653.31,0,Potential Loyalists
C06823,314,1,1400.14,1,Low Value
C06824,476,2,163.03,1,Low Value
C06825,132,5,1698.71,3,At Risk
C06827,182,3,510.47,3,At Risk
C06828,13,7,3496.4000000000005,0,Potential Loyalists
C06829,156,10,3351.2400000000002,0,Potential Loyalists
C06831,27,11,4521.200000000001,2,Loyal Customers
C06832,115,1,112.34,3,At Risk
C06833,16,19,8574.609999999999,2,Loyal Customers
C06835,175,1,203.05,3,At Risk
C06836,259,2,353.38,3,At Risk
C06838,80,9,4247.75,0,Potential Loyalists
C06839,80,3,495.78000000000003,3,At Risk
C06841,20,7,1908.18,0,Potential Loyalists
C06842,206,6,1575.79,3,At Risk
C06843,76,3,1373.89,3,At Risk
C06844,32,36,11702.07,4,VIP Customers
C06845,19,5,2203.25,0,Potential Loyalists
C06847,38,3,1966.0800000000002,3,At Risk
C06848,333,3,419.05,1,Low Value
C06849,27,8,2398.0,0,Potential Loyalists
C06850,35,15,7401.14,2,Loyal Customers
C06851,214,4,822.1399999999999,3,At Risk
C06852,217,14,3339.06,0,Potential Loyalists
C06853,305,3,707.99,1,Low Value
C06854,46,6,1686.8999999999999,0,Potential Loyalists
C06855,10,8,1760.45,0,Potential Loyalists
C06856,226,6,4706.75,0,Potential Loyalists
C06857,41,2,146.69,3,At Risk
C06858,21,3,1557.45,3,At Risk
C06860,201,2,643.24,3,At Risk
C06861,100,13,6836.5199999999995,2,Loyal Customers
C06862,18,3,950.45,3,At Risk
C06863,66,7,7364.88,2,Loyal Customers
C06864,647,1,365.5,1,Low Value
C06865,67,3,264.48,3,At Risk
C06866,9,18,11205.76,4,VIP Customers
C06867,130,1,90.22,3,At Risk
C06868,634,1,346.42,1,Low Value
C06869,68,2,497.06,3,At Risk
C06870,204,3,461.88,3,At Risk
C06871,397,2,479.49,1,Low Value
C06872,101,9,4910.96,0,Potential Loyalists
C06873,39,23,9609.69,4,VIP Customers
C06874,53,4,2570.89,0,Potential Loyalists
C06875,226,6,2236.66,3,At Risk
C06876,4,12,5893.52,2,Loyal Customers
C06877,130,4,1803.95,3,At Risk
C06879,453,2,644.5699999999999,1,Low Value
C06883,45,3,1389.7800000000002,3,At Risk
C06884,169,1,97.57,3,At Risk
C06886,290,5,613.37,3,At Risk
C06887,2,2,772.9300000000001,3,At Risk
C06888,53,11,7420.8099999999995,2,Loyal Customers
C06890,81,6,1472.03,3,At Risk
C06891,66,13,2640.55,0,Potential Loyalists
C06892,25,11,3381.31,0,Potential Loyalists
C06893,121,8,2033.86,0,Potential Loyalists
C06894,5,10,6494.89,2,Loyal Customers
C06895,671,1,39.71,1,Low Value
C06896,2,28,9342.07,4,VIP Customers
C06897,87,8,3046.87,0,Potential Loyalists
C06898,88,6,1965.1299999999999,0,Potential Loyalists
C06899,232,5,1916.09,3,At Risk
C06900,14,4,1556.1799999999998,3,At Risk
C06901,120,7,3726.94,0,Potential Loyalists
C06902,18,2,472.09000000000003,3,At Risk
C06903,111,4,1444.4099999999999,3,At Risk
C06904,17,1,102.73,3,At Risk
C06905,222,1,271.27,3,At Risk
C06906,155,4,4077.02,0,Potential Loyalists
C06907,552,1,169.96,1,Low Value
C06909,627,1,62.06,1,Low Value
C06910,67,1,598.67,3,At Risk
C06911,57,2,218.63,3,At Risk
C06913,3,11,3110.37,0,Potential Loyalists
C06914,176,2,1218.99,3,At Risk
C06915,90,7,1333.8700000000001,0,Potential Loyalists
C06916,147,1,995.86,3,At Risk
C06917,167,5,2060.0699999999997,3,At Risk
C06918,377,3,1103.45,1,Low Value
C06919,3,15,6982.27,2,Loyal Customers
C06920,14,5,936.53,3,At Risk
C06921,46,4,840.8100000000001,3,At Risk
C06922,209,6,1272.91,3,At Risk
C06923,519,2,615.22,1,Low Value
C06925,157,8,4510.34,0,Potential Loyalists
C06926,260,2,502.34000000000003,3,At Risk
C06928,3,6,2444.05,0,Potential Loyalists
C06930,15,6,2619.95,0,Potential Loyalists
C06931,21,14,7704.31,2,Loyal Customers
C06933,439,2,2338.78,1,Low Value
C06934,220,3,517.0600000000001,3,At Risk
C06935,465,1,239.16,1,Low Value
C06936,459,1,538.22,1,Low Value
C06937,731,1,133.59,1,Low Value
C06938,224,5,4184.3,0,Potential Loyalists
C06939,76,2,688.93,3,At Risk
C06940,98,5,952.95,3,At Risk
C06941,1,9,4581.69,0,Potential Loyalists
C06942,87,5,1312.18,3,At Risk
C06943,195,2,544.8299999999999,3,At Risk
C06944,670,1,481.06,1,Low Value
C06945,28,7,1432.08,0,Potential Loyalists
C06946,27,1,203.05,3,At Risk
C06947,31,1,622.35,3,At Risk
C06948,16,9,4331.41,0,Potential Loyalists
C06949,676,1,16.79,1,Low Value
C06950,653,1,60.81,1,Low Value
C06951,13,16,4496.66,2,Loyal Customers
C06952,3,13,4669.38,2,Loyal Customers
C06953,555,1,96.55,1,Low Value
C06954,324,1,1479.48,1,Low Value
C06955,238,5,1774.1299999999999,3,At Risk
C06956,172,8,1061.59,3,At Risk
C06957,407,2,845.9599999999999,1,Low Value
C06958,67,3,519.91,3,At Risk
C06959,21,12,4476.07,2,Loyal Customers
C06960,330,2,497.43999999999994,1,Low Value
C06961,37,12,2346.86,0,Potential Loyalists
C06962,184,13,3760.77,0,Potential Loyalists
C06964,62,9,1825.6599999999999,0,Potential Loyalists
C06965,214,1,69.81,3,At Risk
C06966,30,5,979.88,3,At Risk
C06967,80,10,5773.78,2,Loyal Customers
C06969,130,3,3233.9100000000003,0,Potential Loyalists
C06970,27,9,2410.19,0,Potential Loyalists
C06971,30,3,690.75,3,At Risk
C06972,192,5,1233.09,3,At Risk
C06973,465,1,78.06,1,Low Value
C06974,49,7,1349.2,0,Potential Loyalists
C06975,86,18,4285.95,2,Loyal Customers
C06976,77,9,3186.91,0,Potential Loyalists
C06977,439,1,69.81,1,Low Value
C06978,154,6,924.96,3,At Risk
C06979,631,1,172.55,1,Low Value
C06981,340,2,871.3399999999999,1,Low Value
C06982,268,3,843.48,3,At Risk
C06983,80,4,2326.99,3,At Risk
C06984,22,10,5348.7,2,Loyal Customers
C06985,629,1,84.98,1,Low Value
C06986,58,3,1668.1899999999998,3,At Risk
C06987,152,2,184.06,3,At Risk
C06988,61,22,5301.96,2,Loyal Customers
C06989,5,11,2605.25,0,Potential Loyalists
C06990,9,11,6257.48,2,Loyal Customers
C06991,158,3,579.67,3,At Risk
C06992,444,3,612.34,1,Low Value
C06993,159,3,4110.0599999999995,0,Potential Loyalists
C06994,157,1,720.5,3,At Risk
C06995,149,4,3774.32,0,Potential Loyalists
C06996,117,8,2026.2900000000002,0,Potential Loyalists
C06999,13,7,1282.62,0,Potential Loyalists
C07000,19,2,931.26,3,At Risk
C07001,7,4,1556.02,3,At Risk
C07002,32,7,1756.0800000000002,0,Potential Loyalists
C07003,681,1,78.26,1,Low Value
C07004,10,10,1559.25,0,Potential Loyalists
C07005,400,2,344.4,1,Low Value
C07006,25,8,2890.56,0,Potential Loyalists
C07007,211,5,914.26,3,At Risk
C07008,126,6,1997.96,0,Potential Loyalists
C07010,319,2,289.82,1,Low Value
C07012,148,4,1973.77,3,At Risk
C07013,19,10,3622.58,0,Potential Loyalists
C07014,160,3,426.4,3,At Risk
C07015,3,10,4659.18,0,Potential Loyalists
C07016,24,4,745.89,3,At Risk
C07018,277,8,2003.12,0,Potential Loyalists
C07019,122,2,1596.54,3,At Risk
C07020,35,6,1837.67,0,Potential Loyalists
C07021,567,2,2352.64,1,Low Value
C07022,14,14,5597.41,2,Loyal Customers
C07023,245,10,2518.1,0,Potential Loyalists
C07024,24,8,2467.57,0,Potential Loyalists
C07025,315,1,92.83,1,Low Value
C07026,72,3,573.09,3,At Risk
C07027,15,11,8625.51,2,Loyal Customers
C07028,42,11,6074.43,2,Loyal Customers
C07030,112,1,722.9,3,At Risk
C07031,108,6,4158.14,0,Potential Loyalists
C07033,42,10,3763.99,0,Potential Loyalists
C07035,452,1,62.05,1,Low Value
C07036,35,5,559.84,3,At Risk
C07037,23,6,1284.23,3,At Risk
C07038,234,6,2198.08,3,At Risk
C07039,66,13,4650.93,2,Loyal Customers
C07040,10,3,543.35,3,At Risk
C07041,140,8,7462.85,2,Loyal Customers
C07042,306,1,162.34,1,Low Value
C07043,271,6,1650.25,3,At Risk
C07045,426,1,360.25,1,Low Value
C07046,1,8,2364.92,0,Potential Loyalists
C07047,380,1,33.58,1,Low Value
C07048,6,13,4584.5,2,Loyal Customers
C07049,132,5,1473.53,3,At Risk
C07050,83,13,5693.5599999999995,2,Loyal Customers
C07051,271,5,1490.4,3,At Risk
C07052,329,2,198.09,1,Low Value
C07053,95,1,440.24,3,At Risk
C07054,191,4,1108.22,3,At Risk
C07055,176,2,619.13,3,At Risk
C07056,43,1,283.82,3,At Risk
C07057,19,5,4205.98,0,Potential Loyalists
C07058,141,4,1781.58,3,At Risk
C07059,288,2,913.25,3,At Risk
C07062,450,1,554.13,1,Low Value
C07063,80,10,3262.7599999999998,0,Potential Loyalists
C07065,74,5,1251.9099999999999,3,At Risk
C07066,334,5,2988.01,1,Low Value
C07068,28,11,3830.2599999999998,0,Potential Loyalists
C07069,46,4,1336.7,3,At Risk
C07070,79,1,194.19,3,At Risk
C07071,33,15,7445.62,2,Loyal Customers
C07073,647,1,2739.42,1,Low Value
C07074,178,2,142.42000000000002,3,At Risk
C07075,688,2,846.16,1,Low Value
C07076,3,3,408.24,3,At Risk
C07078,7,11,3830.62,0,Potential Loyalists
C07079,214,1,87.81,3,At Risk
C07080,240,1,45.12,3,At Risk
C07081,533,1,97.92,1,Low Value
C07082,237,10,3371.88,0,Potential Loyalists
C07084,127,6,2222.58,0,Potential Loyalists
C07085,143,6,2355.55,0,Potential Loyalists
C07086,59,2,214.19,3,At Risk
C07087,84,8,5084.58,0,Potential Loyalists
C07088,40,14,5876.04,2,Loyal Customers
C07089,332,1,272.88,1,Low Value
C07090,582,1,221.07,1,Low Value
C07091,122,7,2946.65,0,Potential Loyalists
C07092,103,6,3884.85,0,Potential Loyalists
C07093,196,2,136.29000000000002,3,At Risk
C07094,38,7,3510.29,0,Potential Loyalists
C07095,5,8,3012.51,0,Potential Loyalists
C07096,6,11,3519.8199999999997,0,Potential Loyalists
C07097,14,11,1742.6,0,Potential Loyalists
C07098,46,7,2120.02,0,Potential Loyalists
C07099,315,2,1546.6,1,Low Value
C07100,514,2,321.03999999999996,1,Low Value
C07101,63,3,1285.17,3,At Risk
C07102,12,4,1024.23,3,At Risk
C07103,606,1,636.88,1,Low Value
C07104,86,1,144.57,3,At Risk
C07105,147,3,517.6800000000001,3,At Risk
C07106,139,5,2583.59,0,Potential Loyalists
C07107,142,7,3187.49,0,Potential Loyalists
C07108,207,2,28.54,3,At Risk
C07110,598,1,479.65,1,Low Value
C07111,131,10,2870.9399999999996,0,Potential Loyalists
C07112,128,2,1250.9499999999998,3,At Risk
C07113,61,7,1837.05,0,Potential Loyalists
C07114,139,8,3496.27,0,Potential Loyalists
C07115,177,1,739.74,3,At Risk
C07116,16,5,1419.25,3,At Risk
C07118,508,2,265.11,1,Low Value
C07119,32,2,432.69,3,At Risk
C07120,193,1,185.65,3,At Risk
C07121,6,6,2849.6299999999997,0,Potential Loyalists
C07122,550,1,36.77,1,Low Value
C07123,27,7,1283.02,0,Potential Loyalists
C07124,376,4,2793.16,1,Low Value
C07125,228,7,2067.56,0,Potential Loyalists
C07126,460,3,2271.5,1,Low Value
C07127,51,2,791.64,3,At Risk
C07128,202,7,939.46,3,At Risk
C07129,157,5,926.33,3,At Risk
C07130,323,1,130.45,1,Low Value
C07131,176,14,4368.46,2,Loyal Customers
C07132,286,2,240.93,3,At Risk
C07133,21,15,3355.28,2,Loyal Customers
C07134,460,2,211.07,1,Low Value
C07135,154,1,222.5,3,At Risk
C07136,491,2,275.82,1,Low Value
C07137,157,4,486.59000000000003,3,At Risk
C07139,19,14,5686.74,2,Loyal Customers
C07140,60,6,2707.33,0,Potential Loyalists
C07141,48,8,2388.48,0,Potential Loyalists
C07142,320,4,536.11,1,Low Value
C07143,54,7,2779.12,0,Potential Loyalists
C07144,123,9,1904.22,0,Potential Loyalists
C07145,52,5,2839.72,0,Potential Loyalists
C07146,59,9,1491.0900000000001,0,Potential Loyalists
C07147,385,3,756.64,1,Low Value
C07148,99,4,1362.1,3,At Risk
C07149,461,1,923.55,1,Low Value
C07150,61,5,1465.8799999999999,3,At Risk
C07151,179,2,1196.66,3,At Risk
C07152,96,5,3319.16,0,Potential Loyalists
C07153,292,1,960.67,3,At Risk
C07154,18,16,6985.8,2,Loyal Customers
C07155,7,15,4692.33,2,Loyal Customers
C07156,256,3,540.46,3,At Risk
C07157,378,3,1052.43,1,Low Value
C07158,723,1,30.22,1,Low Value
C07159,176,2,413.57,3,At Risk
C07161,56,2,172.89,3,At Risk
C07162,75,1,422.36,3,At Risk
C07163,85,1,48.36,3,At Risk
C07165,57,8,2511.2599999999998,0,Potential Loyalists
C07166,628,1,226.94,1,Low Value
C07169,223,4,1760.3300000000002,3,At Risk
C07170,256,2,699.96,3,At Risk
C07171,101,8,3625.99,0,Potential Loyalists
C07172,143,5,1965.7000000000003,3,At Risk
C07173,15,11,7902.52,2,Loyal Customers
C07175,352,3,535.0799999999999,1,Low Value
C07176,71,2,748.32,3,At Risk
C07177,35,9,2406.61,0,Potential Loyalists
C07178,134,3,5020.61,0,Potential Loyalists
C07179,1,16,4812.97,2,Loyal Customers
C07181,379,3,606.35,1,Low Value
C07182,331,5,3262.4700000000003,1,Low Value
C07183,200,1,284.92,3,At Risk
C07185,657,1,131.45,1,Low Value
C07186,41,2,273.23,3,At Risk
C07187,272,2,332.29999999999995,3,At Risk
C07190,42,4,800.9200000000001,3,At Risk
C07191,61,3,2528.26,3,At Risk
C07192,243,1,115.06,3,At Risk
C07193,121,5,544.8199999999999,3,At Risk
C07194,45,20,9388.69,4,VIP Customers
C07195,290,6,2034.3799999999999,3,At Risk
C07196,30,9,2191.08,0,Potential Loyalists
C07197,338,3,583.5799999999999,1,Low Value
C07198,80,2,460.19,3,At Risk
C07199,146,4,2235.73,3,At Risk
C07200,139,5,950.03,3,At Risk
C07201,120,7,4062.59,0,Potential Loyalists
C07202,216,8,3534.0899999999997,0,Potential Loyalists
C07203,19,24,5165.0599999999995,2,Loyal Customers
C07207,215,2,779.33,3,At Risk
C07209,43,7,1784.34,0,Potential Loyalists
C07211,494,1,141.46,1,Low Value
C07212,310,3,1130.17,1,Low Value
C07213,32,13,4898.66,2,Loyal Customers
C07214,360,7,2435.61,1,Low Value
C07215,6,16,6686.650000000001,2,Loyal Customers
C07216,65,26,8912.47,4,VIP Customers
C07217,5,4,735.64,3,At Risk
C07218,83,4,2663.07,0,Potential Loyalists
C07219,195,4,1727.6999999999998,3,At Risk
C07220,699,1,94.19,1,Low Value
C07221,358,2,315.58,1,Low Value
C07224,29,4,522.47,3,At Risk
C07225,79,6,1237.8799999999999,3,At Risk
C07226,248,4,1352.8799999999999,3,At Risk
C07228,100,4,4516.48,0,Potential Loyalists
C07229,385,4,795.35,1,Low Value
C07230,413,2,1065.51,1,Low Value
C07231,76,5,1129.96,3,At Risk
C07232,11,15,5027.93,2,Loyal Customers
C07233,38,1,2376.36,3,At Risk
C07235,396,1,97.98,1,Low Value
C07236,189,1,86.4,3,At Risk
C07237,1,16,6986.63,2,Loyal Customers
C07239,130,5,1038.0,3,At Risk
C07240,351,7,2303.6499999999996,1,Low Value
C07241,73,4,538.22,3,At Risk
C07242,78,2,178.14,3,At Risk
C07243,21,4,2356.1,0,Potential Loyalists
C07244,418,1,72.1,1,Low Value
C07245,178,1,439.06,3,At Risk
C07246,356,2,666.46,1,Low Value
C07247,8,7,4525.27,0,Potential Loyalists
C07248,205,3,3839.71,0,Potential Loyalists
C07249,36,11,2861.76,0,Potential Loyalists
C07251,14,6,1006.85,3,At Risk
C07252,1,17,7021.76,2,Loyal Customers
C07253,78,2,501.15999999999997,3,At Risk
C07254,259,3,1821.15,3,At Risk
C07255,52,3,1419.08,3,At Risk
C07256,18,10,4514.99,0,Potential Loyalists
C07257,85,8,4924.46,0,Potential Loyalists
C07258,670,2,509.07000000000005,1,Low Value
C07259,252,2,952.8900000000001,3,At Risk
C07261,194,5,2364.64,3,At Risk
C07262,86,17,7326.29,2,Loyal Customers
C07263,7,7,1416.7,0,Potential Loyalists
C07264,139,5,1521.71,3,At Risk
C07265,22,11,3306.64,0,Potential Loyalists
C07266,189,6,1351.75,3,At Risk
C07267,157,3,1780.9299999999998,3,At Risk
C07270,7,6,3473.62,0,Potential Loyalists
C07271,138,10,2988.3900000000003,0,Potential Loyalists
C07272,439,2,406.83,1,Low Value
C07273,363,2,1012.79,1,Low Value
C07274,27,10,6716.29,2,Loyal Customers
C07275,50,8,2650.6,0,Potential Loyalists
C07276,17,7,2812.81,0,Potential Loyalists
C07277,83,5,5687.54,0,Potential Loyalists
C07278,731,1,68.51,1,Low Value
C07279,189,8,6139.01,2,Loyal Customers
C07280,82,2,483.88,3,At Risk
C07281,3,9,1900.23,0,Potential Loyalists
C07282,96,1,360.25,3,At Risk
C07283,206,6,2720.17,0,Potential Loyalists
C07284,172,2,224.88,3,At Risk
C07285,76,5,2143.29,0,Potential Loyalists
C07286,436,1,64.63,1,Low Value
C07287,170,4,698.24,3,At Risk
C07288,405,2,555.53,1,Low Value
C07289,72,1,99.63,3,At Risk
C07290,17,22,6709.16,2,Loyal Customers
C07291,17,3,318.59000000000003,3,At Risk
C07292,114,6,1150.3600000000001,3,At Risk
C07293,137,6,401.67,3,At Risk
C07294,63,13,5476.219999999999,2,Loyal Customers
C07295,126,4,954.84,3,At Risk
C07296,29,19,7154.63,2,Loyal Customers
C07297,262,1,142.55,3,At Risk
C07299,165,1,646.81,3,At Risk
C07300,260,2,648.45,3,At Risk
C07301,1,4,2637.56,0,Potential Loyalists
C07302,167,1,162.95,3,At Risk
C07303,25,4,1428.72,3,At Risk
C07304,187,9,1489.07,0,Potential Loyalists
C07305,254,1,278.82,3,At Risk
C07306,18,25,8984.02,4,VIP Customers
C07307,334,6,1505.94,1,Low Value
C07309,233,3,252.10000000000002,3,At Risk
C07311,19,12,7354.83,2,Loyal Customers
C07313,214,1,159.44,3,At Risk
C07314,63,7,1784.17,0,Potential Loyalists
C07315,190,1,79.23,3,At Risk
C07316,264,1,638.23,3,At Risk
C07318,12,12,3611.8199999999997,0,Potential Loyalists
C07319,62,10,1632.99,0,Potential Loyalists
C07320,281,2,88.04,3,At Risk
C07321,343,3,1032.8500000000001,1,Low Value
C07322,243,5,1359.55,3,At Risk
C07323,17,8,1958.99,0,Potential Loyalists
C07324,4,17,8788.6,2,Loyal Customers
C07325,41,4,4589.19,0,Potential Loyalists
C07326,51,13,5415.7,2,Loyal Customers
C07327,94,3,943.52,3,At Risk
C07329,194,2,447.09000000000003,3,At Risk
C07330,171,4,368.62,3,At Risk
C07331,88,7,6113.82,0,Potential Loyalists
C07333,107,6,1647.0700000000002,3,At Risk
C07334,343,2,471.83000000000004,1,Low Value
C07335,168,9,3497.94,0,Potential Loyalists
C07337,319,3,972.64,1,Low Value
C07338,110,5,2465.56,0,Potential Loyalists
C07339,4,4,840.4499999999999,3,At Risk
C07340,203,1,182.14,3,At Risk
C07341,94,1,27.12,3,At Risk
C07342,172,13,4774.55,2,Loyal Customers
C07343,106,3,1132.8600000000001,3,At Risk
C07344,90,3,1775.42,3,At Risk
C07345,235,1,153.07,3,At Risk
C07346,6,10,3531.2,0,Potential Loyalists
C07347,226,4,2115.66,3,At Risk
C07349,83,4,1970.4099999999999,3,At Risk
C07350,207,5,1817.7400000000002,3,At Risk
C07352,29,23,6012.42,2,Loyal Customers
C07353,70,7,3351.17,0,Potential Loyalists
C07354,8,2,402.53,3,At Risk
C07356,52,12,7893.74,2,Loyal Customers
C07357,66,3,1298.33,3,At Risk
C07358,76,2,411.65999999999997,3,At Risk
C07360,77,6,871.89,3,At Risk
C07361,251,7,1641.34,3,At Risk
C07362,91,4,1935.58,3,At Risk
C07364,109,5,1380.72,3,At Risk
C07365,206,8,1762.27,0,Potential Loyalists
C07366,71,6,2731.47,0,Potential Loyalists
C07367,5,5,555.89,3,At Risk
C07368,307,2,121.96000000000001,1,Low Value
C07369,321,3,812.2,1,Low Value
C07371,137,3,1678.85,3,At Risk
C07372,23,16,11128.16,4,VIP Customers
C07373,21,20,6343.63,2,Loyal Customers
C07375,87,3,869.79,3,At Risk
C07377,8,9,4419.17,0,Potential Loyalists
C07378,317,3,772.52,1,Low Value
C07380,384,1,307.76,1,Low Value
C07381,30,11,3888.48,0,Potential Loyalists
C07382,174,3,2536.67,3,At Risk
C07383,231,1,62.46,3,At Risk
C07384,535,2,1239.08,1,Low Value
C07385,31,5,807.64,3,At Risk
C07386,68,5,1191.24,3,At Risk
C07387,71,13,9621.27,2,Loyal Customers
C07388,27,11,3222.4700000000003,0,Potential Loyalists
C07389,53,2,291.7,3,At Risk
C07390,41,5,4091.42,0,Potential Loyalists
C07392,113,1,85.73,3,At Risk
C07393,25,18,6205.12,2,Loyal Customers
C07394,124,2,530.21,3,At Risk
C07395,618,1,379.45,1,Low Value
C07396,7,21,7465.68,2,Loyal Customers
C07398,160,5,986.19,3,At Risk
C07399,22,13,4151.43,2,Loyal Customers
C07400,175,4,1195.02,3,At Risk
C07402,629,1,63.55,1,Low Value
C07403,422,2,274.5,1,Low Value
C07404,325,3,1542.79,1,Low Value
C07405,92,10,3406.4700000000003,0,Potential Loyalists
C07406,97,4,1601.52,3,At Risk
C07407,26,5,2103.31,0,Potential Loyalists
C07408,528,1,48.96,1,Low Value
C07409,91,5,5586.27,0,Potential Loyalists
C07410,61,10,2556.85,0,Potential Loyalists
C07411,130,3,212.84,3,At Risk
C07412,136,2,496.84000000000003,3,At Risk
C07413,41,3,1105.97,3,At Risk
C07414,310,2,428.31,1,Low Value
C07415,45,1,232.18,3,At Risk
C07416,12,5,3485.18,0,Potential Loyalists
C07417,17,5,2807.5,0,Potential Loyalists
C07418,419,1,573.31,1,Low Value
C07419,122,8,1970.3300000000002,0,Potential Loyalists
C07420,317,1,1521.06,1,Low Value
C07421,8,7,1633.24,0,Potential Loyalists
C07423,380,1,230.6,1,Low Value
C07425,363,1,67.12,1,Low Value
C07426,3,7,2876.73,0,Potential Loyalists
C07428,396,3,723.6800000000001,1,Low Value
C07429,508,2,295.75,1,Low Value
C07430,211,4,1662.08,3,At Risk
C07431,114,10,1942.02,0,Potential Loyalists
C07432,247,3,717.39,3,At Risk
C07433,90,5,1454.35,3,At Risk
C07434,530,3,568.14,1,Low Value
C07435,49,13,5983.26,2,Loyal Customers
C07436,5,6,1053.56,3,At Risk
C07437,96,4,1812.23,3,At Risk
C07438,13,5,1683.1200000000001,0,Potential Loyalists
C07439,42,10,1918.5,0,Potential Loyalists
C07440,359,3,588.3299999999999,1,Low Value
C07441,5,10,3765.4900000000007,0,Potential Loyalists
C07442,138,7,2226.78,0,Potential Loyalists
C07443,241,1,62.46,3,At Risk
C07444,12,7,822.79,0,Potential Loyalists
C07445,83,6,3960.85,0,Potential Loyalists
C07446,521,2,536.29,1,Low Value
C07447,6,7,2667.98,0,Potential Loyalists
C07448,326,4,3881.2700000000004,1,Low Value
C07449,162,5,851.34,3,At Risk
C07450,211,15,8981.32,2,Loyal Customers
C07451,28,11,9054.01,2,Loyal Customers
C07452,514,1,62.06,1,Low Value
C07453,95,3,965.01,3,At Risk
C07454,25,6,2152.19,0,Potential Loyalists
C07455,75,4,3703.64,0,Potential Loyalists
C07456,278,3,360.15,3,At Risk
C07457,73,13,5964.22,2,Loyal Customers
C07458,229,5,401.91999999999996,3,At Risk
C07459,91,5,2043.82,3,At Risk
C07463,76,12,5803.52,2,Loyal Customers
C07464,142,2,1191.34,3,At Risk
C07466,70,6,745.14,3,At Risk
C07467,27,6,7719.07,2,Loyal Customers
C07468,439,5,2120.79,1,Low Value
C07469,65,3,1127.85,3,At Risk
C07470,2,13,3291.98,0,Potential Loyalists
C07471,375,1,143.5,1,Low Value
C07473,278,3,672.34,3,At Risk
C07474,707,1,69.81,1,Low Value
C07475,91,3,754.22,3,At Risk
C07476,144,7,2903.61,0,Potential Loyalists
C07478,17,5,1164.72,3,At Risk
C07480,87,1,119.12,3,At Risk
C07481,196,3,715.97,3,At Risk
C07482,42,15,11556.94,4,VIP Customers
C07483,127,9,2266.42,0,Potential Loyalists
C07484,10,11,3972.36,0,Potential Loyalists
C07485,111,6,3063.13,0,Potential Loyalists
C07486,244,9,4571.63,0,Potential Loyalists
C07487,49,7,3816.68,0,Potential Loyalists
C07488,277,5,1183.06,3,At Risk
C07490,55,4,667.54,3,At Risk
C07491,1,2,626.86,3,At Risk
C07493,76,2,309.67999999999995,3,At Risk
C07494,579,2,1195.99,1,Low Value
C07495,57,4,4453.79,0,Potential Loyalists
C07497,158,16,7203.74,2,Loyal Customers
C07498,330,1,17.65,1,Low Value
C07499,318,2,1196.9299999999998,1,Low Value
C07500,99,9,3304.7400000000002,0,Potential Loyalists
C07501,72,6,2139.38,0,Potential Loyalists
C07503,670,1,15.95,1,Low Value
C07505,76,2,801.3699999999999,3,At Risk
C07507,27,4,941.87,3,At Risk
C07508,4,10,4846.67,0,Potential Loyalists
C07509,136,2,125.08000000000001,3,At Risk
C07510,288,3,1223.94,3,At Risk
C07511,69,2,690.87,3,At Risk
C07512,38,2,288.79,3,At Risk
C07513,257,4,1302.74,3,At Risk
C07515,161,6,1304.74,3,At Risk
C07516,61,4,2426.41,0,Potential Loyalists
C07517,66,7,1697.49,0,Potential Loyalists
C07518,181,2,1856.8000000000002,3,At Risk
C07519,405,1,27.12,1,Low Value
C07520,102,9,2089.39,0,Potential Loyalists
C07521,20,4,1428.09,3,At Risk
C07522,548,1,330.33,1,Low Value
C07523,25,11,3346.18,0,Potential Loyalists
C07524,230,1,687.92,3,At Risk
C07525,104,1,1479.48,3,At Risk
C07526,3,7,1629.6599999999999,0,Potential Loyalists
C07527,178,4,667.64,3,At Risk
C07528,173,11,3882.2,0,Potential Loyalists
C07529,29,3,254.23000000000002,3,At Risk
C07531,44,7,1525.78,0,Potential Loyalists
C07532,222,3,2080.08,3,At Risk
C07533,12,2,544.67,3,At Risk
C07534,56,2,2481.9700000000003,3,At Risk
C07536,239,4,3088.3199999999997,3,At Risk
C07537,145,4,3957.08,0,Potential Loyalists
C07538,2,4,1018.45,3,At Risk
C07539,251,4,434.24,3,At Risk
C07541,106,3,538.3100000000001,3,At Risk
C07542,105,3,797.42,3,At Risk
C07543,135,2,815.09,3,At Risk
C07544,164,7,3769.5099999999998,0,Potential Loyalists
C07545,1,31,10407.33,4,VIP Customers
C07546,108,7,1715.42,0,Potential Loyalists
C07547,313,2,472.26,1,Low Value
C07550,180,9,4108.25,0,Potential Loyalists
C07551,78,22,6293.43,2,Loyal Customers
C07552,233,1,137.29,3,At Risk
C07553,84,3,1637.32,3,At Risk
C07554,42,7,1049.3,0,Potential Loyalists
C07555,100,1,127.64,3,At Risk
C07556,25,4,340.64,3,At Risk
C07557,63,10,2585.9900000000002,0,Potential Loyalists
C07558,155,1,51.69,3,At Risk
C07559,35,20,5482.18,2,Loyal Customers
C07560,56,18,4023.52,2,Loyal Customers
C07561,98,16,4181.37,2,Loyal Customers
C07562,45,5,2354.51,0,Potential Loyalists
C07564,5,10,4292.98,0,Potential Loyalists
C07565,362,6,920.6,1,Low Value
C07567,641,1,2691.35,1,Low Value
C07568,35,5,693.5799999999999,3,At Risk
C07569,177,1,760.95,3,At Risk
C07570,320,3,675.4000000000001,1,Low Value
C07572,141,8,3808.94,0,Potential Loyalists
C07573,61,6,1769.4,0,Potential Loyalists
C07575,4,22,7181.32,2,Loyal Customers
C07577,63,5,2418.6,0,Potential Loyalists
C07578,226,5,2165.57,3,At Risk
C07579,251,3,2137.35,3,At Risk
C07581,9,9,2801.59,0,Potential Loyalists
C07582,66,13,9836.02,2,Loyal Customers
C07583,82,3,1217.77,3,At Risk
C07584,132,6,3578.16,0,Potential Loyalists
C07586,27,6,1513.1599999999999,0,Potential Loyalists
C07587,532,2,402.31,1,Low Value
C07588,89,10,5294.76,2,Loyal Customers
C07589,133,1,163.03,3,At Risk
C07590,110,4,625.55,3,At Risk
C07593,346,1,129.99,1,Low Value
C07594,281,1,2670.88,3,At Risk
C07595,8,2,528.81,3,At Risk
C07596,117,3,353.82,3,At Risk
C07597,19,4,450.88,3,At Risk
C07598,65,3,832.78,3,At Risk
C07599,12,4,3099.25,0,Potential Loyalists
C07600,97,4,507.61,3,At Risk
C07601,640,1,147.38,1,Low Value
C07603,62,8,6057.52,2,Loyal Customers
C07604,333,1,179.38,1,Low Value
C07606,372,6,1033.01,1,Low Value
C07607,24,18,5319.66,2,Loyal Customers
C07608,389,5,1755.95,1,Low Value
C07609,278,6,1597.15,3,At Risk
C07610,24,5,3554.67,0,Potential Loyalists
C07611,83,5,1162.8700000000001,3,At Risk
C07612,428,1,45.57,1,Low Value
C07613,34,8,3919.57,0,Potential Loyalists
C07614,704,1,284.42,1,Low Value
C07615,496,4,3163.9700000000003,1,Low Value
C07617,248,3,913.8299999999999,3,At Risk
C07618,57,13,3126.4700000000003,0,Potential Loyalists
C07619,515,2,528.8299999999999,1,Low Value
C07620,372,3,1471.45,1,Low Value
C07621,55,10,2579.4300000000003,0,Potential Loyalists
C07622,649,1,188.77,1,Low Value
C07623,65,4,1997.0,3,At Risk
C07624,87,9,2882.23,0,Potential Loyalists
C07625,7,4,1792.72,3,At Risk
C07626,56,8,1538.06,0,Potential Loyalists
C07628,305,1,739.74,1,Low Value
C07629,247,2,961.96,3,At Risk
C07630,91,5,2810.9900000000002,0,Potential Loyalists
C07631,42,11,5274.92,2,Loyal Customers
C07632,44,18,7763.76,2,Loyal Customers
C07633,53,8,2349.37,0,Potential Loyalists
C07634,24,2,843.28,3,At Risk
C07635,90,22,4921.92,2,Loyal Customers
C07636,250,9,4707.5,0,Potential Loyalists
C07637,157,1,784.59,3,At Risk
C07638,39,9,1837.93,0,Potential Loyalists
C07641,11,6,1795.58,0,Potential Loyalists
C07642,78,3,448.9,3,At Risk
C07643,187,2,445.49,3,At Risk
C07644,509,2,1630.09,1,Low Value
C07645,145,9,2797.21,0,Potential Loyalists
C07646,146,3,442.25,3,At Risk
C07647,439,2,871.8100000000001,1,Low Value
C07649,645,1,449.08,1,Low Value
C07650,1,23,9087.69,4,VIP Customers
C07651,315,1,195.97,1,Low Value
C07652,49,8,6264.17,2,Loyal Customers
C07653,119,2,618.5400000000001,3,At Risk
C07654,19,9,3171.03,0,Potential Loyalists
C07655,8,4,2397.2200000000003,0,Potential Loyalists
C07656,30,7,1549.85,0,Potential Loyalists
C07657,9,2,92.5,3,At Risk
C07659,183,9,1681.25,0,Potential Loyalists
C07660,17,13,4070.21,2,Loyal Customers
C07661,42,15,4196.29,2,Loyal Customers
C07662,16,16,7997.49,2,Loyal Customers
C07663,10,13,6628.49,2,Loyal Customers
C07664,71,6,1179.18,3,At Risk
C07665,3,10,3899.69,0,Potential Loyalists
C07666,169,4,2621.08,3,At Risk
C07667,19,1,97.83,3,At Risk
C07668,148,4,1847.28,3,At Risk
C07669,51,25,13313.21,4,VIP Customers
C07670,304,1,614.72,1,Low Value
C07671,4,13,5703.7300000000005,2,Loyal Customers
C07673,235,1,553.48,3,At Risk
C07674,463,1,123.02,1,Low Value
C07676,170,2,1286.63,3,At Risk
C07678,91,5,742.04,3,At Risk
C07682,50,5,1094.01,3,At Risk
C07683,261,5,1886.3799999999999,3,At Risk
C07684,231,1,313.06,3,At Risk
C07685,236,4,966.04,3,At Risk
C07687,35,4,1152.4099999999999,3,At Risk
C07688,128,7,3159.8199999999997,0,Potential Loyalists
C07690,203,3,384.55,3,At Risk
C07691,61,2,142.87,3,At Risk
C07693,274,6,4076.38,0,Potential Loyalists
C07694,21,5,1703.28,3,At Risk
C07695,104,3,1732.72,3,At Risk
C07696,17,4,1187.28,3,At Risk
C07697,49,15,6559.51,2,Loyal Customers
C07698,55,5,582.77,3,At Risk
C07699,91,10,4253.09,0,Potential Loyalists
C07700,606,1,268.02,1,Low Value
C07701,153,6,1223.59,3,At Risk
C07702,136,2,2330.4300000000003,3,At Risk
C07703,48,2,535.2,3,At Risk
C07704,566,2,214.71,1,Low Value
C07705,127,3,490.84999999999997,3,At Risk
C07706,29,3,357.93,3,At Risk
C07707,39,9,3878.69,0,Potential Loyalists
C07708,198,1,146.43,3,At Risk
C07709,306,3,1273.85,3,At Risk
C07711,601,1,102.53,1,Low Value
C07713,54,2,209.57999999999998,3,At Risk
C07714,251,3,2171.52,3,At Risk
C07715,417,4,5171.849999999999,1,Low Value
C07716,282,3,1035.08,3,At Risk
C07717,94,1,324.85,3,At Risk
C07718,129,3,1064.75,3,At Risk
C07719,115,2,129.29,3,At Risk
C07720,173,2,3084.34,3,At Risk
C07721,65,6,1560.65,0,Potential Loyalists
C07722,365,2,417.63,1,Low Value
C07723,225,6,769.08,3,At Risk
C07724,29,11,4143.92,0,Potential Loyalists
C07725,104,10,2006.54,0,Potential Loyalists
C07726,10,18,6639.46,2,Loyal Customers
C07727,182,5,1430.8,3,At Risk
C07728,3,5,765.25,3,At Risk
C07729,450,2,1007.5699999999999,1,Low Value
C07730,224,5,3319.13,0,Potential Loyalists
C07731,7,17,8999.39,2,Loyal Customers
C07732,202,4,972.9100000000001,3,At Risk
C07733,15,12,10646.13,2,Loyal Customers
C07736,49,4,746.3,3,At Risk
C07737,5,11,2962.02,0,Potential Loyalists
C07738,30,14,7951.53,2,Loyal Customers
C07739,3,4,2693.13,0,Potential Loyalists
C07740,188,5,4211.43,0,Potential Loyalists
C07741,160,3,2137.14,3,At Risk
C07742,24,13,3095.7799999999997,0,Potential Loyalists
C07743,89,5,2373.54,0,Potential Loyalists
C07744,516,2,254.82999999999998,1,Low Value
C07745,135,4,673.76,3,At Risk
C07746,60,3,285.99,3,At Risk
C07747,705,1,320.62,1,Low Value
C07748,114,11,2917.71,0,Potential Loyalists
C07750,163,2,2123.3700000000003,3,At Risk
C07751,10,7,1643.62,0,Potential Loyalists
C07752,182,2,758.03,3,At Risk
C07753,87,6,1225.75,3,At Risk
C07754,158,3,742.5,3,At Risk
C07755,26,22,8259.13,4,VIP Customers
C07758,112,12,4180.33,0,Potential Loyalists
C07759,111,3,1115.75,3,At Risk
C07760,451,3,777.4100000000001,1,Low Value
C07761,68,29,5413.16,4,VIP Customers
C07762,360,3,506.22,1,Low Value
C07763,171,12,2823.52,0,Potential Loyalists
C07764,156,3,913.87,3,At Risk
C07765,663,1,1025.76,1,Low Value
C07766,14,3,2432.93,3,At Risk
C07767,230,2,261.82,3,At Risk
C07768,160,3,451.68,3,At Risk
C07769,240,4,1401.06,3,At Risk
C07770,216,1,64.39,3,At Risk
C07771,182,1,695.44,3,At Risk
C07773,78,9,2162.27,0,Potential Loyalists
C07774,228,9,3577.03,0,Potential Loyalists
C07775,15,15,9202.59,2,Loyal Customers
C07776,3,16,6932.610000000001,2,Loyal Customers
C07777,101,6,2118.5699999999997,0,Potential Loyalists
C07778,34,16,5445.360000000001,2,Loyal Customers
C07779,284,1,226.94,3,At Risk
C07780,427,2,323.64000000000004,1,Low Value
C07781,154,5,1095.7,3,At Risk
C07782,668,1,33.36,1,Low Value
C07783,17,13,3651.83,2,Loyal Customers
C07784,164,2,1573.3,3,At Risk
C07786,99,6,1290.21,3,At Risk
C07787,469,1,151.44,1,Low Value
C07788,34,1,800.56,3,At Risk
C07789,19,4,2325.75,0,Potential Loyalists
C07790,2,10,2447.82,0,Potential Loyalists
C07791,3,8,1847.85,0,Potential Loyalists
C07792,28,7,2260.6,0,Potential Loyalists
C07793,19,3,1335.58,3,At Risk
C07794,510,1,147.77,1,Low Value
C07795,45,3,1331.92,3,At Risk
C07796,89,3,2159.3900000000003,3,At Risk
C07797,434,3,704.25,1,Low Value
C07798,27,4,3630.41,0,Potential Loyalists
C07799,2,12,1461.8,0,Potential Loyalists
C07800,61,5,1253.52,3,At Risk
C07801,16,5,3031.76,0,Potential Loyalists
C07805,267,5,2586.2,3,At Risk
C07806,174,1,380.27,3,At Risk
C07807,127,9,1575.22,0,Potential Loyalists
C07808,30,33,11020.36,4,VIP Customers
C07809,139,1,126.56,3,At Risk
C07810,77,4,1876.78,3,At Risk
C07811,50,9,2988.88,0,Potential Loyalists
C07812,5,15,2876.86,2,Loyal Customers
C07813,45,7,3079.8100000000004,0,Potential Loyalists
C07815,651,1,13.43,1,Low Value
C07816,72,8,3991.5,0,Potential Loyalists
C07817,19,4,2458.9700000000003,0,Potential Loyalists
C07819,298,3,626.03,3,At Risk
C07820,1,9,1633.96,0,Potential Loyalists
C07821,335,1,166.24,1,Low Value
C07822,12,14,4869.5599999999995,2,Loyal Customers
C07824,47,4,1323.67,3,At Risk
C07825,719,1,309.42,1,Low Value
C07826,124,4,1107.24,3,At Risk
C07827,60,6,1896.48,0,Potential Loyalists
C07828,40,6,1547.71,0,Potential Loyalists
C07829,6,14,4684.37,2,Loyal Customers
C07830,21,2,216.7,3,At Risk
C07831,47,9,5348.59,0,Potential Loyalists
C07832,35,5,1054.01,3,At Risk
C07833,322,4,319.55,1,Low Value
C07834,98,4,1057.2,3,At Risk
C07837,731,1,155.74,1,Low Value
C07838,286,3,547.79,3,At Risk
C07839,10,12,5371.99,2,Loyal Customers
C07840,175,5,762.8,3,At Risk
C07841,46,2,260.86,3,At Risk
C07842,4,11,4960.66,2,Loyal Customers
C07843,333,4,1282.55,1,Low Value
C07844,174,5,780.0,3,At Risk
C07846,127,2,156.85,3,At Risk
C07847,35,1,16.36,3,At Risk
C07848,181,5,1650.92,3,At Risk
C07849,484,2,630.4100000000001,1,Low Value
C07850,37,4,3847.3700000000003,0,Potential Loyalists
C07851,119,5,839.6899999999999,3,At Risk
C07852,120,1,88.18,3,At Risk
C07853,115,11,5616.07,2,Loyal Customers
C07855,56,8,9137.06,2,Loyal Customers
C07856,22,2,132.46,3,At Risk
C07857,245,4,2614.82,3,At Risk
C07858,513,1,85.32,1,Low Value
C07859,60,18,8657.710000000001,2,Loyal Customers
C07860,356,1,665.88,1,Low Value
C07861,30,2,661.57,3,At Risk
C07862,5,25,8420.52,4,VIP Customers
C07863,24,14,7456.38,2,Loyal Customers
C07864,86,1,312.95,3,At Risk
C07865,38,16,7083.29,2,Loyal Customers
C07866,13,11,2974.94,0,Potential Loyalists
C07867,630,1,629.0,1,Low Value
C07870,537,1,155.63,1,Low Value
C07871,82,5,981.42,3,At Risk
C07872,142,2,789.0400000000001,3,At Risk
C07874,115,13,4323.1900000000005,2,Loyal Customers
C07876,52,29,13881.29,4,VIP Customers
C07877,9,17,7196.24,2,Loyal Customers
C07878,168,8,2585.45,0,Potential Loyalists
C07879,20,6,3355.75,0,Potential Loyalists
C07880,405,2,389.35,1,Low Value
C07881,40,4,2298.3,0,Potential Loyalists
C07882,345,1,378.18,1,Low Value
C07883,514,2,377.11,1,Low Value
C07884,82,7,3270.72,0,Potential Loyalists
C07886,110,12,1937.75,0,Potential Loyalists
C07887,13,8,1500.1,0,Potential Loyalists
C07888,396,3,281.78,1,Low Value
C07889,102,3,755.38,3,At Risk
C07890,150,5,749.4,3,At Risk
C07891,36,14,4830.29,2,Loyal Customers
C07892,75,5,2174.93,0,Potential Loyalists
C07893,274,3,666.5799999999999,3,At Risk
C07894,51,7,1258.5,0,Potential Loyalists
C07895,88,4,2143.26,3,At Risk
C07896,69,11,4067.75,0,Potential Loyalists
C07897,522,1,144.95,1,Low Value
C07898,213,2,2959.59,3,At Risk
C07899,178,10,4507.05,0,Potential Loyalists
C07900,53,10,3321.7,0,Potential Loyalists
C07901,2,11,2141.3199999999997,0,Potential Loyalists
C07902,646,1,2223.01,1,Low Value
C07903,80,7,1704.01,0,Potential Loyalists
C07904,311,3,993.3299999999999,1,Low Value
C07905,110,2,187.75,3,At Risk
C07906,54,6,2017.82,0,Potential Loyalists
C07909,92,11,2665.44,0,Potential Loyalists
C07911,96,15,8399.93,2,Loyal Customers
C07913,101,1,185.38,3,At Risk
C07914,111,4,1657.5700000000002,3,At Risk
C07915,12,7,3205.66,0,Potential Loyalists
C07916,178,3,2370.74,3,At Risk
C07917,59,8,1666.3600000000001,0,Potential Loyalists
C07919,7,17,5363.09,2,Loyal Customers
C07920,16,3,643.25,3,At Risk
C07921,38,12,3607.0099999999998,0,Potential Loyalists
C07922,124,3,414.27,3,At Risk
C07923,253,7,2849.56,0,Potential Loyalists
C07924,235,5,1225.8600000000001,3,At Risk
C07925,164,2,3535.85,3,At Risk
C07926,61,10,3211.23,0,Potential Loyalists
C07928,96,2,676.04,3,At Risk
C07929,53,11,5640.51,2,Loyal Customers
C07930,493,1,255.44,1,Low Value
C07931,231,1,850.97,3,At Risk
C07932,15,7,2272.95,0,Potential Loyalists
C07933,56,13,4026.09,2,Loyal Customers
C07934,250,1,866.21,3,At Risk
C07935,357,2,1424.91,1,Low Value
C07936,52,8,2719.18,0,Potential Loyalists
C07937,27,14,4543.15,2,Loyal Customers
C07938,35,11,2032.0900000000001,0,Potential Loyalists
C07939,20,9,3654.4599999999996,0,Potential Loyalists
C07940,434,2,727.99,1,Low Value
C07941,115,2,662.05,3,At Risk
C07943,127,12,6036.490000000001,2,Loyal Customers
C07944,19,20,6983.16,2,Loyal Customers
C07945,53,6,490.69,3,At Risk
C07947,12,3,404.02,3,At Risk
C07948,40,4,1108.41,3,At Risk
C07949,12,4,813.16,3,At Risk
C07950,275,6,2839.7200000000003,0,Potential Loyalists
C07951,157,6,1177.51,3,At Risk
C07952,367,2,757.0,1,Low Value
C07953,51,13,4232.36,2,Loyal Customers
C07954,197,2,203.62,3,At Risk
C07955,244,2,1453.38,3,At Risk
C07956,482,1,134.1,1,Low Value
C07957,92,13,2540.69,0,Potential Loyalists
C07958,78,11,6036.69,2,Loyal Customers
C07959,93,2,283.64,3,At Risk
C07963,482,3,1131.03,1,Low Value
C07964,25,6,1684.3899999999999,0,Potential Loyalists
C07965,81,7,2165.35,0,Potential Loyalists
C07966,18,8,2909.23,0,Potential Loyalists
C07968,313,1,573.31,1,Low Value
C07969,209,2,822.8,3,At Risk
C07970,692,1,85.73,1,Low Value
C07971,31,1,183.34,3,At Risk
C07972,43,4,1881.2399999999998,3,At Risk
C07973,24,4,1389.21,3,At Risk
C07974,6,6,1596.81,0,Potential Loyalists
C07975,58,8,1879.26,0,Potential Loyalists
C07976,76,8,2115.7599999999998,0,Potential Loyalists
C07977,72,8,2294.04,0,Potential Loyalists
C07978,449,3,762.35,1,Low Value
C07979,43,20,5064.71,2,Loyal Customers
C07980,483,1,137.29,1,Low Value
C07981,344,2,1040.34,1,Low Value
C07982,68,1,292.71,3,At Risk
C07983,103,10,4371.88,0,Potential Loyalists
C07984,6,18,3974.17,2,Loyal Customers
C07985,6,10,1941.11,0,Potential Loyalists
C07986,406,3,2299.2,1,Low Value
C07987,66,3,564.02,3,At Risk
C07988,42,15,3609.12,2,Loyal Customers
C07989,187,6,1001.9200000000001,3,At Risk
C07990,11,9,805.44,0,Potential Loyalists
C07991,31,4,604.62,3,At Risk
C07992,307,2,645.03,1,Low Value
C07993,120,11,2796.34,0,Potential Loyalists
C07994,511,1,26.13,1,Low Value
C07995,109,8,2889.96,0,Potential Loyalists
C07996,534,3,626.1700000000001,1,Low Value
C07997,75,16,8117.7,2,Loyal Customers
C07999,57,4,2709.74,0,Potential Loyalists
C08000,150,5,1130.5700000000002,3,At Risk
C08001,97,4,1573.4,3,At Risk
C08002,443,1,338.78,1,Low Value
C08003,28,13,4230.91,2,Loyal Customers
C08004,36,7,2105.9,0,Potential Loyalists
C08005,358,1,218.38,1,Low Value
C08006,19,16,3081.47,2,Loyal Customers
C08010,17,11,6418.81,2,Loyal Customers
C08011,322,2,594.01,1,Low Value
C08013,105,18,6569.98,2,Loyal Customers
C08014,70,4,786.8299999999999,3,At Risk
C08016,95,7,868.31,3,At Risk
C08017,131,7,1514.78,0,Potential Loyalists
C08018,385,1,740.38,1,Low Value
C08019,85,11,5671.19,2,Loyal Customers
C08020,132,5,2547.34,0,Potential Loyalists
C08021,66,3,1053.1399999999999,3,At Risk
C08022,349,3,388.5,1,Low Value
C08023,33,6,1943.13,0,Potential Loyalists
C08025,155,9,3094.93,0,Potential Loyalists
C08028,194,1,269.63,3,At Risk
C08029,169,7,4145.03,0,Potential Loyalists
C08030,162,2,910.2800000000001,3,At Risk
C08031,211,1,58.79,3,At Risk
C08032,52,2,317.85,3,At Risk
C08033,41,4,3043.24,0,Potential Loyalists
C08034,99,1,88.05,3,At Risk
C08035,71,13,8912.58,2,Loyal Customers
C08037,51,1,196.43,3,At Risk
C08038,385,5,860.0100000000001,1,Low Value
C08039,20,21,7611.6,2,Loyal Customers
C08040,450,1,114.66,1,Low Value
C08043,45,3,1600.38,3,At Risk
C08044,297,1,3272.72,3,At Risk
C08045,240,8,1326.91,3,At Risk
C08048,476,1,185.17,1,Low Value
C08049,10,3,2053.54,3,At Risk
C08050,272,8,3268.68,0,Potential Loyalists
C08052,74,15,9214.76,2,Loyal Customers
C08053,131,2,1052.8600000000001,3,At Risk
C08054,145,2,1300.48,3,At Risk
C08055,259,2,612.31,3,At Risk
C08056,390,1,800.56,1,Low Value
C08057,45,9,3303.3599999999997,0,Potential Loyalists
C08058,5,4,394.28,3,At Risk
C08060,320,3,3498.7700000000004,1,Low Value
C08061,9,2,1229.6100000000001,3,At Risk
C08062,103,7,3050.45,0,Potential Loyalists
C08063,584,1,639.94,1,Low Value
C08064,139,7,2311.86,0,Potential Loyalists
C08065,505,2,327.04,1,Low Value
C08067,168,2,404.37,3,At Risk
C08068,6,3,963.97,3,At Risk
C08069,267,3,836.8,3,At Risk
C08070,54,2,157.93,3,At Risk
C08071,104,7,2013.6399999999999,0,Potential Loyalists
C08072,680,1,127.55,1,Low Value
C08073,144,6,2310.77,0,Potential Loyalists
C08074,441,4,597.18,1,Low Value
C08075,7,17,6029.51,2,Loyal Customers
C08076,8,47,20803.4,4,VIP Customers
C08077,203,9,3193.92,0,Potential Loyalists
C08078,46,12,3419.8500000000004,0,Potential Loyalists
C08079,54,4,1003.3800000000001,3,At Risk
C08080,79,11,3756.84,0,Potential Loyalists
C08081,31,11,4133.43,0,Potential Loyalists
C08083,40,9,2550.27,0,Potential Loyalists
C08085,80,3,2175.33,3,At Risk
C08086,18,6,1802.43,0,Potential Loyalists
C08087,42,6,1190.13,3,At Risk
C08088,180,7,2059.49,0,Potential Loyalists
C08089,54,18,5869.37,2,Loyal Customers
C08090,41,4,1785.43,3,At Risk
C08091,4,9,4587.24,0,Potential Loyalists
C08092,77,6,1876.47,0,Potential Loyalists
C08093,523,1,587.19,1,Low Value
C08094,85,3,701.5600000000001,3,At Risk
C08095,263,2,243.09,3,At Risk
C08096,22,3,793.92,3,At Risk
C08097,362,3,1152.38,1,Low Value
C08098,35,8,3000.56,0,Potential Loyalists
C08099,330,2,787.35,1,Low Value
C08100,197,3,326.47,3,At Risk
C08101,188,4,363.36,3,At Risk
C08102,9,4,2522.5299999999997,0,Potential Loyalists
C08104,92,1,319.57,3,At Risk
C08107,597,1,806.72,1,Low Value
C08110,138,7,1874.56,0,Potential Loyalists
C08112,121,2,450.45,3,At Risk
C08113,13,14,4049.87,2,Loyal Customers
C08114,138,8,1504.47,0,Potential Loyalists
C08115,29,2,247.07999999999998,3,At Risk
C08116,41,11,2805.31,0,Potential Loyalists
C08117,457,2,605.2199999999999,1,Low Value
C08119,27,26,8760.79,4,VIP Customers
C08120,72,9,3269.36,0,Potential Loyalists
C08121,209,4,305.09000000000003,3,At Risk
C08122,177,4,919.3500000000001,3,At Risk
C08123,84,4,869.4300000000001,3,At Risk
C08124,7,1,124.11,3,At Risk
C08127,2,8,4678.91,0,Potential Loyalists
C08129,16,6,3770.74,0,Potential Loyalists
C08131,721,1,332.62,1,Low Value
C08132,290,3,171.31,3,At Risk
C08133,181,5,3421.07,0,Potential Loyalists
C08135,420,1,174.64,1,Low Value
C08136,278,5,941.8199999999999,3,At Risk
C08138,152,2,312.63,3,At Risk
C08139,3,2,791.4200000000001,3,At Risk
C08140,118,6,1160.08,3,At Risk
C08141,491,2,112.06,1,Low Value
C08142,321,2,274.82,1,Low Value
C08143,82,16,4121.35,2,Loyal Customers
C08145,210,5,3315.55,0,Potential Loyalists
C08146,141,1,237.12,3,At Risk
C08147,720,1,104.16,1,Low Value
C08149,221,2,286.02,3,At Risk
C08150,17,8,1847.54,0,Potential Loyalists
C08151,167,2,986.3399999999999,3,At Risk
C08152,100,7,1348.0,0,Potential Loyalists
C08153,181,3,1376.45,3,At Risk
C08155,64,3,502.04999999999995,3,At Risk
C08156,38,7,1348.17,0,Potential Loyalists
C08157,96,17,7975.51,2,Loyal Customers
C08158,15,8,3206.25,0,Potential Loyalists
C08159,87,2,1080.26,3,At Risk
C08160,8,11,1570.98,0,Potential Loyalists
C08162,28,9,4368.24,0,Potential Loyalists
C08163,25,8,1483.48,0,Potential Loyalists
C08165,24,5,2352.88,0,Potential Loyalists
C08166,332,5,1673.56,1,Low Value
C08167,22,4,1441.19,3,At Risk
C08169,37,20,9078.36,4,VIP Customers
C08170,49,1,55.08,3,At Risk
C08173,144,8,1026.22,3,At Risk
C08175,239,1,142.54,3,At Risk
C08176,226,6,2691.45,0,Potential Loyalists
C08177,341,3,720.1,1,Low Value
C08178,219,3,1106.02,3,At Risk
C08179,34,4,1638.42,3,At Risk
C08180,60,9,3034.8199999999997,0,Potential Loyalists
C08181,16,21,4462.15,2,Loyal Customers
C08183,25,5,1474.7099999999998,3,At Risk
C08184,158,14,3780.65,2,Loyal Customers
C08185,104,5,2598.1899999999996,0,Potential Loyalists
C08186,77,3,2997.69,0,Potential Loyalists
C08187,424,2,3510.01,1,Low Value
C08188,22,4,1307.1999999999998,3,At Risk
C08189,454,5,2430.94,1,Low Value
C08190,188,5,2313.68,3,At Risk
C08191,36,39,11063.77,4,VIP Customers
C08195,73,2,1901.67,3,At Risk
C08196,19,2,907.94,3,At Risk
C08197,63,6,3866.66,0,Potential Loyalists
C08198,34,1,206.28,3,At Risk
C08199,27,6,822.36,3,At Risk
C08200,528,2,80.0,1,Low Value
C08201,9,12,4614.17,2,Loyal Customers
C08202,153,3,724.38,3,At Risk
C08203,37,16,5780.29,2,Loyal Customers
C08204,113,5,1800.1000000000001,3,At Risk
C08206,667,1,1479.48,1,Low Value
C08207,26,20,9075.23,4,VIP Customers
C08208,148,6,3174.96,0,Potential Loyalists
C08210,247,2,2635.6800000000003,3,At Risk
C08211,407,3,283.0,1,Low Value
C08212,645,2,897.47,1,Low Value
C08213,456,1,92.83,1,Low Value
C08214,48,6,2353.5299999999997,0,Potential Loyalists
C08215,210,1,72.23,3,At Risk
C08216,715,1,1056.16,1,Low Value
C08217,102,4,2135.15,3,At Risk
C08218,187,1,83.28,3,At Risk
C08219,13,8,1841.8899999999999,0,Potential Loyalists
C08220,242,1,534.51,3,At Risk
C08221,233,2,891.46,3,At Risk
C08222,20,17,5972.0,2,Loyal Customers
C08224,94,6,6913.72,2,Loyal Customers
C08225,22,4,277.79,3,At Risk
C08226,83,6,2379.4700000000003,0,Potential Loyalists
C08227,37,8,4515.389999999999,0,Potential Loyalists
C08229,42,8,5894.280000000001,2,Loyal Customers
C08230,24,15,6068.59,2,Loyal Customers
C08231,148,4,812.75,3,At Risk
C08232,706,1,103.38,1,Low Value
C08234,79,5,3529.3500000000004,0,Potential Loyalists
C08235,30,12,7464.77,2,Loyal Customers
C08236,65,5,1835.73,3,At Risk
C08237,488,1,189.5,1,Low Value
C08239,99,5,3596.06,0,Potential Loyalists
C08240,21,6,1771.37,0,Potential Loyalists
C08241,556,1,398.34,1,Low Value
C08243,140,3,452.24,3,At Risk
C08244,590,1,193.52,1,Low Value
C08245,174,8,2226.39,0,Potential Loyalists
C08246,21,8,6840.16,2,Loyal Customers
C08247,154,3,2053.79,3,At Risk
C08249,58,4,3069.47,0,Potential Loyalists
C08250,7,22,6699.26,2,Loyal Customers
C08251,49,13,9016.92,2,Loyal Customers
C08252,292,7,2649.8399999999997,0,Potential Loyalists
C08253,88,4,1573.8,3,At Risk
C08254,22,9,3169.8500000000004,0,Potential Loyalists
C08255,50,6,1701.51,0,Potential Loyalists
C08256,36,9,1638.56,0,Potential Loyalists
C08257,519,2,1795.34,1,Low Value
C08258,20,21,8082.1900000000005,2,Loyal Customers
C08259,64,3,323.28,3,At Risk
C08262,112,5,868.24,3,At Risk
C08263,5,3,378.94,3,At Risk
C08264,177,2,2491.23,3,At Risk
C08265,64,5,1124.87,3,At Risk
C08266,20,15,4778.78,2,Loyal Customers
C08267,29,11,2936.25,0,Potential Loyalists
C08268,266,1,51.69,3,At Risk
C08269,29,8,2396.3,0,Potential Loyalists
C08271,430,1,237.12,1,Low Value
C08272,571,4,308.38,1,Low Value
C08273,54,12,5610.24,2,Loyal Customers
C08274,276,4,1935.1100000000001,3,At Risk
C08276,96,5,3163.0499999999997,0,Potential Loyalists
C08277,134,4,1411.42,3,At Risk
C08278,22,11,2402.81,0,Potential Loyalists
C08279,62,16,4202.68,2,Loyal Customers
C08281,101,2,620.64,3,At Risk
C08282,537,1,471.92,1,Low Value
C08283,20,9,4770.89,0,Potential Loyalists
C08286,15,3,1242.6399999999999,3,At Risk
C08287,137,3,948.69,3,At Risk
C08289,104,3,316.0,3,At Risk
C08291,226,6,1333.46,3,At Risk
C08292,43,24,8483.92,4,VIP Customers
C08294,558,2,341.76,1,Low Value
C08295,36,14,4292.51,2,Loyal Customers
C08296,65,8,3322.59,0,Potential Loyalists
C08297,238,2,702.47,3,At Risk
C08298,53,4,488.1,3,At Risk
C08299,630,1,320.71,1,Low Value
C08300,133,7,993.6,3,At Risk
C08301,28,13,4032.27,2,Loyal Customers
C08302,22,5,2768.06,0,Potential Loyalists
C08303,519,2,446.06000000000006,1,Low Value
C08305,133,3,1113.34,3,At Risk
C08306,491,2,319.26,1,Low Value
C08307,296,4,2304.72,3,At Risk
C08309,1,6,2419.0699999999997,0,Potential Loyalists
C08310,407,5,1299.8700000000001,1,Low Value
C08311,235,3,2213.81,3,At Risk
C08312,329,2,1959.6599999999999,1,Low Value
C08313,292,3,974.1700000000001,3,At Risk
C08314,77,5,1043.58,3,At Risk
C08315,144,6,502.21,3,At Risk
C08316,149,7,5478.38,0,Potential Loyalists
C08317,553,1,69.81,1,Low Value
C08318,22,11,4538.75,2,Loyal Customers
C08319,192,2,302.89,3,At Risk
C08321,319,2,576.46,1,Low Value
C08322,94,4,1336.97,3,At Risk
C08323,36,14,5378.6,2,Loyal Customers
C08324,107,2,830.13,3,At Risk
C08325,607,1,2108.26,1,Low Value
C08326,309,1,75.73,1,Low Value
C08327,41,7,3842.87,0,Potential Loyalists
C08328,56,2,190.56,3,At Risk
C08329,120,3,1143.94,3,At Risk
C08330,300,4,794.77,3,At Risk
C08331,189,1,1013.23,3,At Risk
C08332,125,3,2897.11,3,At Risk
C08333,235,2,184.35,3,At Risk
C08334,10,6,5121.62,0,Potential Loyalists
C08335,25,10,3261.45,0,Potential Loyalists
C08336,78,11,5936.95,2,Loyal Customers
C08338,116,9,2858.01,0,Potential Loyalists
C08340,352,1,173.4,1,Low Value
C08341,61,11,5614.320000000001,2,Loyal Customers
C08342,84,10,1891.9,0,Potential Loyalists
C08343,235,3,347.22999999999996,3,At Risk
C08344,130,9,1731.1599999999999,0,Potential Loyalists
C08345,53,26,8585.38,4,VIP Customers
C08346,35,4,1322.92,3,At Risk
C08347,47,5,740.3499999999999,3,At Risk
C08348,31,5,2467.9300000000003,0,Potential Loyalists
C08349,302,1,2615.31,3,At Risk
C08350,381,2,186.95999999999998,1,Low Value
C08351,81,8,3838.01,0,Potential Loyalists
C08353,112,1,206.28,3,At Risk
C08354,37,1,62.06,3,At Risk
C08355,24,4,2724.05,0,Potential Loyalists
C08356,57,20,6933.4,2,Loyal Customers
C08357,191,5,1248.38,3,At Risk
C08359,3,19,3953.52,2,Loyal Customers
C08360,4,13,4135.33,2,Loyal Customers
C08361,231,4,470.5,3,At Risk
C08362,18,11,4949.32,2,Loyal Customers
C08363,731,1,143.62,1,Low Value
C08364,328,2,919.9100000000001,1,Low Value
C08365,663,1,97.98,1,Low Value
C08366,54,6,1749.38,0,Potential Loyalists
C08368,192,6,883.93,3,At Risk
C08369,55,9,1986.88,0,Potential Loyalists
C08371,18,1,142.25,3,At Risk
C08372,122,3,454.9,3,At Risk
C08373,69,4,1884.92,3,At Risk
C08374,247,4,891.5500000000001,3,At Risk
C08376,100,5,3000.1,0,Potential Loyalists
C08378,94,4,659.73,3,At Risk
C08379,131,8,4538.58,0,Potential Loyalists
C08380,21,28,8882.73,4,VIP Customers
C08381,44,8,2826.4,0,Potential Loyalists
C08382,18,5,1191.1999999999998,3,At Risk
C08383,48,2,371.99,3,At Risk
C08384,16,4,1712.35,3,At Risk
C08385,15,8,2613.65,0,Potential Loyalists
C08386,184,1,146.88,3,At Risk
C08387,26,2,2307.89,3,At Risk
C08388,618,2,450.88,1,Low Value
C08389,253,6,5926.42,0,Potential Loyalists
C08390,628,1,194.19,1,Low Value
C08392,3,16,4742.75,2,Loyal Customers
C08393,440,4,1087.79,1,Low Value
C08394,446,1,175.63,1,Low Value
C08395,245,4,2766.0,3,At Risk
C08396,187,3,1819.52,3,At Risk
C08397,52,2,433.03,3,At Risk
C08398,4,2,199.23000000000002,3,At Risk
C08399,41,3,2212.62,3,At Risk
C08400,7,9,2296.67,0,Potential Loyalists
C08401,37,7,1772.79,0,Potential Loyalists
C08402,297,3,558.21,3,At Risk
C08403,17,5,1473.1799999999998,3,At Risk
C08404,10,9,6096.79,2,Loyal Customers
C08407,89,10,4854.02,0,Potential Loyalists
C08408,127,4,1571.1599999999999,3,At Risk
C08409,151,2,177.89999999999998,3,At Risk
C08410,142,6,1459.7600000000002,3,At Risk
C08411,17,5,2209.34,0,Potential Loyalists
C08412,5,10,2542.6,0,Potential Loyalists
C08413,357,1,438.35,1,Low Value
C08414,23,8,5102.1,0,Potential Loyalists
C08416,140,3,2970.73,3,At Risk
C08417,46,6,5699.139999999999,0,Potential Loyalists
C08418,36,2,196.49,3,At Risk
C08419,28,9,3279.0099999999998,0,Potential Loyalists
C08421,11,3,1007.2800000000001,3,At Risk
C08423,138,8,2260.05,0,Potential Loyalists
C08425,124,8,2781.97,0,Potential Loyalists
C08426,18,9,4163.1900000000005,0,Potential Loyalists
C08427,138,12,5854.46,2,Loyal Customers
C08428,102,1,120.69,3,At Risk
C08429,249,5,1176.9499999999998,3,At Risk
C08431,93,12,4893.63,2,Loyal Customers
C08432,92,8,1340.33,0,Potential Loyalists
C08433,413,1,195.97,1,Low Value
C08434,115,3,934.02,3,At Risk
C08436,234,4,752.06,3,At Risk
C08437,152,2,648.99,3,At Risk
C08438,8,20,10115.13,4,VIP Customers
C08439,121,10,2624.93,0,Potential Loyalists
C08440,1,7,5228.76,0,Potential Loyalists
C08441,10,21,9636.36,4,VIP Customers
C08442,516,1,195.97,1,Low Value
C08443,39,9,5563.35,2,Loyal Customers
C08444,205,3,819.13,3,At Risk
C08445,70,4,2123.1,3,At Risk
C08446,123,5,1532.61,3,At Risk
C08448,122,5,643.41,3,At Risk
C08450,31,34,9765.16,4,VIP Customers
C08451,433,1,15.95,1,Low Value
C08452,193,5,880.18,3,At Risk
C08453,71,10,6468.91,2,Loyal Customers
C08454,228,1,527.95,3,At Risk
C08455,500,4,872.63,1,Low Value
C08456,79,5,859.6899999999999,3,At Risk
C08457,529,1,368.76,1,Low Value
C08458,2,4,1424.5,3,At Risk
C08459,38,2,601.44,3,At Risk
C08461,3,4,1595.22,3,At Risk
C08462,643,2,845.64,1,Low Value
C08463,130,12,3269.09,0,Potential Loyalists
C08464,79,9,2518.48,0,Potential Loyalists
C08465,408,4,1104.45,1,Low Value
C08468,173,2,2478.9,3,At Risk
C08469,42,5,1305.96,3,At Risk
C08470,124,5,3469.87,0,Potential Loyalists
C08471,149,1,179.15,3,At Risk
C08472,132,2,857.79,3,At Risk
C08473,39,4,796.46,3,At Risk
C08474,667,1,269.11,1,Low Value
C08475,315,5,1882.5,3,At Risk
C08476,28,4,1779.02,3,At Risk
C08477,316,3,130.36,1,Low Value
C08478,90,5,848.97,3,At Risk
C08479,12,12,2508.42,0,Potential Loyalists
C08481,77,11,3379.81,0,Potential Loyalists
C08482,286,3,440.61,3,At Risk
C08483,2,14,6889.8099999999995,2,Loyal Customers
C08484,29,9,2470.67,0,Potential Loyalists
C08485,43,2,251.78,3,At Risk
C08486,130,13,6296.95,2,Loyal Customers
C08487,43,9,3539.96,0,Potential Loyalists
C08488,398,1,675.58,1,Low Value
C08490,17,3,1179.0,3,At Risk
C08491,13,6,2876.23,0,Potential Loyalists
C08492,158,3,1711.31,3,At Risk
C08493,38,8,2346.7,0,Potential Loyalists
C08494,37,4,3419.3100000000004,0,Potential Loyalists
C08495,13,7,1804.4599999999998,0,Potential Loyalists
C08496,151,2,211.35000000000002,3,At Risk
C08498,17,16,7437.18,2,Loyal Customers
C08501,259,7,4928.75,0,Potential Loyalists
C08502,8,6,1151.3,3,At Risk
C08505,593,3,238.03,1,Low Value
C08506,31,25,10057.41,4,VIP Customers
C08507,104,6,3237.07,0,Potential Loyalists
C08508,72,6,1119.1799999999998,3,At Risk
C08509,122,1,1113.02,3,At Risk
C08512,314,1,1254.19,1,Low Value
C08513,93,4,821.78,3,At Risk
C08514,424,1,578.27,1,Low Value
C08515,182,1,630.06,3,At Risk
C08516,92,4,2055.26,3,At Risk
C08517,15,13,6467.35,2,Loyal Customers
C08518,11,8,1592.21,0,Potential Loyalists
C08519,151,1,155.14,3,At Risk
C08520,492,1,176.09,1,Low Value
C08521,74,9,1455.68,0,Potential Loyalists
C08523,177,6,1059.59,3,At Risk
C08524,22,9,2869.34,0,Potential Loyalists
C08525,67,10,2933.24,0,Potential Loyalists
C08526,31,10,5213.61,2,Loyal Customers
C08527,109,6,769.9,3,At Risk
C08528,8,6,1506.96,0,Potential Loyalists
C08529,100,2,522.53,3,At Risk
C08530,17,6,2118.62,0,Potential Loyalists
C08531,387,1,254.81,1,Low Value
C08532,16,16,5906.5,2,Loyal Customers
C08534,621,1,146.24,1,Low Value
C08535,134,10,4440.35,0,Potential Loyalists
C08537,74,7,3949.08,0,Potential Loyalists
C08538,366,1,247.54,1,Low Value
C08539,14,7,1043.28,0,Potential Loyalists
C08540,42,5,1117.99,3,At Risk
C08541,168,5,1340.3899999999999,3,At Risk
C08542,703,2,704.12,1,Low Value
C08543,73,1,92.83,3,At Risk
C08544,8,9,2028.0,0,Potential Loyalists
C08546,102,4,1042.12,3,At Risk
C08547,102,7,1357.66,0,Potential Loyalists
C08548,355,4,2197.39,1,Low Value
C08549,214,3,704.3299999999999,3,At Risk
C08552,92,10,5996.42,2,Loyal Customers
C08554,13,23,6700.99,2,Loyal Customers
C08557,366,3,1216.49,1,Low Value
C08559,163,5,1084.71,3,At Risk
C08560,62,9,3398.72,0,Potential Loyalists
C08561,229,1,295.01,3,At Risk
C08562,54,8,1792.34,0,Potential Loyalists
C08564,62,3,1662.96,3,At Risk
C08565,88,3,478.84999999999997,3,At Risk
C08566,57,13,6973.02,2,Loyal Customers
C08567,343,2,681.72,1,Low Value
C08568,199,8,2372.69,0,Potential Loyalists
C08569,32,5,2889.72,0,Potential Loyalists
C08570,149,1,44.94,3,At Risk
C08571,530,3,1315.54,1,Low Value
C08572,5,9,3757.48,0,Potential Loyalists
C08573,9,5,1506.8,3,At Risk
C08574,2,8,2493.13,0,Potential Loyalists
C08575,48,6,1398.17,3,At Risk
C08577,8,16,4510.04,2,Loyal Customers
C08578,356,4,2531.0,1,Low Value
C08579,37,10,5789.38,2,Loyal Customers
C08580,87,8,1745.8899999999999,0,Potential Loyalists
C08581,42,5,2727.09,0,Potential Loyalists
C08582,53,5,1588.8799999999999,3,At Risk
C08583,163,6,975.22,3,At Risk
C08584,150,3,1105.39,3,At Risk
C08585,247,3,901.4,3,At Risk
C08587,122,4,888.32,3,At Risk
C08590,74,4,872.63,3,At Risk
C08591,11,8,3001.39,0,Potential Loyalists
C08592,66,2,489.14,3,At Risk
C08593,216,9,4226.06,0,Potential Loyalists
C08594,158,1,222.6,3,At Risk
C08595,16,4,1098.92,3,At Risk
C08596,466,2,641.16,1,Low Value
C08598,33,7,3062.26,0,Potential Loyalists
C08599,119,2,2242.1,3,At Risk
C08600,131,2,1167.96,3,At Risk
C08601,265,1,62.46,3,At Risk
C08602,76,7,1649.3600000000001,0,Potential Loyalists
C08605,15,4,616.2,3,At Risk
C08606,37,1,295.56,3,At Risk
C08607,34,14,8810.369999999999,2,Loyal Customers
C08608,29,4,722.09,3,At Risk
C08609,167,4,4501.66,0,Potential Loyalists
C08610,192,3,1103.3300000000002,3,At Risk
C08611,138,1,84.98,3,At Risk
C08612,390,1,128.59,1,Low Value
C08613,49,19,4757.49,2,Loyal Customers
C08614,114,9,2341.4900000000002,0,Potential Loyalists
C08615,469,3,1686.86,1,Low Value
C08616,92,2,516.3,3,At Risk
C08617,57,1,342.18,3,At Risk
C08619,257,4,1842.43,3,At Risk
C08620,238,3,2561.12,3,At Risk
C08621,80,5,900.79,3,At Risk
C08622,657,1,87.67,1,Low Value
C08623,277,3,1258.85,3,At Risk
C08625,72,2,987.6700000000001,3,At Risk
C08626,301,2,354.1,1,Low Value
C08627,1,4,1214.1100000000001,3,At Risk
C08628,12,10,5317.0,2,Loyal Customers
C08629,14,10,4230.5199999999995,0,Potential Loyalists
C08630,115,23,11798.28,4,VIP Customers
C08631,240,15,4568.91,2,Loyal Customers
C08632,139,5,2339.94,3,At Risk
C08633,103,14,8615.23,2,Loyal Customers
C08634,150,9,3840.04,0,Potential Loyalists
C08635,133,9,1957.4299999999998,0,Potential Loyalists
C08636,546,1,164.37,1,Low Value
C08638,153,11,2174.92,0,Potential Loyalists
C08639,318,5,4198.62,0,Potential Loyalists
C08640,6,11,5621.17,2,Loyal Customers
C08641,524,3,2755.33,1,Low Value
C08642,3,3,968.5500000000001,3,At Risk
C08643,323,4,2077.54,1,Low Value
C08644,30,15,4770.3,2,Loyal Customers
C08646,11,8,4454.75,0,Potential Loyalists
C08647,115,9,4005.11,0,Potential Loyalists
C08648,47,2,633.28,3,At Risk
C08649,54,2,143.51,3,At Risk
C08652,264,4,1228.97,3,At Risk
C08654,50,1,306.14,3,At Risk
C08655,155,10,3691.19,0,Potential Loyalists
C08656,118,5,490.96000000000004,3,At Risk
C08657,32,3,442.68,3,At Risk
C08659,88,7,1918.75,0,Potential Loyalists
C08660,53,9,1861.3799999999999,0,Potential Loyalists
C08661,492,1,173.4,1,Low Value
C08662,81,5,1149.27,3,At Risk
C08663,153,6,902.28,3,At Risk
C08664,8,6,3145.83,0,Potential Loyalists
C08665,95,7,1203.6799999999998,3,At Risk
C08667,429,3,172.34,1,Low Value
C08671,20,9,2008.22,0,Potential Loyalists
C08673,20,16,9053.11,2,Loyal Customers
C08674,628,2,1017.91,1,Low Value
C08676,731,1,363.29,1,Low Value
C08677,325,2,512.51,1,Low Value
C08678,73,25,9783.41,4,VIP Customers
C08679,260,8,4499.91,0,Potential Loyalists
C08681,11,14,3155.15,0,Potential Loyalists
C08682,248,9,3052.04,0,Potential Loyalists
C08683,246,4,2992.38,3,At Risk
C08684,9,6,3002.59,0,Potential Loyalists
C08685,238,5,1079.1100000000001,3,At Risk
C08686,136,1,578.4,3,At Risk
C08687,14,3,1044.94,3,At Risk
C08689,147,8,4123.42,0,Potential Loyalists
C08690,478,1,255.1,1,Low Value
C08691,16,16,7146.98,2,Loyal Customers
C08692,209,2,1074.77,3,At Risk
C08693,349,1,77.57,1,Low Value
C08694,20,5,1865.0,0,Potential Loyalists
C08696,118,7,783.95,3,At Risk
C08698,118,8,1355.7,0,Potential Loyalists
C08699,12,12,7334.11,2,Loyal Customers
C08700,120,3,1111.75,3,At Risk
C08701,421,1,47.61,1,Low Value
C08702,622,1,807.34,1,Low Value
C08703,366,2,573.2,1,Low Value
C08704,24,6,1485.3799999999999,0,Potential Loyalists
C08705,181,5,2342.7200000000003,3,At Risk
C08706,42,6,2272.7999999999997,0,Potential Loyalists
C08708,37,9,1186.13,0,Potential Loyalists
C08709,450,1,523.23,1,Low Value
C08710,36,3,1598.3100000000002,3,At Risk
C08711,37,5,2686.42,0,Potential Loyalists
C08712,401,1,170.59,1,Low Value
C08713,98,7,2182.85,0,Potential Loyalists
C08714,2,13,4871.8099999999995,2,Loyal Customers
C08715,93,5,2376.25,0,Potential Loyalists
C08718,302,2,217.44,1,Low Value
C08720,103,13,1974.11,0,Potential Loyalists
C08721,132,6,1268.79,3,At Risk
C08723,63,11,2831.7,0,Potential Loyalists
C08724,42,8,1595.4699999999998,0,Potential Loyalists
C08726,54,4,777.81,3,At Risk
C08727,449,2,355.25,1,Low Value
C08728,1,18,6811.92,2,Loyal Customers
C08729,369,4,1126.06,1,Low Value
C08730,46,14,5033.32,2,Loyal Customers
C08731,228,4,1988.5600000000002,3,At Risk
C08732,7,13,3191.1,0,Potential Loyalists
C08734,8,16,5663.719999999999,2,Loyal Customers
C08735,95,11,3154.11,0,Potential Loyalists
C08736,294,3,665.63,3,At Risk
C08737,140,8,1639.99,0,Potential Loyalists
C08738,57,7,2081.7,0,Potential Loyalists
C08739,11,16,4758.16,2,Loyal Customers
C08740,510,1,36.53,1,Low Value
C08741,100,4,828.91,3,At Risk
C08742,116,8,2256.56,0,Potential Loyalists
C08743,389,4,1756.37,1,Low Value
C08744,515,1,16.79,1,Low Value
C08745,220,2,106.93,3,At Risk
C08747,17,10,1943.55,0,Potential Loyalists
C08749,238,5,1732.2700000000002,3,At Risk
C08750,136,2,536.19,3,At Risk
C08751,137,3,1937.01,3,At Risk
C08752,65,4,568.12,3,At Risk
C08753,229,3,457.87,3,At Risk
C08754,119,3,3965.2200000000003,0,Potential Loyalists
C08756,76,6,3511.38,0,Potential Loyalists
C08757,54,9,3267.11,0,Potential Loyalists
C08758,88,4,3471.0699999999997,0,Potential Loyalists
C08759,536,1,96.55,1,Low Value
C08760,61,14,6148.55,2,Loyal Customers
C08761,66,7,2159.75,0,Potential Loyalists
C08762,455,2,297.11,1,Low Value
C08763,21,12,6130.27,2,Loyal Customers
C08764,8,29,16550.260000000002,4,VIP Customers
C08765,156,5,1147.85,3,At Risk
C08766,27,26,9412.49,4,VIP Customers
C08767,174,3,2771.12,3,At Risk
C08768,427,3,153.26999999999998,1,Low Value
C08769,171,1,76.48,3,At Risk
C08770,53,6,1458.96,0,Potential Loyalists
C08771,131,2,1528.53,3,At Risk
C08772,148,2,650.0999999999999,3,At Risk
C08774,388,1,362.07,1,Low Value
C08775,384,2,197.82999999999998,1,Low Value
C08776,207,2,165.10000000000002,3,At Risk
C08777,72,4,541.8599999999999,3,At Risk
C08778,82,16,4967.94,2,Loyal Customers
C08779,132,2,5366.38,0,Potential Loyalists
C08780,670,1,539.26,1,Low Value
C08781,328,3,1233.4199999999998,1,Low Value
C08782,26,1,98.34,3,At Risk
C08783,719,1,50.23,1,Low Value
C08784,502,2,210.5,1,Low Value
C08785,45,11,4473.87,0,Potential Loyalists
C08787,327,2,697.2199999999999,1,Low Value
C08789,148,10,3234.2,0,Potential Loyalists
C08790,390,5,2460.82,1,Low Value
C08792,479,2,833.67,1,Low Value
C08793,10,17,8170.95,2,Loyal Customers
C08795,149,2,547.3,3,At Risk
C08796,722,1,229.31,1,Low Value
C08797,164,2,459.0,3,At Risk
C08798,48,14,1930.57,0,Potential Loyalists
C08799,60,41,16966.45,4,VIP Customers
C08800,68,6,1376.92,3,At Risk
C08801,179,2,2839.75,3,At Risk
C08802,59,5,1699.3799999999999,3,At Risk
C08803,489,2,1637.81,1,Low Value
C08804,4,19,11791.57,4,VIP Customers
C08805,175,6,1071.43,3,At Risk
C08806,104,1,51.06,3,At Risk
C08808,6,3,1703.93,3,At Risk
C08809,2,25,5533.639999999999,2,Loyal Customers
C08810,58,4,420.76,3,At Risk
C08811,180,5,1601.5900000000001,3,At Risk
C08813,234,3,238.60000000000002,3,At Risk
C08814,11,14,5113.98,2,Loyal Customers
C08815,15,38,18233.19,4,VIP Customers
C08816,45,12,5843.18,2,Loyal Customers
C08817,232,7,4541.04,0,Potential Loyalists
C08818,177,1,314.61,3,At Risk
C08819,94,3,803.48,3,At Risk
C08820,270,2,3981.7599999999998,3,At Risk
C08821,34,7,1928.42,0,Potential Loyalists
C08822,159,7,1760.5900000000001,0,Potential Loyalists
C08823,201,3,329.6,3,At Risk
C08825,193,2,2373.44,3,At Risk
C08826,247,11,2887.63,0,Potential Loyalists
C08827,25,7,2395.83,0,Potential Loyalists
C08828,510,1,1068.35,1,Low Value
C08829,567,1,87.62,1,Low Value
C08830,55,12,4924.8,2,Loyal Customers
C08831,52,3,6083.12,0,Potential Loyalists
C08832,192,3,870.03,3,At Risk
C08833,391,5,1091.63,1,Low Value
C08834,307,4,1045.93,3,At Risk
C08835,12,9,2266.36,0,Potential Loyalists
C08836,55,11,4789.95,2,Loyal Customers
C08838,409,1,96.55,1,Low Value
C08840,532,2,1075.37,1,Low Value
C08841,326,3,863.73,1,Low Value
C08844,273,2,504.08000000000004,3,At Risk
C08846,561,1,77.57,1,Low Value
C08847,413,1,71.06,1,Low Value
C08848,112,9,4715.53,0,Potential Loyalists
C08850,93,1,15.95,3,At Risk
C08851,39,23,5444.72,2,Loyal Customers
C08852,5,20,4556.53,2,Loyal Customers
C08854,24,7,2991.71,0,Potential Loyalists
C08855,180,4,575.48,3,At Risk
C08856,665,1,247.54,1,Low Value
C08859,60,2,183.53,3,At Risk
C08860,346,3,602.77,1,Low Value
C08861,21,6,2124.95,0,Potential Loyalists
C08863,118,4,578.89,3,At Risk
C08864,102,4,1813.71,3,At Risk
C08865,75,4,382.85,3,At Risk
C08866,12,41,18296.94,4,VIP Customers
C08867,177,3,501.34,3,At Risk
C08868,76,16,3785.8,2,Loyal Customers
C08869,5,4,1427.1999999999998,3,At Risk
C08870,572,1,646.81,1,Low Value
C08871,403,3,2425.68,1,Low Value
C08872,122,4,1541.62,3,At Risk
C08873,608,1,26.86,1,Low Value
C08874,69,6,2263.49,0,Potential Loyalists
C08875,6,3,578.9300000000001,3,At Risk
C08876,10,3,973.88,3,At Risk
C08877,94,11,2826.4300000000003,0,Potential Loyalists
C08878,225,7,2878.96,0,Potential Loyalists
C08879,322,3,1419.21,1,Low Value
C08880,179,5,1463.68,3,At Risk
C08882,15,5,1689.23,3,At Risk
C08883,566,1,235.48,1,Low Value
C08885,54,3,996.51,3,At Risk
C08886,626,1,133.59,1,Low Value
C08887,270,6,2492.87,3,At Risk
C08888,242,11,2760.1,0,Potential Loyalists
C08889,488,2,4906.92,1,Low Value
C08890,60,8,5351.400000000001,0,Potential Loyalists
C08891,110,3,1213.3200000000002,3,At Risk
C08893,41,7,2206.4,0,Potential Loyalists
C08894,39,8,2779.45,0,Potential Loyalists
C08895,8,3,389.17,3,At Risk
C08896,33,14,4527.23,2,Loyal Customers
C08897,13,6,1931.8400000000001,0,Potential Loyalists
C08898,5,24,7545.33,4,VIP Customers
C08899,57,5,1674.6799999999998,3,At Risk
C08901,208,3,452.08,3,At Risk
C08902,2,3,580.41,3,At Risk
C08903,90,6,3674.99,0,Potential Loyalists
C08904,224,8,3658.86,0,Potential Loyalists
C08905,303,5,1365.93,3,At Risk
C08907,21,5,1480.31,3,At Risk
C08909,59,9,2976.79,0,Potential Loyalists
C08910,70,10,4103.81,0,Potential Loyalists
C08911,29,18,8408.17,2,Loyal Customers
C08912,206,1,70.26,3,At Risk
C08913,294,1,146.88,3,At Risk
C08914,346,6,1366.08,1,Low Value
C08915,24,15,6767.74,2,Loyal Customers
C08916,93,5,1864.7,3,At Risk
C08917,605,1,369.62,1,Low Value
C08918,131,2,519.05,3,At Risk
C08919,80,5,1094.5,3,At Risk
C08920,118,5,3341.2999999999997,0,Potential Loyalists
C08921,39,12,4381.52,2,Loyal Customers
C08922,85,1,278.18,3,At Risk
C08923,25,9,1736.06,0,Potential Loyalists
C08925,50,21,7301.72,2,Loyal Customers
C08926,276,8,3550.7599999999998,0,Potential Loyalists
C08927,23,8,3894.5200000000004,0,Potential Loyalists
C08928,43,10,1680.17,0,Potential Loyalists
C08931,84,1,702.75,3,At Risk
C08933,171,3,1272.84,3,At Risk
C08934,127,3,604.39,3,At Risk
C08935,28,9,3645.64,0,Potential Loyalists
C08936,15,2,794.0,3,At Risk
C08937,149,7,1380.72,3,At Risk
C08938,384,2,206.01999999999998,1,Low Value
C08939,205,2,3097.9100000000003,3,At Risk
C08941,222,1,194.67,3,At Risk
C08942,64,8,6196.22,2,Loyal Customers
C08943,42,4,835.85,3,At Risk
C08944,417,1,363.57,1,Low Value
C08945,15,7,5358.79,0,Potential Loyalists
C08947,105,8,5470.31,0,Potential Loyalists
C08948,503,3,1092.83,1,Low Value
C08949,37,5,905.65,3,At Risk
C08950,56,18,4293.639999999999,2,Loyal Customers
C08951,3,12,4108.27,2,Loyal Customers
C08952,2,2,171.63,3,At Risk
C08954,3,7,1368.65,0,Potential Loyalists
C08955,88,5,3029.5099999999998,0,Potential Loyalists
C08957,11,9,3879.35,0,Potential Loyalists
C08958,565,1,584.8,1,Low Value
C08960,54,9,2295.04,0,Potential Loyalists
C08961,208,2,139.95,3,At Risk
C08963,186,2,255.01,3,At Risk
C08964,26,8,2614.32,0,Potential Loyalists
C08966,68,4,1048.76,3,At Risk
C08967,33,9,4027.75,0,Potential Loyalists
C08968,144,2,374.49,3,At Risk
C08969,32,6,4341.42,0,Potential Loyalists
C08970,526,1,2564.1,1,Low Value
C08971,532,3,425.16,1,Low Value
C08972,1,6,4769.12,0,Potential Loyalists
C08973,41,1,29.52,3,At Risk
C08974,44,5,1806.66,3,At Risk
C08975,32,5,2171.55,0,Potential Loyalists
C08976,42,1,828.56,3,At Risk
C08977,116,2,1904.65,3,At Risk
C08979,73,11,8917.84,2,Loyal Customers
C08980,127,4,882.5999999999999,3,At Risk
C08981,38,8,2748.94,0,Potential Loyalists
C08982,136,2,310.5,3,At Risk
C08983,97,3,661.71,3,At Risk
C08984,68,9,2143.52,0,Potential Loyalists
C08985,493,5,1642.73,1,Low Value
C08986,6,12,2203.4900000000002,0,Potential Loyalists
C08987,125,4,930.8399999999999,3,At Risk
C08988,552,1,215.69,1,Low Value
C08989,74,14,3815.78,2,Loyal Customers
C08990,8,5,835.85,3,At Risk
C08991,184,7,1937.6599999999999,0,Potential Loyalists
C08992,7,17,6259.71,2,Loyal Customers
C08994,36,2,812.06,3,At Risk
C08995,207,2,3949.35,3,At Risk
C08996,359,2,1047.57,1,Low Value
C08997,14,5,2928.0,0,Potential Loyalists
C08998,33,18,9422.4,2,Loyal Customers
C08999,173,3,695.48,3,At Risk
C09000,229,7,991.72,3,At Risk
C09001,13,14,3300.02,2,Loyal Customers
C09002,169,10,5750.11,2,Loyal Customers
C09003,88,3,906.95,3,At Risk
C09004,46,5,2729.15,0,Potential Loyalists
C09005,3,16,7321.19,2,Loyal Customers
C09006,33,24,12679.3,4,VIP Customers
C09007,156,4,2116.81,3,At Risk
C09008,152,8,3652.81,0,Potential Loyalists
C09010,5,3,777.78,3,At Risk
C09011,2,16,3219.64,2,Loyal Customers
C09012,197,1,52.02,3,At Risk
C09013,559,2,210.32,1,Low Value
C09014,25,3,3089.1400000000003,0,Potential Loyalists
C09015,137,8,5648.7300000000005,0,Potential Loyalists
C09016,196,2,1382.09,3,At Risk
C09018,24,22,6606.03,2,Loyal Customers
C09019,91,5,469.42,3,At Risk
C09020,685,1,641.02,1,Low Value
C09021,175,1,274.58,3,At Risk
C09022,18,3,1305.66,3,At Risk
C09023,33,8,2975.57,0,Potential Loyalists
C09025,34,5,5028.25,0,Potential Loyalists
C09026,116,2,422.2,3,At Risk
C09029,337,2,3426.01,1,Low Value
C09030,147,7,2037.47,0,Potential Loyalists
C09031,155,11,3558.92,0,Potential Loyalists
C09032,322,4,2853.7000000000003,1,Low Value
C09033,183,6,2040.32,3,At Risk
C09035,21,4,702.5,3,At Risk
C09036,2,7,2100.37,0,Potential Loyalists
C09037,12,7,1831.35,0,Potential Loyalists
C09038,228,3,1401.9099999999999,3,At Risk
C09039,203,5,1227.5,3,At Risk
C09040,7,10,2767.98,0,Potential Loyalists
C09041,240,7,2936.76,0,Potential Loyalists
C09042,7,5,2222.4,0,Potential Loyalists
C09043,14,13,7161.85,2,Loyal Customers
C09044,193,5,1270.94,3,At Risk
C09045,37,3,1547.0,3,At Risk
C09047,60,2,183.46,3,At Risk
C09048,219,5,1843.47,3,At Risk
C09049,115,6,952.96,3,At Risk
C09051,33,16,5968.92,2,Loyal Customers
C09053,86,7,3834.17,0,Potential Loyalists
C09054,235,3,918.4100000000001,3,At Risk
C09055,27,4,547.84,3,At Risk
C09056,63,12,4917.57,2,Loyal Customers
C09057,450,2,923.84,1,Low Value
C09059,244,1,704.32,3,At Risk
C09060,86,5,816.45,3,At Risk
C09061,110,5,1085.4099999999999,3,At Risk
C09062,23,21,7141.01,2,Loyal Customers
C09063,575,1,1258.01,1,Low Value
C09064,185,5,2225.64,3,At Risk
C09065,121,9,6808.53,2,Loyal Customers
C09066,65,14,2534.08,0,Potential Loyalists
C09067,4,15,5899.66,2,Loyal Customers
C09068,197,5,3463.75,0,Potential Loyalists
C09069,25,2,87.02,3,At Risk
C09070,64,3,736.06,3,At Risk
C09071,18,2,1281.56,3,At Risk
C09072,112,6,3420.36,0,Potential Loyalists
C09073,69,4,3410.5899999999997,0,Potential Loyalists
C09074,75,7,3282.4500000000003,0,Potential Loyalists
C09075,48,11,3361.96,0,Potential Loyalists
C09077,383,5,863.2,1,Low Value
C09078,308,1,191.1,1,Low Value
C09079,447,1,43.15,1,Low Value
C09081,6,15,4679.33,2,Loyal Customers
C09083,177,8,2957.83,0,Potential Loyalists
C09084,710,1,608.76,1,Low Value
C09085,689,1,294.77,1,Low Value
C09086,127,9,4103.24,0,Potential Loyalists
C09087,315,2,1386.75,1,Low Value
C09089,170,2,508.71999999999997,3,At Risk
C09090,37,15,6012.68,2,Loyal Customers
C09091,49,2,621.06,3,At Risk
C09092,447,2,373.91,1,Low Value
C09093,226,4,398.75,3,At Risk
C09094,192,3,1248.3,3,At Risk
C09095,161,1,48.42,3,At Risk
C09096,191,3,381.03000000000003,3,At Risk
C09097,322,5,913.38,1,Low Value
C09098,504,3,322.15,1,Low Value
C09099,86,6,2409.5499999999997,0,Potential Loyalists
C09100,10,11,2188.08,0,Potential Loyalists
C09101,3,14,5257.110000000001,2,Loyal Customers
C09103,507,1,358.07,1,Low Value
C09104,22,6,3221.33,0,Potential Loyalists
C09107,32,8,5080.62,0,Potential Loyalists
C09108,268,1,61.04,3,At Risk
C09109,111,1,240.6,3,At Risk
C09110,260,3,197.66,3,At Risk
C09111,21,9,2945.23,0,Potential Loyalists
C09112,258,2,223.87,3,At Risk
C09113,35,10,4311.09,0,Potential Loyalists
C09114,7,6,3666.5099999999998,0,Potential Loyalists
C09115,321,2,142.01,1,Low Value
C09116,95,2,446.77,3,At Risk
C09118,203,3,669.58,3,At Risk
C09119,614,1,82.51,1,Low Value
C09120,55,9,3385.98,0,Potential Loyalists
C09121,33,7,5450.79,0,Potential Loyalists
C09122,239,6,1361.46,3,At Risk
C09123,95,4,1444.3700000000001,3,At Risk
C09124,18,8,6984.1900000000005,2,Loyal Customers
C09125,152,2,586.53,3,At Risk
C09126,502,1,150.12,1,Low Value
C09127,37,13,4520.66,2,Loyal Customers
C09128,60,9,2109.7799999999997,0,Potential Loyalists
C09129,92,5,1575.26,3,At Risk
C09130,122,3,186.29,3,At Risk
C09131,467,6,2219.5699999999997,1,Low Value
C09132,182,2,526.46,3,At Risk
C09134,3,8,2413.21,0,Potential Loyalists
C09135,389,1,717.52,1,Low Value
C09136,79,6,3650.13,0,Potential Loyalists
C09137,603,1,527.95,1,Low Value
C09138,149,2,2279.41,3,At Risk
C09139,544,1,76.48,1,Low Value
C09140,80,4,1078.29,3,At Risk
C09141,60,7,1854.94,0,Potential Loyalists
C09142,668,1,628.78,1,Low Value
C09143,84,3,243.54,3,At Risk
C09144,53,9,1821.15,0,Potential Loyalists
C09145,102,3,301.15,3,At Risk
C09146,134,7,2956.16,0,Potential Loyalists
C09147,30,15,7011.17,2,Loyal Customers
C09148,156,17,6523.94,2,Loyal Customers
C09149,18,14,2951.73,0,Potential Loyalists
C09150,159,2,537.22,3,At Risk
C09151,44,20,3450.0099999999998,2,Loyal Customers
C09152,39,6,2722.2200000000003,0,Potential Loyalists
C09153,91,5,2311.95,0,Potential Loyalists
C09155,11,18,4932.07,2,Loyal Customers
C09156,119,9,4068.7200000000003,0,Potential Loyalists
C09157,14,5,1189.3,3,At Risk
C09159,267,3,1624.6200000000001,3,At Risk
C09160,37,15,5172.83,2,Loyal Customers
C09161,39,5,2135.67,0,Potential Loyalists
C09162,443,4,1488.71,1,Low Value
C09163,214,4,2103.2799999999997,3,At Risk
C09165,547,1,445.21,1,Low Value
C09166,553,3,692.2,1,Low Value
C09167,28,1,319.57,3,At Risk
C09168,59,2,133.68,3,At Risk
C09169,160,3,452.51,3,At Risk
C09170,586,1,254.75,1,Low Value
C09171,24,3,1360.9699999999998,3,At Risk
C09172,14,10,4391.65,0,Potential Loyalists
C09173,584,3,426.59999999999997,1,Low Value
C09174,520,1,434.52,1,Low Value
C09175,494,1,106.87,1,Low Value
C09176,226,4,4209.66,0,Potential Loyalists
C09177,145,14,6821.13,2,Loyal Customers
C09178,28,2,273.21999999999997,3,At Risk
C09179,2,3,941.68,3,At Risk
C09180,62,5,1760.21,3,At Risk
C09181,159,7,2681.87,0,Potential Loyalists
C09182,111,4,528.26,3,At Risk
C09183,145,10,2189.0,0,Potential Loyalists
C09184,56,8,2269.5,0,Potential Loyalists
C09185,19,19,10771.99,4,VIP Customers
C09186,48,2,589.8,3,At Risk
C09187,25,33,10162.75,4,VIP Customers
C09188,691,2,273.25,1,Low Value
C09189,91,3,3139.2000000000003,0,Potential Loyalists
C09190,403,3,956.76,1,Low Value
C09191,46,3,1014.43,3,At Risk
C09192,19,7,4068.68,0,Potential Loyalists
C09194,473,1,127.04,1,Low Value
C09195,505,3,757.56,1,Low Value
C09196,204,2,1750.1100000000001,3,At Risk
C09198,44,18,8834.67,2,Loyal Customers
C09199,182,2,155.29,3,At Risk
C09200,19,5,3914.2599999999998,0,Potential Loyalists
C09202,224,5,2822.48,3,At Risk
C09204,66,4,1766.0200000000002,3,At Risk
C09205,307,1,52.02,1,Low Value
C09206,447,1,1013.23,1,Low Value
C09207,44,9,2364.5499999999997,0,Potential Loyalists
C09208,252,3,437.28999999999996,3,At Risk
C09209,108,5,1309.72,3,At Risk
C09211,101,5,1958.2400000000002,3,At Risk
C09213,206,8,2329.82,0,Potential Loyalists
C09214,117,6,2397.0,0,Potential Loyalists
C09216,7,9,3394.1600000000003,0,Potential Loyalists
C09217,3,13,5220.0599999999995,2,Loyal Customers
C09218,14,3,3453.9100000000003,0,Potential Loyalists
C09219,287,2,790.3100000000001,3,At Risk
C09220,57,6,771.29,3,At Risk
C09221,53,8,2522.2599999999998,0,Potential Loyalists
C09222,49,8,1786.01,0,Potential Loyalists
C09224,674,1,110.16,1,Low Value
C09225,283,3,315.15999999999997,3,At Risk
C09226,94,2,648.03,3,At Risk
C09228,524,4,1209.68,1,Low Value
C09229,34,1,77.57,3,At Risk
C09230,83,3,682.51,3,At Risk
C09231,354,4,1077.33,1,Low Value
C09232,542,2,438.84999999999997,1,Low Value
C09235,532,1,391.93,1,Low Value
C09236,445,4,712.2,1,Low Value
C09237,71,5,1521.1699999999998,3,At Risk
C09239,21,4,1324.18,3,At Risk
C09240,656,1,78.06,1,Low Value
C09241,500,4,1206.3600000000001,1,Low Value
C09242,125,4,3186.63,0,Potential Loyalists
C09243,312,3,542.36,1,Low Value
C09244,34,1,140.42,3,At Risk
C09246,92,9,5010.46,0,Potential Loyalists
C09247,40,18,7831.27,2,Loyal Customers
C09248,34,16,3716.14,2,Loyal Customers
C09250,65,7,2476.06,0,Potential Loyalists
C09251,4,7,3241.84,0,Potential Loyalists
C09252,27,9,2835.52,0,Potential Loyalists
C09253,412,1,194.67,1,Low Value
C09254,45,6,3883.2,0,Potential Loyalists
C09256,79,9,4413.83,0,Potential Loyalists
C09257,254,4,560.21,3,At Risk
C09258,137,5,950.95,3,At Risk
C09259,151,13,3871.4700000000003,2,Loyal Customers
C09260,650,2,219.03,1,Low Value
C09261,355,4,2002.55,1,Low Value
C09263,192,1,1211.0,3,At Risk
C09264,669,2,2078.25,1,Low Value
C09266,10,16,4362.25,2,Loyal Customers
C09267,338,1,84.98,1,Low Value
C09268,240,1,38.35,3,At Risk
C09269,20,11,3222.2,0,Potential Loyalists
C09270,49,10,4023.12,0,Potential Loyalists
C09271,328,3,1701.05,1,Low Value
C09273,170,12,5206.66,2,Loyal Customers
C09274,383,1,66.36,1,Low Value
C09275,93,11,4893.41,2,Loyal Customers
C09276,226,5,769.33,3,At Risk
C09277,15,8,4614.39,0,Potential Loyalists
C09278,706,1,110.16,1,Low Value
C09279,194,4,2119.9,3,At Risk
C09280,307,8,1701.7,3,At Risk
C09281,97,10,6078.96,2,Loyal Customers
C09283,29,9,4128.3,0,Potential Loyalists
C09285,293,2,308.19,3,At Risk
C09286,24,3,878.93,3,At Risk
C09288,551,1,88.56,1,Low Value
C09289,70,10,4029.56,0,Potential Loyalists
C09290,205,3,1236.83,3,At Risk
C09291,351,1,739.74,1,Low Value
C09292,80,11,8154.5,2,Loyal Customers
C09293,37,14,7911.88,2,Loyal Customers
C09294,484,3,1337.47,1,Low Value
C09297,102,7,2480.33,0,Potential Loyalists
C09298,185,5,998.1099999999999,3,At Risk
C09299,120,4,5291.42,0,Potential Loyalists
C09300,68,10,2443.55,0,Potential Loyalists
C09301,306,2,1176.8200000000002,1,Low Value
C09303,43,8,3675.71,0,Potential Loyalists
C09304,88,7,1638.2,0,Potential Loyalists
C09305,178,7,2806.7999999999997,0,Potential Loyalists
C09306,136,12,4815.83,2,Loyal Customers
C09307,31,14,2734.44,0,Potential Loyalists
C09308,99,3,1229.4899999999998,3,At Risk
C09310,21,33,14545.6,4,VIP Customers
C09311,45,6,2768.01,0,Potential Loyalists
C09312,312,3,1433.44,1,Low Value
C09313,174,3,3753.3,0,Potential Loyalists
C09314,23,4,816.5699999999999,3,At Risk
C09315,165,9,6886.22,2,Loyal Customers
C09316,61,3,713.04,3,At Risk
C09317,20,11,4898.63,2,Loyal Customers
C09318,32,10,3958.61,0,Potential Loyalists
C09319,3,11,2182.72,0,Potential Loyalists
C09320,19,10,4089.7599999999998,0,Potential Loyalists
C09321,48,6,1778.0300000000002,0,Potential Loyalists
C09322,390,2,186.12,1,Low Value
C09323,465,2,601.52,1,Low Value
C09324,58,11,4098.24,0,Potential Loyalists
C09325,24,3,1146.21,3,At Risk
C09326,46,1,925.47,3,At Risk
C09327,486,1,29.52,1,Low Value
C09328,528,1,628.78,1,Low Value
C09329,87,7,2842.9900000000002,0,Potential Loyalists
C09330,3,6,1187.8300000000002,0,Potential Loyalists
C09331,528,2,268.07,1,Low Value
C09332,7,15,11634.74,4,VIP Customers
C09333,40,3,921.1500000000001,3,At Risk
C09334,86,10,4986.67,0,Potential Loyalists
C09335,54,5,1870.6999999999998,3,At Risk
C09336,84,9,4976.99,0,Potential Loyalists
C09337,64,2,1047.75,3,At Risk
C09338,513,3,445.43,1,Low Value
C09339,89,16,7686.47,2,Loyal Customers
C09341,62,16,2078.91,0,Potential Loyalists
C09342,361,4,448.2,1,Low Value
C09343,235,6,1309.04,3,At Risk
C09344,214,2,1727.23,3,At Risk
C09345,640,2,590.63,1,Low Value
C09346,167,3,919.44,3,At Risk
C09347,25,23,8537.42,4,VIP Customers
C09348,172,1,345.1,3,At Risk
C09349,95,8,3051.9,0,Potential Loyalists
C09351,90,3,1183.5900000000001,3,At Risk
C09352,70,3,2119.39,3,At Risk
C09353,245,2,401.56,3,At Risk
C09354,32,27,12021.52,4,VIP Customers
C09355,683,1,87.67,1,Low Value
C09356,42,8,836.61,0,Potential Loyalists
C09357,645,1,655.4,1,Low Value
C09358,195,5,1075.99,3,At Risk
C09359,11,8,1690.41,0,Potential Loyalists
C09360,156,1,227.06,3,At Risk
C09362,84,10,2609.22,0,Potential Loyalists
C09363,35,10,3285.83,0,Potential Loyalists
C09365,121,2,152.28,3,At Risk
C09366,54,7,1627.94,0,Potential Loyalists
C09367,99,14,4628.25,2,Loyal Customers
C09368,96,9,1612.12,0,Potential Loyalists
C09369,66,8,4056.98,0,Potential Loyalists
C09371,4,16,6064.57,2,Loyal Customers
C09372,197,7,1681.98,3,At Risk
C09373,28,2,633.13,3,At Risk
C09374,34,2,1867.19,3,At Risk
C09375,251,2,360.69,3,At Risk
C09376,373,4,577.05,1,Low Value
C09377,63,2,599.64,3,At Risk
C09380,166,5,1187.01,3,At Risk
C09381,189,1,224.67,3,At Risk
C09382,12,12,4813.63,2,Loyal Customers
C09384,72,12,4748.67,2,Loyal Customers
C09385,101,12,2575.74,0,Potential Loyalists
C09386,6,11,4879.22,2,Loyal Customers
C09387,57,4,4037.9,0,Potential Loyalists
C09388,74,3,751.5500000000001,3,At Risk
C09389,95,2,504.72,3,At Risk
C09390,20,1,169.31,3,At Risk
C09391,14,25,8114.29,4,VIP Customers
C09392,133,1,97.59,3,At Risk
C09393,183,9,1667.75,0,Potential Loyalists
C09394,100,7,1445.3600000000001,0,Potential Loyalists
C09395,45,16,4566.62,2,Loyal Customers
C09396,20,6,1959.75,0,Potential Loyalists
C09397,68,5,2495.61,0,Potential Loyalists
C09398,3,3,253.89000000000001,3,At Risk
C09399,30,7,2218.26,0,Potential Loyalists
C09401,142,7,1063.76,3,At Risk
C09402,242,3,1910.78,3,At Risk
C09404,47,14,2731.09,0,Potential Loyalists
C09405,57,5,739.76,3,At Risk
C09406,45,11,5329.97,2,Loyal Customers
C09407,37,11,4944.08,2,Loyal Customers
C09408,11,5,2626.52,0,Potential Loyalists
C09409,244,2,605.34,3,At Risk
C09411,89,7,1161.19,3,At Risk
C09412,154,7,2901.5600000000004,0,Potential Loyalists
C09413,177,5,1138.6100000000001,3,At Risk
C09414,142,3,306.26,3,At Risk
C09415,15,2,178.73000000000002,3,At Risk
C09416,48,9,2092.21,0,Potential Loyalists
C09417,170,3,1881.3899999999999,3,At Risk
C09418,13,1,205.46,3,At Risk
C09419,282,5,2342.41,3,At Risk
C09420,19,3,2135.52,3,At Risk
C09421,26,13,3296.48,0,Potential Loyalists
C09424,130,3,1075.67,3,At Risk
C09425,115,2,337.38,3,At Risk
C09426,70,1,128.59,3,At Risk
C09427,78,5,1160.56,3,At Risk
C09428,321,2,1503.2800000000002,1,Low Value
C09429,102,10,2568.2200000000003,0,Potential Loyalists
C09431,49,20,6220.75,2,Loyal Customers
C09432,17,6,1020.74,3,At Risk
C09435,330,3,673.33,1,Low Value
C09437,193,3,1501.3400000000001,3,At Risk
C09439,95,2,266.64,3,At Risk
C09440,235,3,928.77,3,At Risk
C09442,91,2,183.12,3,At Risk
C09443,144,11,3717.21,0,Potential Loyalists
C09444,32,1,104.16,3,At Risk
C09445,254,4,441.90000000000003,3,At Risk
C09446,36,3,561.87,3,At Risk
C09447,5,12,3691.38,0,Potential Loyalists
C09449,206,15,4290.98,2,Loyal Customers
C09450,297,2,255.6,3,At Risk
C09451,100,6,2471.57,0,Potential Loyalists
C09452,57,2,82.84,3,At Risk
C09454,56,11,6336.58,2,Loyal Customers
C09455,113,6,1635.97,3,At Risk
C09459,228,4,1045.91,3,At Risk
C09460,184,2,160.57,3,At Risk
C09461,104,3,1048.14,3,At Risk
C09462,144,4,752.44,3,At Risk
C09463,156,4,328.38,3,At Risk
C09464,325,5,1238.8100000000002,1,Low Value
C09466,200,1,143.5,3,At Risk
C09468,148,9,5257.6,0,Potential Loyalists
C09469,142,9,3399.2599999999998,0,Potential Loyalists
C09470,21,33,15270.650000000001,4,VIP Customers
C09471,293,1,26.86,3,At Risk
C09472,123,12,3114.62,0,Potential Loyalists
C09473,212,6,1449.27,3,At Risk
C09474,462,1,119.12,1,Low Value
C09475,183,3,377.51,3,At Risk
C09476,19,9,2627.96,0,Potential Loyalists
C09477,20,13,4107.18,2,Loyal Customers
C09478,421,1,1389.83,1,Low Value
C09480,281,3,1439.1,3,At Risk
C09481,75,16,9519.119999999999,2,Loyal Customers
C09482,20,9,2718.17,0,Potential Loyalists
C09483,378,2,391.28000000000003,1,Low Value
C09484,358,4,1325.38,1,Low Value
C09485,255,3,1708.26,3,At Risk
C09486,21,7,2811.37,0,Potential Loyalists
C09487,39,4,1155.86,3,At Risk
C09489,28,3,1051.21,3,At Risk
C09490,55,8,3507.83,0,Potential Loyalists
C09491,16,5,1622.74,3,At Risk
C09492,51,13,3004.5,0,Potential Loyalists
C09493,126,4,1440.53,3,At Risk
C09494,38,7,1899.41,0,Potential Loyalists
C09495,71,16,3878.81,2,Loyal Customers
C09496,5,3,561.23,3,At Risk
C09497,103,18,8018.47,2,Loyal Customers
C09499,179,4,667.4300000000001,3,At Risk
C09500,80,13,4188.84,2,Loyal Customers
C09502,213,9,2127.58,0,Potential Loyalists
C09503,3,5,2643.77,0,Potential Loyalists
C09504,36,6,2918.98,0,Potential Loyalists
C09505,30,8,1560.43,0,Potential Loyalists
C09506,24,5,2217.54,0,Potential Loyalists
C09507,10,5,1844.12,0,Potential Loyalists
C09508,559,1,154.45,1,Low Value
C09509,303,3,1027.4499999999998,3,At Risk
C09510,3,3,1217.5100000000002,3,At Risk
C09511,326,4,420.59,1,Low Value
C09512,287,1,206.4,3,At Risk
C09513,113,8,3198.4,0,Potential Loyalists
C09514,161,2,70.03,3,At Risk
C09515,121,9,4153.9400000000005,0,Potential Loyalists
C09517,184,6,2072.44,3,At Risk
C09518,4,7,2070.68,0,Potential Loyalists
C09519,9,13,5201.53,2,Loyal Customers
C09520,253,5,3387.5099999999998,0,Potential Loyalists
C09521,178,4,696.95,3,At Risk
C09522,107,14,3715.8,2,Loyal Customers
C09523,358,2,179.18,1,Low Value
C09524,289,2,550.5899999999999,3,At Risk
C09525,85,7,1269.26,0,Potential Loyalists
C09526,472,2,752.3399999999999,1,Low Value
C09527,366,1,36.53,1,Low Value
C09528,40,3,586.93,3,At Risk
C09529,16,11,2925.85,0,Potential Loyalists
C09530,63,19,5914.59,2,Loyal Customers
C09531,10,14,7830.44,2,Loyal Customers
C09533,298,5,2965.8500000000004,3,At Risk
C09536,11,10,3289.75,0,Potential Loyalists
C09538,17,5,2204.76,0,Potential Loyalists
C09539,21,4,2597.12,0,Potential Loyalists
C09540,52,6,1782.0,0,Potential Loyalists
C09541,101,2,226.69,3,At Risk
C09542,113,1,608.76,3,At Risk
C09543,605,2,1486.68,1,Low Value
C09544,3,1,97.83,3,At Risk
C09545,53,26,14559.25,4,VIP Customers
C09546,19,8,1584.65,0,Potential Loyalists
C09547,370,4,1641.1599999999999,1,Low Value
C09548,71,10,2751.67,0,Potential Loyalists
C09549,110,3,878.02,3,At Risk
C09550,16,8,1902.28,0,Potential Loyalists
C09551,162,3,3830.57,0,Potential Loyalists
C09552,161,7,2810.44,0,Potential Loyalists
C09553,133,5,1694.04,3,At Risk
C09554,178,2,639.9100000000001,3,At Risk
C09556,73,2,314.75,3,At Risk
C09557,302,5,1563.1299999999999,3,At Risk
C09559,20,7,3080.99,0,Potential Loyalists
C09560,85,6,1428.87,3,At Risk
C09561,180,6,2077.82,3,At Risk
C09562,20,13,2717.9,0,Potential Loyalists
C09563,632,1,309.42,1,Low Value
C09564,57,1,308.19,3,At Risk
C09565,88,15,7613.96,2,Loyal Customers
C09566,137,2,203.81,3,At Risk
C09567,520,2,538.43,1,Low Value
C09568,145,6,1713.38,3,At Risk
C09569,724,1,483.58,1,Low Value
C09570,69,4,559.18,3,At Risk
C09571,151,14,6073.67,2,Loyal Customers
C09573,193,9,5904.33,2,Loyal Customers
C09574,118,1,164.76,3,At Risk
C09575,194,4,860.14,3,At Risk
C09576,32,6,2874.6099999999997,0,Potential Loyalists
C09577,42,10,2739.38,0,Potential Loyalists
C09578,54,7,2545.4700000000003,0,Potential Loyalists
C09579,117,17,5737.4,2,Loyal Customers
C09580,234,2,486.08000000000004,3,At Risk
C09581,190,3,256.94,3,At Risk
C09582,729,1,122.76,1,Low Value
C09583,409,2,261.81,1,Low Value
C09585,100,5,2156.79,0,Potential Loyalists
C09586,175,5,2317.27,3,At Risk
C09587,200,8,1437.52,0,Potential Loyalists
C09588,17,7,2414.0299999999997,0,Potential Loyalists
C09590,627,2,568.53,1,Low Value
C09591,162,6,2663.13,0,Potential Loyalists
C09592,413,2,392.68,1,Low Value
C09593,77,7,3982.77,0,Potential Loyalists
C09594,106,5,2151.64,3,At Risk
C09595,25,16,6972.82,2,Loyal Customers
C09596,133,4,2363.6,3,At Risk
C09597,547,1,75.01,1,Low Value
C09598,18,12,4217.78,2,Loyal Customers
C09602,43,1,16.79,3,At Risk
C09603,160,1,360.25,3,At Risk
C09604,103,14,4829.66,2,Loyal Customers
C09605,8,4,704.61,3,At Risk
C09606,17,6,2612.05,0,Potential Loyalists
C09608,8,5,2543.41,0,Potential Loyalists
C09610,184,6,2483.75,0,Potential Loyalists
C09611,162,3,857.83,3,At Risk
C09612,272,2,381.09000000000003,3,At Risk
C09613,25,3,210.3,3,At Risk
C09614,54,6,2536.87,0,Potential Loyalists
C09616,62,8,2829.86,0,Potential Loyalists
C09617,236,3,1649.9,3,At Risk
C09618,7,3,416.74,3,At Risk
C09619,61,3,1206.4699999999998,3,At Risk
C09620,282,1,156.06,3,At Risk
C09622,51,13,5173.71,2,Loyal Customers
C09623,35,7,1266.62,0,Potential Loyalists
C09624,44,37,20617.9,4,VIP Customers
C09625,496,1,136.45,1,Low Value
C09626,729,1,140.53,1,Low Value
C09627,132,5,1255.0,3,At Risk
C09628,643,1,78.07,1,Low Value
C09629,7,14,6584.21,2,Loyal Customers
C09630,101,8,2981.62,0,Potential Loyalists
C09631,95,5,2883.88,0,Potential Loyalists
C09632,1,3,1686.46,3,At Risk
C09633,441,5,1480.85,1,Low Value
C09634,81,16,9799.27,2,Loyal Customers
C09635,50,2,1854.8600000000001,3,At Risk
C09636,78,7,818.12,3,At Risk
C09637,526,4,3922.1499999999996,1,Low Value
C09638,91,14,8451.65,2,Loyal Customers
C09639,26,10,6623.68,2,Loyal Customers
C09640,21,36,12055.22,4,VIP Customers
C09641,309,5,486.21000000000004,3,At Risk
C09643,275,4,651.4100000000001,3,At Risk
C09644,228,7,2828.7400000000002,0,Potential Loyalists
C09645,8,10,4457.1,0,Potential Loyalists
C09647,510,2,561.13,1,Low Value
C09648,321,2,1410.1,1,Low Value
C09649,10,11,1770.11,0,Potential Loyalists
C09651,7,5,3412.43,0,Potential Loyalists
C09653,108,3,2078.5,3,At Risk
C09654,58,13,6963.12,2,Loyal Customers
C09657,664,1,697.42,1,Low Value
C09658,731,1,119.36,1,Low Value
C09659,58,10,3601.7000000000003,0,Potential Loyalists
C09660,556,1,92.94,1,Low Value
C09661,153,5,602.6800000000001,3,At Risk
C09663,10,7,1046.16,0,Potential Loyalists
C09664,70,6,4738.38,0,Potential Loyalists
C09665,19,21,8194.42,2,Loyal Customers
C09666,39,11,4660.83,2,Loyal Customers
C09667,217,5,2049.56,3,At Risk
C09668,131,3,1106.21,3,At Risk
C09669,77,7,5421.85,0,Potential Loyalists
C09670,584,1,130.45,1,Low Value
C09671,90,2,299.17,3,At Risk
C09673,159,3,684.67,3,At Risk
C09674,66,4,1659.82,3,At Risk
C09675,27,3,1173.21,3,At Risk
C09677,231,10,2691.9700000000003,0,Potential Loyalists
C09679,4,15,4189.1900000000005,2,Loyal Customers
C09680,347,1,280.84,1,Low Value
C09681,81,3,853.44,3,At Risk
C09682,101,4,973.18,3,At Risk
C09684,383,2,946.53,1,Low Value
C09685,25,7,2607.95,0,Potential Loyalists
C09686,16,11,3042.5,0,Potential Loyalists
C09687,42,11,3289.51,0,Potential Loyalists
C09688,90,2,222.5,3,At Risk
C09689,228,2,442.51,3,At Risk
C09691,597,1,604.38,1,Low Value
C09692,674,1,62.06,1,Low Value
C09693,23,18,8614.52,2,Loyal Customers
C09694,36,5,895.2,3,At Risk
C09695,183,6,1441.79,3,At Risk
C09696,373,4,1969.66,1,Low Value
C09697,105,10,3732.6,0,Potential Loyalists
C09699,113,5,1473.45,3,At Risk
C09700,108,10,2546.58,0,Potential Loyalists
C09701,23,1,90.22,3,At Risk
C09703,24,19,6629.2300000000005,2,Loyal Customers
C09704,157,4,1445.85,3,At Risk
C09706,214,1,1135.12,3,At Risk
C09707,384,2,233.09,1,Low Value
C09708,8,5,834.74,3,At Risk
C09709,640,1,38.35,1,Low Value
C09710,27,4,742.53,3,At Risk
C09711,48,6,2953.43,0,Potential Loyalists
C09712,36,7,2538.6,0,Potential Loyalists
C09713,10,11,2984.74,0,Potential Loyalists
C09715,100,8,2913.91,0,Potential Loyalists
C09716,204,2,1241.22,3,At Risk
C09717,109,3,4023.21,0,Potential Loyalists
C09718,37,16,4235.3099999999995,2,Loyal Customers
C09719,133,5,3553.19,0,Potential Loyalists
C09720,98,1,472.72,3,At Risk
C09721,178,2,381.81,3,At Risk
C09722,89,4,552.79,3,At Risk
C09723,308,3,349.62,1,Low Value
C09724,28,25,6026.9,2,Loyal Customers
C09725,1,10,3761.3999999999996,0,Potential Loyalists
C09726,29,4,2815.64,0,Potential Loyalists
C09727,23,8,8092.85,2,Loyal Customers
C09728,224,6,2020.14,3,At Risk
C09730,83,14,7841.23,2,Loyal Customers
C09731,443,4,1398.97,1,Low Value
C09732,32,14,8034.32,2,Loyal Customers
C09734,3,7,5025.25,0,Potential Loyalists
C09735,142,9,2152.62,0,Potential Loyalists
C09736,1,20,7467.67,2,Loyal Customers
C09737,14,8,2069.88,0,Potential Loyalists
C09738,15,3,1857.21,3,At Risk
C09739,24,2,483.18,3,At Risk
C09740,356,5,1394.0900000000001,1,Low Value
C09741,464,1,160.35,1,Low Value
C09742,74,3,736.62,3,At Risk
C09743,211,1,724.5,3,At Risk
C09744,87,2,699.24,3,At Risk
C09745,59,10,3956.66,0,Potential Loyalists
C09746,216,11,2207.4700000000003,0,Potential Loyalists
C09747,274,1,526.42,3,At Risk
C09749,49,2,735.39,3,At Risk
C09750,500,1,1801.26,1,Low Value
C09752,569,1,136.06,1,Low Value
C09753,385,3,322.44000000000005,1,Low Value
C09755,100,4,973.3100000000001,3,At Risk
C09756,159,3,340.75,3,At Risk
C09757,143,8,4489.34,0,Potential Loyalists
C09758,48,14,4298.99,2,Loyal Customers
C09759,607,1,76.48,1,Low Value
C09760,152,2,469.43,3,At Risk
C09761,723,1,143.45,1,Low Value
C09763,285,1,757.22,3,At Risk
C09764,503,1,644.27,1,Low Value
C09765,199,2,434.28,3,At Risk
C09766,455,1,199.08,1,Low Value
C09767,18,4,855.39,3,At Risk
C09769,48,4,2432.4,0,Potential Loyalists
C09772,45,10,2154.31,0,Potential Loyalists
C09773,65,5,3318.6600000000003,0,Potential Loyalists
C09775,163,4,1002.33,3,At Risk
C09776,62,6,2808.06,0,Potential Loyalists
C09777,97,3,181.10000000000002,3,At Risk
C09778,43,4,562.4,3,At Risk
C09779,57,10,3980.32,0,Potential Loyalists
C09781,7,3,387.11,3,At Risk
C09782,407,3,374.91999999999996,1,Low Value
C09783,99,9,3258.6299999999997,0,Potential Loyalists
C09784,25,13,4633.78,2,Loyal Customers
C09785,12,15,5519.91,2,Loyal Customers
C09786,67,6,1032.3700000000001,3,At Risk
C09787,19,18,5528.57,2,Loyal Customers
C09788,97,9,4118.07,0,Potential Loyalists
C09789,59,6,4923.54,0,Potential Loyalists
C09790,93,14,3747.31,2,Loyal Customers
C09792,50,8,1448.4,0,Potential Loyalists
C09793,496,2,591.9300000000001,1,Low Value
C09794,36,6,2592.23,0,Potential Loyalists
C09795,72,14,2001.09,0,Potential Loyalists
C09796,8,14,6042.23,2,Loyal Customers
C09797,1,20,8408.449999999999,2,Loyal Customers
C09798,433,1,80.58,1,Low Value
C09804,182,2,414.23,3,At Risk
C09805,29,8,3798.68,0,Potential Loyalists
C09806,110,3,485.99,3,At Risk
C09807,115,12,4381.77,2,Loyal Customers
C09808,58,19,6578.07,2,Loyal Customers
C09809,470,4,1637.96,1,Low Value
C09810,44,5,3680.72,0,Potential Loyalists
C09811,184,7,1710.98,3,At Risk
C09812,165,4,857.6299999999999,3,At Risk
C09817,346,1,225.86,1,Low Value
C09818,223,2,934.12,3,At Risk
C09819,53,5,3160.7200000000003,0,Potential Loyalists
C09820,163,12,7284.98,2,Loyal Customers
C09821,109,3,201.28,3,At Risk
C09822,2,14,5168.61,2,Loyal Customers
C09823,7,8,1995.17,0,Potential Loyalists
C09824,75,9,2612.16,0,Potential Loyalists
C09825,88,4,1579.09,3,At Risk
C09826,672,1,694.45,1,Low Value
C09827,39,6,3990.5099999999998,0,Potential Loyalists
C09828,2,16,5918.06,2,Loyal Customers
C09829,706,1,96.57,1,Low Value
C09831,51,6,3444.81,0,Potential Loyalists
C09832,452,2,31.9,1,Low Value
C09834,84,7,2848.85,0,Potential Loyalists
C09835,136,2,260.33000000000004,3,At Risk
C09836,141,5,819.64,3,At Risk
C09837,57,7,1724.25,0,Potential Loyalists
C09838,237,2,394.06,3,At Risk
C09839,45,4,230.09,3,At Risk
C09841,432,1,2235.27,1,Low Value
C09842,67,8,1357.94,0,Potential Loyalists
C09843,62,5,767.79,3,At Risk
C09844,291,2,2435.4700000000003,3,At Risk
C09846,212,3,1738.98,3,At Risk
C09847,44,3,764.1700000000001,3,At Risk
C09848,569,2,656.98,1,Low Value
C09849,493,2,1423.8000000000002,1,Low Value
C09850,346,1,77.57,1,Low Value
C09851,109,2,442.51,3,At Risk
C09852,79,16,9073.68,2,Loyal Customers
C09854,197,4,955.89,3,At Risk
C09855,11,4,2761.67,0,Potential Loyalists
C09856,50,6,1337.3600000000001,3,At Risk
C09857,420,1,378.46,1,Low Value
C09858,26,14,5406.6900000000005,2,Loyal Customers
C09859,459,2,739.64,1,Low Value
C09860,37,8,5559.73,0,Potential Loyalists
C09861,493,1,97.98,1,Low Value
C09862,76,6,1262.2199999999998,3,At Risk
C09863,11,8,3552.21,0,Potential Loyalists
C09864,298,1,608.76,1,Low Value
C09865,238,3,1825.34,3,At Risk
C09866,142,4,2136.66,3,At Risk
C09868,54,7,2818.96,0,Potential Loyalists
C09870,85,2,888.49,3,At Risk
C09871,19,7,1391.56,0,Potential Loyalists
C09873,1,17,3865.1,2,Loyal Customers
C09874,47,12,7128.4,2,Loyal Customers
C09875,83,3,910.9300000000001,3,At Risk
C09876,9,10,5727.52,2,Loyal Customers
C09877,41,7,5967.03,0,Potential Loyalists
C09878,34,3,454.68,3,At Risk
C09879,47,9,2410.82,0,Potential Loyalists
C09880,115,2,330.97,3,At Risk
C09881,630,2,1352.8799999999999,1,Low Value
C09882,141,8,3922.9500000000003,0,Potential Loyalists
C09883,357,6,1498.97,1,Low Value
C09884,185,1,113.13,3,At Risk
C09885,67,2,104.01,3,At Risk
C09886,323,3,370.38,1,Low Value
C09887,484,3,647.4,1,Low Value
C09888,34,10,2281.5299999999997,0,Potential Loyalists
C09889,10,7,1595.06,0,Potential Loyalists
C09891,392,1,562.79,1,Low Value
C09892,161,3,1856.1499999999999,3,At Risk
C09893,77,5,1395.11,3,At Risk
C09894,237,1,195.97,3,At Risk
C09895,728,1,216.7,1,Low Value
C09896,498,1,468.33,1,Low Value
C09897,537,1,85.2,1,Low Value
C09898,84,4,2323.73,3,At Risk
C09899,69,8,3239.3999999999996,0,Potential Loyalists
C09900,11,3,1012.26,3,At Risk
C09901,52,8,3825.91,0,Potential Loyalists
C09902,676,1,1445.81,1,Low Value
C09903,94,3,1223.02,3,At Risk
C09904,47,4,1444.82,3,At Risk
C09905,206,2,57.08,3,At Risk
C09906,128,8,3073.49,0,Potential Loyalists
C09907,64,5,1531.68,3,At Risk
C09908,68,7,1844.26,0,Potential Loyalists
C09909,520,1,608.76,1,Low Value
C09910,97,7,7405.4800000000005,2,Loyal Customers
C09911,96,7,2014.0,0,Potential Loyalists
C09912,23,22,8333.32,4,VIP Customers
C09913,105,4,837.73,3,At Risk
C09914,40,5,1800.3799999999999,3,At Risk
C09915,460,2,355.36,1,Low Value
C09916,95,7,3056.5699999999997,0,Potential Loyalists
C09917,39,21,7199.75,2,Loyal Customers
C09918,18,14,6290.15,2,Loyal Customers
C09919,149,6,2372.81,0,Potential Loyalists
C09921,113,7,1652.27,0,Potential Loyalists
C09922,43,8,3292.86,0,Potential Loyalists
C09923,29,10,3649.23,0,Potential Loyalists
C09924,248,1,1050.97,3,At Risk
C09925,5,5,2274.2799999999997,0,Potential Loyalists
C09926,152,2,382.09,3,At Risk
C09927,40,7,2636.05,0,Potential Loyalists
C09929,254,8,1147.45,3,At Risk
C09932,143,3,1385.8400000000001,3,At Risk
C09934,186,2,434.82,3,At Risk
C09935,11,9,1967.69,0,Potential Loyalists
C09936,127,19,8806.74,2,Loyal Customers
C09937,258,1,102.59,3,At Risk
C09938,77,10,5915.63,2,Loyal Customers
C09939,93,3,968.52,3,At Risk
C09940,108,12,4932.5199999999995,2,Loyal Customers
C09941,88,6,2365.41,0,Potential Loyalists
C09942,359,1,741.0,1,Low Value
C09943,491,2,221.42000000000002,1,Low Value
C09944,406,2,984.9100000000001,1,Low Value
C09945,84,5,672.17,3,At Risk
C09946,654,2,508.39,1,Low Value
C09947,519,4,2021.17,1,Low Value
C09948,310,3,936.56,1,Low Value
C09949,19,22,8821.29,4,VIP Customers
C09950,157,15,5158.969999999999,2,Loyal Customers
C09951,605,2,94.96,1,Low Value
C09952,89,5,2322.55,0,Potential Loyalists
C09953,7,9,3812.67,0,Potential Loyalists
C09954,138,9,2329.5,0,Potential Loyalists
C09956,413,2,779.41,1,Low Value
C09958,396,4,315.38,1,Low Value
C09960,306,1,45.12,1,Low Value
C09961,60,8,1373.2,0,Potential Loyalists
C09962,239,1,218.38,3,At Risk
C09963,22,3,4381.99,0,Potential Loyalists
C09965,279,3,461.65,3,At Risk
C09966,29,16,8652.66,2,Loyal Customers
C09967,416,4,5891.51,1,Low Value
C09968,48,12,11702.34,2,Loyal Customers
C09970,5,5,1998.55,0,Potential Loyalists
C09972,94,3,706.37,3,At Risk
C09973,311,2,4200.71,3,At Risk
C09974,124,6,2938.77,0,Potential Loyalists
C09975,116,2,978.09,3,At Risk
C09976,616,2,189.34,1,Low Value
C09977,183,3,869.44,3,At Risk
C09978,91,5,2482.66,0,Potential Loyalists
C09979,242,9,5118.71,0,Potential Loyalists
C09981,184,2,993.6400000000001,3,At Risk
C09982,74,14,5096.56,2,Loyal Customers
C09983,473,2,229.21,1,Low Value
C09984,324,4,1565.71,1,Low Value
C09985,121,5,1568.6499999999999,3,At Risk
C09986,41,2,3424.9300000000003,0,Potential Loyalists
C09987,494,1,133.4,1,Low Value
C09988,14,4,2200.7200000000003,0,Potential Loyalists
C09989,515,1,135.97,1,Low Value
C09990,99,2,149.67000000000002,3,At Risk
C09992,322,1,35.43,1,Low Value
C09993,116,2,396.65,3,At Risk
C09994,72,13,7907.88,2,Loyal Customers
C09995,429,5,1419.1799999999998,1,Low Value
C09996,21,11,3068.32,0,Potential Loyalists
C09999,21,10,3047.82,0,Potential Loyalists
C10000,22,4,349.51,3,At Risk
