customer_id,customer_name,email,age,gender,city,region,signup_date,customer_status
C00001,Emma Mehta,emma.mehta1@example.com,39,Male,Delhi,North,2023-08-17,Active
C00002,Emma Johnson,emma.johnson2@example.com,33,Male,Dehradun,North,2024-08-27,Active
C00003,Rohan Rao,rohan.rao3@example.com,41,Other,Delhi,North,2024-09-08,Active
C00004,Daniel Moore,daniel.moore4@example.com,50,Other,Mysuru,South,2024-03-05,Active
C00005,Michael Verma,michael.verma5@example.com,32,Other,Kolkata,East,2024-03-08,Active
C00006,Michael Iyer,michael.iyer6@example.com,32,Male,Bengaluru,South,2023-04-05,Active
C00007,Divya Mehta,divya.mehta7@example.com,50,Male,Patna,East,2025-01-17,Active
C00008,Arjun Johnson,arjun.johnson8@example.com,42,Female,Chandigarh,North,2025-04-29,Active
C00009,Rohan Moore,rohan.moore9@example.com,30,Male,Guwahati,East,2023-02-16,Active
C00010,Isabella Rao,isabella.rao10@example.com,40,Male,Kolkata,East,2024-01-25,Active
C00011,Ishita Das,ishita.das11@example.com,30,Male,Bhubaneswar,East,2024-11-17,Active
C00012,Daniel Verma,daniel.verma12@example.com,30,Other,Amritsar,North,2025-01-16,Active
C00013,Vikram Miller,vikram.miller13@example.com,37,Other,Surat,West,2024-07-24,Active
C00014,Sneha Patel,sneha.patel14@example.com,18,Female,Kolkata,East,2024-02-15,Active
C00015,David Moore,david.moore15@example.com,18,Female,Coimbatore,South,2023-08-06,Active
C00016,Nikhil Singh,nikhil.singh16@example.com,29,Female,Nagpur,West,2023-05-23,Active
C00017,Meera Williams,meera.williams17@example.com,24,Female,Guwahati,East,2024-01-06,Active
C00018,Pooja Reddy,pooja.reddy18@example.com,38,Male,Coimbatore,South,2025-05-31,Active
C00019,Meera Davis,meera.davis19@example.com,25,Male,Mysuru,South,2024-01-30,Active
C00020,Vikram Johnson,vikram.johnson20@example.com,20,Male,Goa,West,2024-11-27,Active
C00021,Ananya Nair,ananya.nair21@example.com,49,Female,Patna,East,2023-06-11,Active
C00022,Michael Verma,michael.verma22@example.com,32,Other,Guwahati,East,2023-04-19,Inactive
C00023,Divya Gupta,divya.gupta23@example.com,35,Male,Guwahati,East,2024-01-18,Active
C00024,Aditya Brown,aditya.brown24@example.com,20,Male,Amritsar,North,2023-04-25,Inactive
C00025,Aanya Rao,aanya.rao25@example.com,29,Other,Bhubaneswar,East,2023-03-22,Active
C00026,Michael Johnson,michael.johnson26@example.com,36,Male,Mumbai,West,2023-05-12,Active
C00027,Sanjay Davis,sanjay.davis27@example.com,23,Female,Chennai,South,2023-08-05,Inactive
C00028,Neha Joshi,neha.joshi28@example.com,38,Other,Mysuru,South,2024-10-27,Active
C00029,Sneha Rao,sneha.rao29@example.com,28,Male,Mumbai,West,2023-12-13,Active
C00030,Sneha Sharma,sneha.sharma30@example.com,32,Male,Coimbatore,South,2024-12-25,Active
C00031,David Patel,david.patel31@example.com,28,Female,Hyderabad,South,2023-03-14,Active
C00032,Rohan Johnson,rohan.johnson32@example.com,53,Male,Ranchi,East,2025-01-10,Inactive
C00033,Sophia Brown,sophia.brown33@example.com,34,Female,Pune,West,2023-07-14,Active
C00034,Meera Kapoor,meera.kapoor34@example.com,24,Female,Ahmedabad,West,2025-06-03,Active
C00035,Karan Taylor,karan.taylor35@example.com,43,Female,Delhi,North,2025-03-30,Inactive
C00036,Rohan Johnson,rohan.johnson36@example.com,22,Female,Bengaluru,South,2023-05-24,Active
C00037,Sneha Reddy,sneha.reddy37@example.com,37,Female,Ranchi,East,2025-04-07,Inactive
C00038,Daniel Johnson,daniel.johnson38@example.com,18,Male,Delhi,North,2023-04-06,Inactive
C00039,Meera Brown,meera.brown39@example.com,21,Female,Bengaluru,South,2023-08-07,Inactive
C00040,Karan Sharma,karan.sharma40@example.com,36,Female,Jaipur,North,2023-09-29,Inactive
C00041,Meera Moore,meera.moore41@example.com,42,Other,Ahmedabad,West,2025-03-13,Active
C00042,Rohan Nair,rohan.nair42@example.com,36,Male,Pune,West,2023-03-01,Active
C00043,Aditya Patel,aditya.patel43@example.com,33,Male,Dehradun,North,2024-08-21,Active
C00044,Sanjay Reddy,sanjay.reddy44@example.com,31,Male,Hyderabad,South,2023-03-12,Active
C00045,Ananya Williams,ananya.williams45@example.com,20,Male,Kochi,South,2024-08-15,Active
C00046,Olivia Williams,olivia.williams46@example.com,27,Other,Chandigarh,North,2024-06-19,Active
C00047,Olivia Moore,olivia.moore47@example.com,30,Female,Bhubaneswar,East,2023-09-02,Active
C00048,Daniel Nair,daniel.nair48@example.com,45,Female,Mysuru,South,2023-11-20,Inactive
C00049,Nikhil Davis,nikhil.davis49@example.com,38,Other,Delhi,North,2023-04-13,Active
C00050,Vikram Singh,vikram.singh50@example.com,18,Female,Coimbatore,South,2025-06-21,Active
C00051,Neha Verma,neha.verma51@example.com,38,Female,Chennai,South,2025-05-03,Active
C00052,Sophia Miller,sophia.miller52@example.com,31,Other,Guwahati,East,2023-01-09,Active
C00053,David Singh,david.singh53@example.com,28,Female,Kolkata,East,2023-04-29,Inactive
C00054,Neha Davis,neha.davis54@example.com,41,Male,Chennai,South,2025-01-04,Active
C00055,Pooja Mehta,pooja.mehta55@example.com,45,Male,Guwahati,East,2023-04-05,Active
C00056,Aarav Iyer,aarav.iyer56@example.com,44,Male,Kolkata,East,2024-10-14,Inactive
C00057,Nikhil Johnson,nikhil.johnson57@example.com,26,Other,Mysuru,South,2024-03-13,Active
C00058,David Moore,david.moore58@example.com,31,Male,Delhi,North,2024-07-12,Active
C00059,Kavya Singh,kavya.singh59@example.com,38,Female,Guwahati,East,2023-05-11,Active
C00060,David Das,david.das60@example.com,44,Male,Kolkata,East,2024-11-29,Active
C00061,Michael Johnson,michael.johnson61@example.com,30,Female,Lucknow,North,2024-09-27,Active
C00062,Sophia Verma,sophia.verma62@example.com,33,Female,Bengaluru,South,2023-01-26,Active
C00063,Sophia Wilson,sophia.wilson63@example.com,23,Other,Ranchi,East,2025-04-10,Active
C00064,Ananya Joshi,ananya.joshi64@example.com,23,Male,Mysuru,South,2025-05-29,Active
C00065,Ishita Nair,ishita.nair65@example.com,43,Male,Kochi,South,2023-08-17,Active
C00066,Aditya Mehta,aditya.mehta66@example.com,48,Male,Kochi,South,2025-03-02,Active
C00067,William Johnson,william.johnson67@example.com,34,Female,Nagpur,West,2023-01-29,Active
C00068,Varun Mehta,varun.mehta68@example.com,45,Male,Bhubaneswar,East,2023-04-22,Active
C00069,Meera Davis,meera.davis69@example.com,38,Other,Patna,East,2023-04-29,Active
C00070,Aanya Moore,aanya.moore70@example.com,28,Female,Chennai,South,2023-01-02,Active
C00071,Meera Reddy,meera.reddy71@example.com,38,Other,Chennai,South,2023-12-05,Active
C00072,David Nair,david.nair72@example.com,50,Other,Dehradun,North,2023-11-13,Active
C00073,James Nair,james.nair73@example.com,34,Other,Ranchi,East,2023-05-11,Active
C00074,Emma Verma,emma.verma74@example.com,50,Other,Nagpur,West,2024-08-05,Active
C00075,Neha Gupta,neha.gupta75@example.com,18,Female,Lucknow,North,2025-03-15,Active
C00076,Nikhil Malhotra,nikhil.malhotra76@example.com,43,Other,Ranchi,East,2023-08-07,Active
C00077,Arjun Nair,arjun.nair77@example.com,35,Other,Mysuru,South,2024-11-10,Active
C00078,William Anderson,william.anderson78@example.com,32,Male,Kolkata,East,2024-11-19,Active
C00079,Aarav Patel,aarav.patel79@example.com,35,Male,Bengaluru,South,2024-05-01,Active
C00080,Meera Miller,meera.miller80@example.com,18,Other,Chandigarh,North,2023-07-19,Active
C00081,Karan Rao,karan.rao81@example.com,32,Male,Surat,West,2024-11-02,Active
C00082,Sneha Verma,sneha.verma82@example.com,38,Other,Chandigarh,North,2024-06-14,Active
C00083,Nikhil Singh,nikhil.singh83@example.com,49,Female,Hyderabad,South,2024-11-14,Active
C00084,Divya Taylor,divya.taylor84@example.com,29,Other,Ranchi,East,2024-03-12,Inactive
C00085,Emma Brown,emma.brown85@example.com,26,Female,Pune,West,2023-09-23,Active
C00086,Pooja Miller,pooja.miller86@example.com,29,Male,Guwahati,East,2023-10-09,Active
C00087,Vikram Iyer,vikram.iyer87@example.com,44,Female,Bhubaneswar,East,2024-07-07,Active
C00088,Karan Moore,karan.moore88@example.com,38,Male,Bengaluru,South,2024-12-24,Active
C00089,Aditya Johnson,aditya.johnson89@example.com,29,Female,Surat,West,2024-03-01,Active
C00090,David Anderson,david.anderson90@example.com,40,Other,Surat,West,2024-12-13,Active
C00091,Aarav Das,aarav.das91@example.com,35,Female,Surat,West,2025-02-10,Active
C00092,Emma Taylor,emma.taylor92@example.com,44,Other,Goa,West,2025-03-30,Active
C00093,Sneha Mehta,sneha.mehta93@example.com,27,Female,Kochi,South,2024-05-12,Active
C00094,Emma Verma,emma.verma94@example.com,31,Female,Ranchi,East,2023-05-11,Inactive
C00095,Varun Williams,varun.williams95@example.com,31,Other,Chandigarh,North,2023-01-28,Active
C00096,Isabella Malhotra,isabella.malhotra96@example.com,20,Male,Pune,West,2023-02-21,Active
C00097,Nikhil Iyer,nikhil.iyer97@example.com,37,Female,Bhubaneswar,East,2025-02-18,Inactive
C00098,Vikram Reddy,vikram.reddy98@example.com,37,Female,Ranchi,East,2023-01-20,Active
C00099,Sneha Miller,sneha.miller99@example.com,35,Male,Lucknow,North,2025-03-10,Inactive
C00100,Sneha Gupta,sneha.gupta100@example.com,32,Male,Delhi,North,2024-09-28,Active
C00101,Olivia Kumar,olivia.kumar101@example.com,20,Other,Kochi,South,2023-08-12,Active
C00102,Priya Davis,priya.davis102@example.com,30,Other,Patna,East,2025-02-04,Active
C00103,Ananya Williams,ananya.williams103@example.com,31,Male,Chennai,South,2023-11-16,Active
C00104,James Gupta,james.gupta104@example.com,26,Male,Surat,West,2024-08-29,Active
C00105,James Anderson,james.anderson105@example.com,33,Female,Hyderabad,South,2025-05-20,Active
C00106,Sophia Patel,sophia.patel106@example.com,39,Female,Amritsar,North,2024-06-29,Active
C00107,Sanjay Miller,sanjay.miller107@example.com,53,Female,Kolkata,East,2023-01-13,Inactive
C00108,Meera Das,meera.das108@example.com,36,Other,Mumbai,West,2025-04-28,Active
C00109,Priya Taylor,priya.taylor109@example.com,37,Other,Kochi,South,2024-10-28,Active
C00110,Meera Taylor,meera.taylor110@example.com,34,Other,Surat,West,2023-10-02,Active
C00111,Vikram Malhotra,vikram.malhotra111@example.com,18,Male,Hyderabad,South,2025-02-07,Active
C00112,Aarav Brown,aarav.brown112@example.com,34,Female,Ahmedabad,West,2023-07-06,Active
C00113,Aditya Mehta,aditya.mehta113@example.com,35,Other,Patna,East,2024-12-19,Inactive
C00114,Rohan Reddy,rohan.reddy114@example.com,59,Male,Amritsar,North,2025-01-07,Active
C00115,Pooja Miller,pooja.miller115@example.com,33,Other,Mysuru,South,2024-05-17,Active
C00116,Neha Rao,neha.rao116@example.com,38,Female,Delhi,North,2024-12-09,Active
C00117,Kavya Smith,kavya.smith117@example.com,34,Female,Ranchi,East,2024-03-11,Inactive
C00118,James Malhotra,james.malhotra118@example.com,23,Female,Patna,East,2023-11-10,Active
C00119,Rohan Iyer,rohan.iyer119@example.com,46,Male,Dehradun,North,2025-01-30,Active
C00120,Rohan Taylor,rohan.taylor120@example.com,42,Female,Bengaluru,South,2023-10-11,Active
C00121,William Gupta,william.gupta121@example.com,42,Female,Kolkata,East,2023-08-21,Active
C00122,James Johnson,james.johnson122@example.com,25,Male,Kolkata,East,2023-10-08,Active
C00123,Neha Moore,neha.moore123@example.com,49,Male,Amritsar,North,2024-10-15,Inactive
C00124,Isabella Sharma,isabella.sharma124@example.com,20,Other,Mumbai,West,2023-10-19,Active
C00125,Priya Patel,priya.patel125@example.com,40,Female,Ahmedabad,West,2025-06-01,Active
C00126,Pooja Reddy,pooja.reddy126@example.com,56,Other,Chandigarh,North,2024-10-06,Active
C00127,Sophia Williams,sophia.williams127@example.com,25,Female,Bengaluru,South,2023-03-29,Inactive
C00128,Michael Kapoor,michael.kapoor128@example.com,29,Other,Amritsar,North,2024-09-02,Active
C00129,Karan Malhotra,karan.malhotra129@example.com,35,Female,Coimbatore,South,2023-11-01,Inactive
C00130,Varun Davis,varun.davis130@example.com,29,Male,Ahmedabad,West,2024-09-16,Inactive
C00131,Daniel Gupta,daniel.gupta131@example.com,19,Female,Jaipur,North,2024-11-07,Active
C00132,Kavya Reddy,kavya.reddy132@example.com,35,Male,Bengaluru,South,2023-01-03,Active
C00133,Aanya Rao,aanya.rao133@example.com,24,Female,Ahmedabad,West,2024-12-24,Active
C00134,Olivia Rao,olivia.rao134@example.com,39,Female,Mumbai,West,2025-03-17,Active
C00135,Ananya Johnson,ananya.johnson135@example.com,25,Male,Kochi,South,2024-10-25,Active
C00136,Arjun Patel,arjun.patel136@example.com,50,Male,Bhubaneswar,East,2025-03-22,Active
C00137,Ananya Malhotra,ananya.malhotra137@example.com,27,Other,Ranchi,East,2023-11-08,Active
C00138,Kavya Brown,kavya.brown138@example.com,31,Female,Guwahati,East,2023-03-24,Active
C00139,Aditya Davis,aditya.davis139@example.com,43,Female,Nagpur,West,2023-01-27,Active
C00140,William Mehta,william.mehta140@example.com,22,Other,Dehradun,North,2023-02-11,Active
C00141,Sanjay Miller,sanjay.miller141@example.com,37,Female,Kochi,South,2023-10-12,Active
C00142,William Brown,william.brown142@example.com,48,Male,Nagpur,West,2024-04-26,Active
C00143,Olivia Kumar,olivia.kumar143@example.com,18,Male,Patna,East,2023-12-04,Active
C00144,Olivia Joshi,olivia.joshi144@example.com,36,Other,Ahmedabad,West,2023-02-07,Active
C00145,Aditya Kumar,aditya.kumar145@example.com,37,Female,Patna,East,2025-06-04,Active
C00146,Isabella Johnson,isabella.johnson146@example.com,42,Female,Dehradun,North,2024-02-28,Active
C00147,Michael Brown,michael.brown147@example.com,22,Other,Guwahati,East,2024-03-28,Active
C00148,Kavya Singh,kavya.singh148@example.com,21,Female,Chennai,South,2024-03-24,Inactive
C00149,Aarav Miller,aarav.miller149@example.com,40,Other,Mumbai,West,2025-03-29,Active
C00150,Kavya Sharma,kavya.sharma150@example.com,37,Other,Chennai,South,2024-02-22,Active
C00151,Ananya Miller,ananya.miller151@example.com,37,Male,Chandigarh,North,2024-05-25,Inactive
C00152,James Mehta,james.mehta152@example.com,38,Female,Guwahati,East,2025-05-04,Active
C00153,Nikhil Johnson,nikhil.johnson153@example.com,28,Male,Pune,West,2024-01-28,Active
C00154,Vikram Anderson,vikram.anderson154@example.com,37,Female,Hyderabad,South,2023-12-15,Inactive
C00155,Neha Taylor,neha.taylor155@example.com,37,Female,Kolkata,East,2025-05-07,Active
C00156,Nikhil Johnson,nikhil.johnson156@example.com,27,Female,Pune,West,2023-12-20,Active
C00157,Mia Iyer,mia.iyer157@example.com,53,Male,Surat,West,2024-12-15,Active
C00158,Isabella Anderson,isabella.anderson158@example.com,39,Female,Pune,West,2023-02-14,Active
C00159,Mia Joshi,mia.joshi159@example.com,23,Female,Nagpur,West,2024-11-10,Active
C00160,Aanya Singh,aanya.singh160@example.com,41,Other,Kochi,South,2024-08-27,Active
C00161,Ananya Smith,ananya.smith161@example.com,25,Female,Chandigarh,North,2023-01-16,Active
C00162,Rahul Reddy,rahul.reddy162@example.com,42,Female,Nagpur,West,2025-03-11,Inactive
C00163,James Joshi,james.joshi163@example.com,46,Other,Guwahati,East,2023-03-24,Inactive
C00164,Daniel Moore,daniel.moore164@example.com,26,Female,Ahmedabad,West,2025-06-12,Active
C00165,Daniel Wilson,daniel.wilson165@example.com,44,Female,Jaipur,North,2023-08-21,Active
C00166,Michael Miller,michael.miller166@example.com,39,Other,Mumbai,West,2025-06-12,Active
C00167,Neha Sharma,neha.sharma167@example.com,43,Male,Mysuru,South,2023-11-29,Active
C00168,Ishita Kapoor,ishita.kapoor168@example.com,53,Male,Patna,East,2023-09-08,Active
C00169,Priya Reddy,priya.reddy169@example.com,32,Other,Bengaluru,South,2025-06-10,Active
C00170,Mia Williams,mia.williams170@example.com,27,Male,Kochi,South,2023-08-26,Active
C00171,Vikram Wilson,vikram.wilson171@example.com,26,Male,Ranchi,East,2025-04-03,Active
C00172,Priya Reddy,priya.reddy172@example.com,26,Female,Guwahati,East,2023-12-20,Inactive
C00173,James Mehta,james.mehta173@example.com,34,Female,Ranchi,East,2025-05-15,Active
C00174,Ananya Rao,ananya.rao174@example.com,38,Female,Surat,West,2024-08-08,Active
C00175,Aarav Wilson,aarav.wilson175@example.com,37,Female,Patna,East,2023-10-09,Active
C00176,Emma Brown,emma.brown176@example.com,43,Female,Amritsar,North,2025-03-05,Active
C00177,Daniel Gupta,daniel.gupta177@example.com,35,Other,Bhubaneswar,East,2023-09-14,Active
C00178,Ananya Miller,ananya.miller178@example.com,49,Other,Mysuru,South,2023-02-10,Active
C00179,Varun Das,varun.das179@example.com,32,Other,Mumbai,West,2023-05-15,Active
C00180,Emma Kapoor,emma.kapoor180@example.com,62,Male,Patna,East,2023-07-25,Active
C00181,Sanjay Mehta,sanjay.mehta181@example.com,41,Male,Guwahati,East,2023-09-21,Inactive
C00182,Emma Iyer,emma.iyer182@example.com,26,Male,Ahmedabad,West,2024-04-24,Inactive
C00183,Isabella Wilson,isabella.wilson183@example.com,24,Other,Bengaluru,South,2024-11-21,Inactive
C00184,Sophia Joshi,sophia.joshi184@example.com,39,Male,Kolkata,East,2023-09-28,Active
C00185,Olivia Taylor,olivia.taylor185@example.com,32,Other,Ahmedabad,West,2023-09-26,Active
C00186,Olivia Rao,olivia.rao186@example.com,42,Female,Kolkata,East,2023-01-26,Active
C00187,Sneha Miller,sneha.miller187@example.com,39,Male,Guwahati,East,2024-10-12,Inactive
C00188,Ananya Singh,ananya.singh188@example.com,34,Male,Ranchi,East,2023-02-08,Active
C00189,Ananya Rao,ananya.rao189@example.com,26,Other,Mumbai,West,2023-05-19,Active
C00190,Meera Williams,meera.williams190@example.com,19,Other,Guwahati,East,2025-01-14,Active
C00191,Ananya Brown,ananya.brown191@example.com,30,Other,Nagpur,West,2024-02-22,Inactive
C00192,James Das,james.das192@example.com,43,Male,Kolkata,East,2024-03-30,Active
C00193,Ananya Wilson,ananya.wilson193@example.com,37,Female,Chennai,South,2024-07-11,Inactive
C00194,Karan Mehta,karan.mehta194@example.com,22,Male,Kolkata,East,2023-05-06,Inactive
C00195,Olivia Gupta,olivia.gupta195@example.com,36,Other,Mumbai,West,2024-10-16,Active
C00196,Sophia Iyer,sophia.iyer196@example.com,38,Male,Delhi,North,2023-05-09,Active
C00197,William Anderson,william.anderson197@example.com,26,Other,Hyderabad,South,2023-08-01,Active
C00198,Michael Singh,michael.singh198@example.com,36,Other,Chennai,South,2023-01-03,Active
C00199,Kavya Mehta,kavya.mehta199@example.com,35,Male,Bengaluru,South,2023-04-23,Active
C00200,Aarav Das,aarav.das200@example.com,23,Male,Jaipur,North,2024-08-25,Active
C00201,Aanya Singh,aanya.singh201@example.com,38,Other,Chennai,South,2024-03-07,Active
C00202,Nikhil Anderson,nikhil.anderson202@example.com,40,Female,Chandigarh,North,2024-06-09,Active
C00203,Sneha Davis,sneha.davis203@example.com,45,Male,Goa,West,2025-01-14,Active
C00204,Daniel Sharma,daniel.sharma204@example.com,45,Male,Ranchi,East,2024-05-05,Inactive
C00205,Ananya Brown,ananya.brown205@example.com,21,Other,Nagpur,West,2024-03-30,Active
C00206,Divya Singh,divya.singh206@example.com,25,Male,Lucknow,North,2023-05-10,Active
C00207,Divya Smith,divya.smith207@example.com,40,Female,Ranchi,East,2024-04-09,Active
C00208,Sophia Moore,sophia.moore208@example.com,40,Male,Mumbai,West,2025-05-23,Active
C00209,Nikhil Rao,nikhil.rao209@example.com,40,Female,Kochi,South,2023-12-14,Inactive
C00210,Emma Kumar,emma.kumar210@example.com,70,Female,Surat,West,2024-03-13,Active
C00211,Rahul Wilson,rahul.wilson211@example.com,40,Female,Patna,East,2023-03-10,Active
C00212,Meera Kumar,meera.kumar212@example.com,46,Other,Delhi,North,2025-01-26,Active
C00213,Aanya Williams,aanya.williams213@example.com,44,Other,Coimbatore,South,2024-07-29,Active
C00214,Ishita Wilson,ishita.wilson214@example.com,41,Female,Chandigarh,North,2025-06-07,Inactive
C00215,Divya Nair,divya.nair215@example.com,31,Female,Lucknow,North,2023-04-17,Active
C00216,Olivia Brown,olivia.brown216@example.com,42,Male,Bengaluru,South,2025-05-17,Active
C00217,Michael Mehta,michael.mehta217@example.com,27,Other,Kolkata,East,2023-08-20,Active
C00218,Mia Wilson,mia.wilson218@example.com,32,Other,Amritsar,North,2023-10-01,Active
C00219,Mia Iyer,mia.iyer219@example.com,30,Female,Patna,East,2023-01-07,Active
C00220,Olivia Joshi,olivia.joshi220@example.com,35,Male,Coimbatore,South,2023-05-26,Active
C00221,Emma Smith,emma.smith221@example.com,58,Male,Delhi,North,2024-01-21,Active
C00222,Ishita Nair,ishita.nair222@example.com,18,Other,Bhubaneswar,East,2023-11-29,Active
C00223,Rahul Verma,rahul.verma223@example.com,41,Other,Delhi,North,2023-02-20,Active
C00224,Olivia Kapoor,olivia.kapoor224@example.com,18,Female,Ranchi,East,2024-09-13,Active
C00225,Michael Smith,michael.smith225@example.com,30,Male,Bhubaneswar,East,2023-12-20,Active
C00226,Pooja Smith,pooja.smith226@example.com,45,Other,Guwahati,East,2023-11-12,Active
C00227,Aanya Sharma,aanya.sharma227@example.com,35,Male,Goa,West,2023-11-05,Inactive
C00228,Neha Iyer,neha.iyer228@example.com,24,Male,Chennai,South,2023-01-08,Active
C00229,Rahul Joshi,rahul.joshi229@example.com,27,Other,Pune,West,2024-12-21,Active
C00230,Karan Taylor,karan.taylor230@example.com,41,Male,Kolkata,East,2024-03-22,Active
C00231,Varun Kapoor,varun.kapoor231@example.com,27,Other,Lucknow,North,2024-02-19,Active
C00232,Ananya Joshi,ananya.joshi232@example.com,37,Male,Ahmedabad,West,2023-11-29,Active
C00233,Mia Das,mia.das233@example.com,35,Male,Nagpur,West,2024-03-23,Inactive
C00234,Varun Joshi,varun.joshi234@example.com,28,Other,Kochi,South,2023-03-22,Active
C00235,Sneha Iyer,sneha.iyer235@example.com,56,Male,Patna,East,2023-03-20,Active
C00236,Sanjay Gupta,sanjay.gupta236@example.com,41,Female,Amritsar,North,2023-12-26,Active
C00237,Ananya Singh,ananya.singh237@example.com,18,Female,Bengaluru,South,2023-07-22,Active
C00238,Arjun Verma,arjun.verma238@example.com,36,Other,Mysuru,South,2024-05-20,Active
C00239,Mia Williams,mia.williams239@example.com,28,Other,Nagpur,West,2024-10-12,Inactive
C00240,Rahul Malhotra,rahul.malhotra240@example.com,43,Male,Patna,East,2024-04-25,Active
C00241,Varun Patel,varun.patel241@example.com,27,Female,Patna,East,2024-06-03,Active
C00242,Aanya Patel,aanya.patel242@example.com,33,Female,Surat,West,2025-05-01,Active
C00243,Divya Smith,divya.smith243@example.com,40,Female,Amritsar,North,2024-04-18,Active
C00244,Mia Williams,mia.williams244@example.com,43,Other,Chandigarh,North,2023-07-12,Active
C00245,Rahul Patel,rahul.patel245@example.com,22,Female,Goa,West,2023-04-16,Active
C00246,Sanjay Miller,sanjay.miller246@example.com,31,Male,Kolkata,East,2023-02-10,Active
C00247,Sanjay Smith,sanjay.smith247@example.com,30,Other,Surat,West,2023-06-12,Active
C00248,Meera Anderson,meera.anderson248@example.com,28,Female,Ranchi,East,2024-11-26,Active
C00249,Aditya Kumar,aditya.kumar249@example.com,52,Other,Kolkata,East,2024-11-25,Active
C00250,Isabella Singh,isabella.singh250@example.com,39,Female,Guwahati,East,2023-03-25,Active
C00251,Neha Miller,neha.miller251@example.com,22,Other,Chennai,South,2024-11-09,Active
C00252,Kavya Joshi,kavya.joshi252@example.com,44,Other,Lucknow,North,2025-03-21,Active
C00253,James Taylor,james.taylor253@example.com,56,Other,Mysuru,South,2024-06-23,Active
C00254,Ishita Sharma,ishita.sharma254@example.com,45,Female,Goa,West,2023-11-13,Active
C00255,Michael Brown,michael.brown255@example.com,19,Male,Chennai,South,2023-08-20,Inactive
C00256,Neha Kumar,neha.kumar256@example.com,30,Other,Hyderabad,South,2025-02-28,Active
C00257,Aditya Anderson,aditya.anderson257@example.com,47,Other,Dehradun,North,2023-05-15,Active
C00258,Priya Moore,priya.moore258@example.com,27,Other,Bengaluru,South,2025-04-08,Inactive
C00259,Meera Das,meera.das259@example.com,39,Other,Mumbai,West,2025-01-06,Active
C00260,Neha Anderson,neha.anderson260@example.com,42,Other,Goa,West,2025-03-13,Active
C00261,Sophia Brown,sophia.brown261@example.com,25,Male,Chennai,South,2024-01-12,Active
C00262,Michael Nair,michael.nair262@example.com,34,Female,Surat,West,2024-05-29,Active
C00263,Sophia Davis,sophia.davis263@example.com,18,Male,Bengaluru,South,2025-06-12,Active
C00264,Kavya Kumar,kavya.kumar264@example.com,24,Other,Ahmedabad,West,2025-05-16,Active
C00265,Arjun Anderson,arjun.anderson265@example.com,32,Male,Lucknow,North,2023-10-07,Active
C00266,Arjun Rao,arjun.rao266@example.com,22,Female,Kochi,South,2025-06-24,Active
C00267,Aanya Joshi,aanya.joshi267@example.com,51,Other,Chandigarh,North,2024-01-18,Active
C00268,Sneha Sharma,sneha.sharma268@example.com,20,Female,Lucknow,North,2023-04-12,Inactive
C00269,Rahul Patel,rahul.patel269@example.com,30,Female,Bhubaneswar,East,2025-04-29,Active
C00270,Pooja Malhotra,pooja.malhotra270@example.com,36,Other,Mysuru,South,2023-01-06,Inactive
C00271,Rohan Singh,rohan.singh271@example.com,49,Other,Lucknow,North,2025-01-14,Active
C00272,Michael Nair,michael.nair272@example.com,20,Male,Mumbai,West,2023-11-05,Active
C00273,Daniel Davis,daniel.davis273@example.com,46,Female,Kochi,South,2023-03-06,Active
C00274,Kavya Sharma,kavya.sharma274@example.com,35,Other,Goa,West,2024-06-11,Active
C00275,Meera Sharma,meera.sharma275@example.com,25,Other,Chennai,South,2023-12-28,Active
C00276,Olivia Wilson,olivia.wilson276@example.com,39,Male,Pune,West,2024-06-20,Inactive
C00277,Kavya Smith,kavya.smith277@example.com,36,Other,Amritsar,North,2024-07-21,Active
C00278,Daniel Joshi,daniel.joshi278@example.com,28,Female,Mumbai,West,2023-09-17,Active
C00279,Ishita Rao,ishita.rao279@example.com,35,Other,Kolkata,East,2024-11-03,Active
C00280,Aanya Das,aanya.das280@example.com,31,Other,Bhubaneswar,East,2023-12-13,Active
C00281,Nikhil Moore,nikhil.moore281@example.com,36,Female,Mysuru,South,2024-10-08,Active
C00282,James Anderson,james.anderson282@example.com,41,Female,Hyderabad,South,2023-02-07,Active
C00283,David Patel,david.patel283@example.com,50,Female,Jaipur,North,2023-11-14,Active
C00284,Aanya Anderson,aanya.anderson284@example.com,22,Other,Ahmedabad,West,2023-07-15,Active
C00285,Aditya Mehta,aditya.mehta285@example.com,56,Male,Dehradun,North,2025-03-29,Active
C00286,Nikhil Joshi,nikhil.joshi286@example.com,18,Female,Nagpur,West,2023-07-11,Active
C00287,Mia Smith,mia.smith287@example.com,33,Female,Ahmedabad,West,2025-03-31,Active
C00288,Meera Davis,meera.davis288@example.com,40,Male,Mumbai,West,2024-07-12,Active
C00289,Aditya Wilson,aditya.wilson289@example.com,37,Female,Delhi,North,2023-11-10,Active
C00290,James Malhotra,james.malhotra290@example.com,28,Female,Pune,West,2024-04-02,Active
C00291,Meera Mehta,meera.mehta291@example.com,32,Other,Guwahati,East,2025-03-21,Inactive
C00292,Daniel Joshi,daniel.joshi292@example.com,30,Female,Dehradun,North,2024-06-09,Active
C00293,Rahul Davis,rahul.davis293@example.com,29,Other,Hyderabad,South,2025-03-11,Active
C00294,Sneha Anderson,sneha.anderson294@example.com,43,Other,Hyderabad,South,2024-01-11,Active
C00295,Rahul Wilson,rahul.wilson295@example.com,38,Female,Amritsar,North,2024-01-15,Active
C00296,Rahul Smith,rahul.smith296@example.com,28,Female,Amritsar,North,2024-02-12,Active
C00297,Ananya Sharma,ananya.sharma297@example.com,43,Other,Bhubaneswar,East,2023-07-10,Active
C00298,Ananya Mehta,ananya.mehta298@example.com,38,Female,Goa,West,2024-12-21,Active
C00299,Rohan Kumar,rohan.kumar299@example.com,43,Male,Ranchi,East,2025-05-23,Active
C00300,Nikhil Reddy,nikhil.reddy300@example.com,41,Other,Mysuru,South,2025-05-15,Inactive
C00301,Kavya Johnson,kavya.johnson301@example.com,26,Female,Kolkata,East,2023-11-04,Inactive
C00302,Sanjay Rao,sanjay.rao302@example.com,29,Male,Chennai,South,2023-07-25,Active
C00303,Aarav Das,aarav.das303@example.com,42,Other,Kochi,South,2024-08-09,Active
C00304,David Reddy,david.reddy304@example.com,41,Male,Coimbatore,South,2023-11-13,Active
C00305,Meera Anderson,meera.anderson305@example.com,34,Female,Goa,West,2025-04-23,Active
C00306,Daniel Reddy,daniel.reddy306@example.com,36,Female,Chennai,South,2024-04-22,Active
C00307,David Anderson,david.anderson307@example.com,47,Other,Bhubaneswar,East,2024-10-17,Active
C00308,Sanjay Patel,sanjay.patel308@example.com,29,Male,Kochi,South,2024-06-14,Active
C00309,Aditya Moore,aditya.moore309@example.com,40,Male,Bengaluru,South,2023-12-21,Inactive
C00310,Vikram Gupta,vikram.gupta310@example.com,32,Other,Kolkata,East,2024-07-18,Active
C00311,Kavya Reddy,kavya.reddy311@example.com,32,Other,Guwahati,East,2024-10-18,Active
C00312,Olivia Davis,olivia.davis312@example.com,45,Other,Bengaluru,South,2024-09-11,Active
C00313,Arjun Patel,arjun.patel313@example.com,43,Other,Delhi,North,2025-02-28,Active
C00314,Meera Davis,meera.davis314@example.com,43,Other,Coimbatore,South,2023-02-01,Active
C00315,Pooja Rao,pooja.rao315@example.com,48,Other,Patna,East,2024-02-20,Active
C00316,Aanya Verma,aanya.verma316@example.com,35,Female,Dehradun,North,2024-03-01,Active
C00317,Divya Singh,divya.singh317@example.com,41,Female,Chennai,South,2025-06-01,Active
C00318,Rahul Anderson,rahul.anderson318@example.com,31,Female,Ranchi,East,2024-06-11,Active
C00319,Nikhil Kumar,nikhil.kumar319@example.com,38,Female,Bhubaneswar,East,2024-04-05,Active
C00320,Neha Joshi,neha.joshi320@example.com,33,Other,Delhi,North,2024-03-04,Active
C00321,Mia Williams,mia.williams321@example.com,35,Other,Chennai,South,2023-11-17,Active
C00322,Sanjay Malhotra,sanjay.malhotra322@example.com,40,Female,Kochi,South,2025-06-19,Active
C00323,Karan Smith,karan.smith323@example.com,26,Female,Delhi,North,2023-09-04,Active
C00324,Aanya Nair,aanya.nair324@example.com,55,Female,Kolkata,East,2024-09-03,Inactive
C00325,Kavya Sharma,kavya.sharma325@example.com,24,Male,Ahmedabad,West,2024-03-17,Active
C00326,Michael Joshi,michael.joshi326@example.com,22,Female,Patna,East,2023-02-16,Active
C00327,Kavya Nair,kavya.nair327@example.com,46,Male,Chennai,South,2024-01-31,Active
C00328,Olivia Davis,olivia.davis328@example.com,42,Male,Guwahati,East,2023-05-12,Inactive
C00329,Sophia Iyer,sophia.iyer329@example.com,41,Other,Ahmedabad,West,2024-01-10,Active
C00330,Sanjay Joshi,sanjay.joshi330@example.com,41,Other,Coimbatore,South,2023-02-11,Active
C00331,Aditya Brown,aditya.brown331@example.com,34,Other,Mysuru,South,2024-04-12,Active
C00332,Mia Davis,mia.davis332@example.com,26,Female,Chennai,South,2023-06-16,Active
C00333,Aditya Smith,aditya.smith333@example.com,35,Other,Guwahati,East,2024-06-29,Active
C00334,William Sharma,william.sharma334@example.com,28,Female,Ranchi,East,2023-12-06,Active
C00335,Neha Taylor,neha.taylor335@example.com,44,Other,Goa,West,2024-10-06,Active
C00336,Daniel Anderson,daniel.anderson336@example.com,33,Other,Ahmedabad,West,2024-08-14,Active
C00337,Pooja Verma,pooja.verma337@example.com,26,Other,Amritsar,North,2024-10-06,Active
C00338,William Wilson,william.wilson338@example.com,31,Male,Pune,West,2023-02-02,Active
C00339,Aarav Malhotra,aarav.malhotra339@example.com,39,Female,Jaipur,North,2024-03-04,Active
C00340,Sanjay Anderson,sanjay.anderson340@example.com,29,Other,Kochi,South,2024-04-27,Inactive
C00341,Rahul Smith,rahul.smith341@example.com,26,Male,Dehradun,North,2024-07-28,Active
C00342,Karan Iyer,karan.iyer342@example.com,37,Male,Goa,West,2024-04-15,Inactive
C00343,Ishita Wilson,ishita.wilson343@example.com,37,Other,Guwahati,East,2024-11-28,Active
C00344,Pooja Gupta,pooja.gupta344@example.com,29,Male,Guwahati,East,2023-10-13,Active
C00345,Michael Nair,michael.nair345@example.com,30,Other,Chennai,South,2023-08-01,Active
C00346,Pooja Das,pooja.das346@example.com,37,Other,Ahmedabad,West,2025-03-25,Active
C00347,Varun Wilson,varun.wilson347@example.com,20,Other,Kolkata,East,2024-01-24,Inactive
C00348,Michael Singh,michael.singh348@example.com,20,Female,Ahmedabad,West,2023-02-13,Active
C00349,Mia Malhotra,mia.malhotra349@example.com,27,Other,Lucknow,North,2023-09-20,Active
C00350,William Johnson,william.johnson350@example.com,32,Female,Bengaluru,South,2024-07-29,Active
C00351,Divya Taylor,divya.taylor351@example.com,38,Other,Hyderabad,South,2023-09-03,Active
C00352,Sneha Patel,sneha.patel352@example.com,49,Male,Mysuru,South,2024-02-28,Active
C00353,Olivia Anderson,olivia.anderson353@example.com,43,Male,Mumbai,West,2023-01-06,Inactive
C00354,Daniel Brown,daniel.brown354@example.com,33,Female,Kochi,South,2024-10-28,Active
C00355,Neha Miller,neha.miller355@example.com,34,Male,Patna,East,2025-02-26,Active
C00356,Emma Taylor,emma.taylor356@example.com,24,Male,Coimbatore,South,2023-06-29,Active
C00357,William Joshi,william.joshi357@example.com,34,Female,Hyderabad,South,2023-07-10,Inactive
C00358,Aarav Nair,aarav.nair358@example.com,32,Other,Kolkata,East,2024-09-09,Active
C00359,Nikhil Miller,nikhil.miller359@example.com,38,Other,Patna,East,2024-06-20,Active
C00360,Nikhil Mehta,nikhil.mehta360@example.com,26,Male,Coimbatore,South,2025-04-08,Active
C00361,Nikhil Miller,nikhil.miller361@example.com,40,Female,Mysuru,South,2025-01-05,Active
C00362,Varun Wilson,varun.wilson362@example.com,50,Male,Patna,East,2023-06-29,Active
C00363,Sanjay Iyer,sanjay.iyer363@example.com,33,Male,Surat,West,2024-02-15,Active
C00364,Pooja Iyer,pooja.iyer364@example.com,39,Male,Bengaluru,South,2023-01-07,Active
C00365,Michael Mehta,michael.mehta365@example.com,41,Female,Kochi,South,2023-11-06,Active
C00366,Daniel Das,daniel.das366@example.com,30,Other,Lucknow,North,2023-08-30,Active
C00367,Neha Verma,neha.verma367@example.com,37,Female,Chandigarh,North,2024-12-03,Active
C00368,Daniel Nair,daniel.nair368@example.com,35,Female,Kolkata,East,2024-09-21,Active
C00369,Rahul Malhotra,rahul.malhotra369@example.com,35,Other,Kochi,South,2024-09-12,Active
C00370,Sophia Wilson,sophia.wilson370@example.com,27,Male,Goa,West,2025-02-19,Active
C00371,Nikhil Smith,nikhil.smith371@example.com,35,Other,Amritsar,North,2024-01-06,Active
C00372,William Johnson,william.johnson372@example.com,39,Other,Delhi,North,2023-07-27,Active
C00373,Aditya Smith,aditya.smith373@example.com,49,Female,Bengaluru,South,2023-04-30,Active
C00374,David Smith,david.smith374@example.com,44,Female,Mumbai,West,2025-04-08,Active
C00375,Meera Malhotra,meera.malhotra375@example.com,56,Other,Coimbatore,South,2023-03-01,Active
C00376,Karan Mehta,karan.mehta376@example.com,27,Male,Kolkata,East,2025-02-02,Active
C00377,Meera Das,meera.das377@example.com,43,Other,Delhi,North,2023-03-07,Active
C00378,Mia Brown,mia.brown378@example.com,36,Male,Delhi,North,2023-10-21,Active
C00379,Emma Miller,emma.miller379@example.com,56,Female,Mysuru,South,2024-01-19,Inactive
C00380,Isabella Joshi,isabella.joshi380@example.com,26,Female,Surat,West,2023-03-24,Active
C00381,Isabella Das,isabella.das381@example.com,26,Male,Mysuru,South,2023-07-02,Inactive
C00382,Rahul Taylor,rahul.taylor382@example.com,29,Male,Goa,West,2025-05-04,Active
C00383,Nikhil Wilson,nikhil.wilson383@example.com,18,Other,Lucknow,North,2024-07-11,Active
C00384,Sneha Malhotra,sneha.malhotra384@example.com,29,Female,Pune,West,2023-06-08,Active
C00385,Sophia Wilson,sophia.wilson385@example.com,27,Female,Delhi,North,2024-09-21,Active
C00386,Rohan Reddy,rohan.reddy386@example.com,36,Male,Jaipur,North,2024-08-31,Active
C00387,Emma Patel,emma.patel387@example.com,38,Female,Jaipur,North,2024-03-25,Active
C00388,Rahul Smith,rahul.smith388@example.com,53,Female,Hyderabad,South,2023-08-28,Active
C00389,Divya Anderson,divya.anderson389@example.com,44,Other,Guwahati,East,2025-04-18,Active
C00390,Olivia Smith,olivia.smith390@example.com,29,Male,Bhubaneswar,East,2024-02-28,Active
C00391,Varun Taylor,varun.taylor391@example.com,26,Male,Amritsar,North,2024-10-03,Active
C00392,Ishita Miller,ishita.miller392@example.com,39,Other,Mumbai,West,2024-01-26,Active
C00393,Meera Singh,meera.singh393@example.com,21,Female,Ranchi,East,2024-01-21,Active
C00394,Isabella Rao,isabella.rao394@example.com,53,Female,Pune,West,2025-05-28,Active
C00395,Kavya Kapoor,kavya.kapoor395@example.com,46,Female,Mumbai,West,2024-07-24,Active
C00396,Vikram Gupta,vikram.gupta396@example.com,30,Female,Pune,West,2024-10-24,Active
C00397,Arjun Johnson,arjun.johnson397@example.com,18,Other,Ahmedabad,West,2025-04-29,Active
C00398,Olivia Davis,olivia.davis398@example.com,48,Other,Ranchi,East,2023-02-10,Inactive
C00399,Emma Wilson,emma.wilson399@example.com,33,Other,Coimbatore,South,2023-08-11,Active
C00400,Mia Sharma,mia.sharma400@example.com,47,Male,Patna,East,2023-07-14,Inactive
C00401,Michael Brown,michael.brown401@example.com,19,Male,Dehradun,North,2024-12-13,Active
C00402,Mia Rao,mia.rao402@example.com,29,Other,Kochi,South,2023-11-26,Active
C00403,Kavya Miller,kavya.miller403@example.com,35,Female,Surat,West,2023-11-12,Active
C00404,Ananya Taylor,ananya.taylor404@example.com,35,Female,Surat,West,2025-02-18,Inactive
C00405,Aditya Kapoor,aditya.kapoor405@example.com,30,Male,Chennai,South,2024-07-30,Inactive
C00406,Vikram Johnson,vikram.johnson406@example.com,41,Other,Hyderabad,South,2024-08-16,Active
C00407,Rohan Iyer,rohan.iyer407@example.com,24,Male,Bhubaneswar,East,2024-01-24,Active
C00408,Kavya Miller,kavya.miller408@example.com,33,Other,Kochi,South,2023-12-12,Active
C00409,Daniel Taylor,daniel.taylor409@example.com,36,Female,Nagpur,West,2024-04-16,Active
C00410,Rahul Taylor,rahul.taylor410@example.com,40,Other,Bhubaneswar,East,2024-05-15,Active
C00411,Aanya Reddy,aanya.reddy411@example.com,42,Other,Amritsar,North,2023-02-19,Active
C00412,William Miller,william.miller412@example.com,23,Male,Pune,West,2023-03-11,Active
C00413,Sanjay Malhotra,sanjay.malhotra413@example.com,19,Female,Jaipur,North,2023-03-03,Active
C00414,Pooja Sharma,pooja.sharma414@example.com,47,Male,Nagpur,West,2024-06-28,Active
C00415,Sanjay Taylor,sanjay.taylor415@example.com,38,Female,Delhi,North,2024-07-02,Inactive
C00416,William Moore,william.moore416@example.com,27,Other,Amritsar,North,2024-03-16,Active
C00417,Mia Kumar,mia.kumar417@example.com,50,Other,Hyderabad,South,2023-06-02,Active
C00418,Vikram Joshi,vikram.joshi418@example.com,36,Male,Patna,East,2024-01-18,Inactive
C00419,Sneha Moore,sneha.moore419@example.com,46,Male,Goa,West,2023-11-04,Active
C00420,Isabella Miller,isabella.miller420@example.com,35,Male,Dehradun,North,2023-04-06,Active
C00421,Pooja Patel,pooja.patel421@example.com,55,Other,Goa,West,2023-01-10,Active
C00422,Isabella Kapoor,isabella.kapoor422@example.com,52,Other,Chandigarh,North,2025-03-14,Active
C00423,Mia Patel,mia.patel423@example.com,32,Male,Amritsar,North,2023-08-05,Inactive
C00424,Aanya Reddy,aanya.reddy424@example.com,44,Other,Ahmedabad,West,2023-10-15,Inactive
C00425,Mia Iyer,mia.iyer425@example.com,41,Male,Jaipur,North,2023-08-01,Active
C00426,Neha Verma,neha.verma426@example.com,48,Other,Mumbai,West,2023-09-04,Active
C00427,David Johnson,david.johnson427@example.com,25,Female,Nagpur,West,2024-01-29,Active
C00428,Emma Reddy,emma.reddy428@example.com,41,Other,Mysuru,South,2025-02-02,Inactive
C00429,Meera Rao,meera.rao429@example.com,45,Male,Delhi,North,2023-12-15,Active
C00430,Aarav Miller,aarav.miller430@example.com,18,Female,Ahmedabad,West,2025-03-13,Inactive
C00431,Ishita Johnson,ishita.johnson431@example.com,23,Female,Pune,West,2024-03-18,Active
C00432,Michael Davis,michael.davis432@example.com,18,Female,Mumbai,West,2025-03-28,Active
C00433,Vikram Singh,vikram.singh433@example.com,32,Female,Delhi,North,2024-12-29,Active
C00434,Karan Iyer,karan.iyer434@example.com,42,Female,Mysuru,South,2023-04-20,Active
C00435,Ishita Anderson,ishita.anderson435@example.com,50,Female,Ranchi,East,2023-04-15,Active
C00436,Nikhil Johnson,nikhil.johnson436@example.com,35,Other,Kochi,South,2024-06-08,Active
C00437,Ishita Johnson,ishita.johnson437@example.com,51,Male,Delhi,North,2024-09-03,Active
C00438,Aarav Nair,aarav.nair438@example.com,21,Female,Ranchi,East,2024-02-02,Active
C00439,Sanjay Verma,sanjay.verma439@example.com,18,Other,Coimbatore,South,2024-01-25,Active
C00440,Vikram Brown,vikram.brown440@example.com,34,Male,Patna,East,2023-03-06,Active
C00441,Neha Brown,neha.brown441@example.com,38,Male,Ranchi,East,2024-01-05,Active
C00442,Daniel Brown,daniel.brown442@example.com,34,Other,Mysuru,South,2024-09-23,Active
C00443,Neha Sharma,neha.sharma443@example.com,18,Female,Jaipur,North,2023-12-07,Inactive
C00444,Nikhil Iyer,nikhil.iyer444@example.com,34,Female,Ahmedabad,West,2025-04-15,Inactive
C00445,Aditya Davis,aditya.davis445@example.com,21,Other,Chennai,South,2023-07-25,Active
C00446,Aditya Nair,aditya.nair446@example.com,41,Other,Kochi,South,2024-12-12,Active
C00447,Karan Mehta,karan.mehta447@example.com,38,Female,Chennai,South,2024-01-09,Active
C00448,Kavya Verma,kavya.verma448@example.com,25,Other,Coimbatore,South,2025-02-25,Active
C00449,Rohan Malhotra,rohan.malhotra449@example.com,29,Female,Nagpur,West,2025-05-01,Active
C00450,Pooja Singh,pooja.singh450@example.com,24,Other,Nagpur,West,2023-11-07,Active
C00451,Meera Joshi,meera.joshi451@example.com,34,Male,Mysuru,South,2024-04-04,Inactive
C00452,Karan Johnson,karan.johnson452@example.com,44,Other,Goa,West,2025-06-09,Active
C00453,James Johnson,james.johnson453@example.com,25,Other,Lucknow,North,2024-10-15,Inactive
C00454,Olivia Wilson,olivia.wilson454@example.com,40,Female,Jaipur,North,2023-06-20,Active
C00455,Daniel Wilson,daniel.wilson455@example.com,29,Other,Amritsar,North,2024-02-14,Inactive
C00456,Ananya Sharma,ananya.sharma456@example.com,27,Male,Ranchi,East,2023-09-22,Active
C00457,Ishita Joshi,ishita.joshi457@example.com,33,Female,Kochi,South,2025-03-01,Active
C00458,Aarav Brown,aarav.brown458@example.com,24,Male,Chennai,South,2023-10-30,Active
C00459,William Taylor,william.taylor459@example.com,29,Male,Delhi,North,2023-12-23,Active
C00460,Sanjay Brown,sanjay.brown460@example.com,23,Female,Pune,West,2024-05-02,Active
C00461,Arjun Nair,arjun.nair461@example.com,54,Male,Ahmedabad,West,2025-04-09,Active
C00462,Daniel Kumar,,35,Other,Lucknow,North,2025-03-30,Active
C00463,Priya Johnson,priya.johnson463@example.com,28,Male,Coimbatore,South,2023-12-05,Active
C00464,Sophia Joshi,sophia.joshi464@example.com,37,Other,Pune,West,2023-07-08,Active
C00465,Aarav Taylor,aarav.taylor465@example.com,33,Other,Surat,West,2025-06-23,Active
C00466,Aarav Moore,aarav.moore466@example.com,32,Male,Surat,West,2023-07-30,Active
C00467,Ananya Johnson,ananya.johnson467@example.com,41,Male,Amritsar,North,2024-01-10,Active
C00468,Vikram Wilson,,42,Female,Mumbai,West,2024-06-24,Inactive
C00469,Karan Davis,karan.davis469@example.com,29,Female,Guwahati,East,2024-08-24,Active
C00470,Divya Verma,divya.verma470@example.com,29,Other,Ranchi,East,2024-12-23,Active
C00471,Rahul Iyer,rahul.iyer471@example.com,32,Male,Dehradun,North,2023-09-02,Active
C00472,James Singh,james.singh472@example.com,18,Other,Chennai,South,2024-02-02,Active
C00473,Karan Kapoor,karan.kapoor473@example.com,19,Male,Coimbatore,South,2024-05-13,Active
C00474,Priya Brown,priya.brown474@example.com,48,Female,Coimbatore,South,2023-05-24,Active
C00475,Aanya Das,aanya.das475@example.com,51,Male,Goa,West,2024-05-11,Active
C00476,Sanjay Miller,sanjay.miller476@example.com,32,Female,Goa,West,2024-02-23,Active
C00477,William Malhotra,william.malhotra477@example.com,40,Female,Nagpur,West,2023-06-21,Active
C00478,Neha Patel,neha.patel478@example.com,38,Female,Jaipur,North,2023-08-19,Active
C00479,Varun Taylor,varun.taylor479@example.com,65,Female,Kochi,South,2024-07-16,Active
C00480,Michael Johnson,michael.johnson480@example.com,46,Female,Lucknow,North,2024-07-09,Inactive
C00481,Nikhil Johnson,nikhil.johnson481@example.com,33,Male,Dehradun,North,2024-03-11,Active
C00482,Isabella Patel,isabella.patel482@example.com,25,Female,Chennai,South,2023-09-27,Active
C00483,Isabella Kumar,isabella.kumar483@example.com,18,Male,Chandigarh,North,2023-08-03,Active
C00484,Daniel Kapoor,daniel.kapoor484@example.com,37,Male,Guwahati,East,2024-09-22,Active
C00485,Sophia Patel,sophia.patel485@example.com,27,Other,Bengaluru,South,2023-12-26,Active
C00486,James Nair,james.nair486@example.com,20,Female,Chennai,South,2024-08-09,Active
C00487,Michael Kapoor,michael.kapoor487@example.com,28,Male,Jaipur,North,2023-10-11,Inactive
C00488,Isabella Singh,isabella.singh488@example.com,24,Male,Mysuru,South,2023-05-30,Active
C00489,Karan Brown,karan.brown489@example.com,51,Male,Mysuru,South,2024-08-14,Active
C00490,Nikhil Reddy,nikhil.reddy490@example.com,43,Other,Surat,West,2025-03-24,Inactive
C00491,Sanjay Taylor,sanjay.taylor491@example.com,34,Female,Chandigarh,North,2024-12-12,Inactive
C00492,Pooja Iyer,pooja.iyer492@example.com,49,Other,Ranchi,East,2023-01-03,Inactive
C00493,Nikhil Miller,nikhil.miller493@example.com,35,Other,Dehradun,North,2024-12-15,Active
C00494,Karan Gupta,karan.gupta494@example.com,26,Female,Amritsar,North,2025-04-24,Active
C00495,William Nair,william.nair495@example.com,50,Female,Patna,East,2024-07-14,Active
C00496,David Wilson,david.wilson496@example.com,40,Male,Ahmedabad,West,2023-02-17,Active
C00497,Ananya Verma,ananya.verma497@example.com,24,Female,Mumbai,West,2024-04-12,Active
C00498,James Singh,james.singh498@example.com,33,Other,Pune,West,2023-11-06,Active
C00499,Daniel Das,daniel.das499@example.com,26,Female,Kolkata,East,2023-03-26,Active
C00500,Karan Miller,karan.miller500@example.com,21,Female,Hyderabad,South,2025-01-13,Active
C00501,Daniel Reddy,daniel.reddy501@example.com,44,Other,Kochi,South,2023-04-08,Active
C00502,Rahul Williams,rahul.williams502@example.com,54,Male,Mumbai,West,2024-06-15,Active
C00503,James Iyer,james.iyer503@example.com,21,Male,Delhi,North,2025-05-30,Active
C00504,Arjun Rao,,40,Female,Kochi,South,2023-04-02,Active
C00505,Aditya Das,aditya.das505@example.com,28,Female,Delhi,North,2023-05-21,Active
C00506,Olivia Singh,olivia.singh506@example.com,30,Male,Mysuru,South,2024-06-27,Active
C00507,Ishita Taylor,ishita.taylor507@example.com,29,Male,Kochi,South,2024-10-05,Active
C00508,Olivia Malhotra,olivia.malhotra508@example.com,26,Male,Goa,West,2023-03-30,Inactive
C00509,Varun Taylor,varun.taylor509@example.com,35,Female,Hyderabad,South,2023-12-26,Inactive
C00510,Sneha Mehta,sneha.mehta510@example.com,26,Other,Bhubaneswar,East,2023-03-28,Active
C00511,Isabella Wilson,isabella.wilson511@example.com,37,Female,Kolkata,East,2023-07-30,Active
C00512,Karan Nair,karan.nair512@example.com,34,Other,Mysuru,South,2023-02-25,Active
C00513,Karan Kumar,karan.kumar513@example.com,32,Male,Kochi,South,2024-05-26,Active
C00514,David Sharma,david.sharma514@example.com,25,Female,Amritsar,North,2023-11-21,Active
C00515,Kavya Wilson,kavya.wilson515@example.com,29,Male,Ahmedabad,West,2025-02-20,Active
C00516,Varun Reddy,varun.reddy516@example.com,42,Male,Delhi,North,2023-09-26,Active
C00517,Sanjay Nair,sanjay.nair517@example.com,40,Other,Chandigarh,North,2024-12-30,Active
C00518,James Joshi,james.joshi518@example.com,25,Male,Surat,West,2024-10-17,Active
C00519,Arjun Nair,arjun.nair519@example.com,35,Male,Chennai,South,2024-06-07,Inactive
C00520,Aditya Joshi,aditya.joshi520@example.com,42,Other,Coimbatore,South,2024-10-11,Active
C00521,James Kapoor,james.kapoor521@example.com,18,Other,Lucknow,North,2025-05-16,Active
C00522,Mia Kapoor,mia.kapoor522@example.com,40,Male,Hyderabad,South,2024-04-09,Active
C00523,Olivia Taylor,olivia.taylor523@example.com,28,Other,Lucknow,North,2025-01-28,Active
C00524,Rahul Moore,rahul.moore524@example.com,40,Male,Dehradun,North,2023-06-17,Active
C00525,Sanjay Taylor,sanjay.taylor525@example.com,27,Female,Guwahati,East,2023-06-20,Active
C00526,Michael Sharma,michael.sharma526@example.com,18,Female,Kolkata,East,2025-04-06,Active
C00527,James Williams,james.williams527@example.com,18,Other,Lucknow,North,2023-03-20,Active
C00528,Pooja Williams,pooja.williams528@example.com,35,Male,Kolkata,East,2024-01-12,Active
C00529,Olivia Taylor,olivia.taylor529@example.com,37,Male,Amritsar,North,2023-08-22,Active
C00530,Isabella Sharma,isabella.sharma530@example.com,25,Male,Delhi,North,2023-02-17,Active
C00531,Priya Patel,priya.patel531@example.com,41,Other,Pune,West,2025-04-02,Inactive
C00532,Aditya Rao,aditya.rao532@example.com,18,Female,Pune,West,2025-01-07,Active
C00533,Ishita Kumar,ishita.kumar533@example.com,34,Other,Amritsar,North,2024-11-20,Inactive
C00534,Sophia Smith,sophia.smith534@example.com,22,Male,Bengaluru,South,2024-02-15,Active
C00535,Michael Nair,michael.nair535@example.com,28,Female,Ahmedabad,West,2023-03-30,Active
C00536,Rohan Nair,rohan.nair536@example.com,35,Other,Lucknow,North,2025-03-14,Active
C00537,Ishita Williams,ishita.williams537@example.com,26,Female,Kochi,South,2025-03-02,Active
C00538,Aarav Kapoor,aarav.kapoor538@example.com,31,Male,Bengaluru,South,2023-08-27,Active
C00539,Aarav Anderson,aarav.anderson539@example.com,45,Other,Lucknow,North,2024-01-21,Inactive
C00540,Rohan Smith,rohan.smith540@example.com,29,Male,Kolkata,East,2024-03-05,Active
C00541,James Mehta,james.mehta541@example.com,43,Male,Jaipur,North,2023-02-14,Inactive
C00542,David Das,david.das542@example.com,23,Female,Nagpur,West,2025-02-04,Active
C00543,Rahul Miller,rahul.miller543@example.com,40,Female,Amritsar,North,2023-03-18,Active
C00544,Olivia Singh,olivia.singh544@example.com,49,Male,Chandigarh,North,2023-10-26,Active
C00545,James Taylor,james.taylor545@example.com,18,Female,Ranchi,East,2023-11-22,Active
C00546,Rohan Singh,rohan.singh546@example.com,27,Other,Hyderabad,South,2023-04-22,Active
C00547,Nikhil Iyer,nikhil.iyer547@example.com,40,Female,Kochi,South,2023-05-04,Active
C00548,Neha Malhotra,neha.malhotra548@example.com,32,Female,Kochi,South,2025-05-22,Active
C00549,Neha Moore,neha.moore549@example.com,38,Other,Mysuru,South,2024-09-09,Active
C00550,Arjun Moore,arjun.moore550@example.com,28,Male,Bhubaneswar,East,2023-12-31,Active
C00551,Neha Mehta,neha.mehta551@example.com,35,Male,Dehradun,North,2023-02-01,Inactive
C00552,Emma Johnson,emma.johnson552@example.com,33,Male,Goa,West,2023-04-07,Active
C00553,Aarav Patel,aarav.patel553@example.com,46,Male,Hyderabad,South,2023-05-14,Active
C00554,Olivia Miller,olivia.miller554@example.com,37,Other,Ahmedabad,West,2023-03-28,Active
C00555,Aarav Reddy,aarav.reddy555@example.com,38,Male,Kolkata,East,2024-10-23,Active
C00556,David Iyer,david.iyer556@example.com,30,Male,Hyderabad,South,2023-02-13,Inactive
C00557,Mia Williams,mia.williams557@example.com,30,Female,Jaipur,North,2025-04-21,Active
C00558,Karan Wilson,karan.wilson558@example.com,30,Female,Mumbai,West,2023-06-26,Active
C00559,Vikram Malhotra,vikram.malhotra559@example.com,38,Male,Chennai,South,2023-02-05,Active
C00560,Neha Brown,neha.brown560@example.com,30,Female,Mysuru,South,2025-06-22,Active
C00561,Vikram Joshi,vikram.joshi561@example.com,37,Male,Delhi,North,2024-03-05,Active
C00562,Sophia Johnson,sophia.johnson562@example.com,55,Male,Mysuru,South,2024-01-27,Active
C00563,Kavya Brown,kavya.brown563@example.com,43,Female,Ranchi,East,2024-08-02,Active
C00564,Priya Sharma,priya.sharma564@example.com,31,Female,Ahmedabad,West,2024-09-03,Active
C00565,Sophia Brown,sophia.brown565@example.com,47,Other,Kolkata,East,2024-01-02,Active
C00566,Ananya Rao,ananya.rao566@example.com,30,Other,Bengaluru,South,2023-09-04,Active
C00567,Varun Joshi,varun.joshi567@example.com,18,Female,Jaipur,North,2025-05-09,Inactive
C00568,Sneha Williams,sneha.williams568@example.com,24,Female,Bengaluru,South,2025-04-05,Active
C00569,Aarav Moore,aarav.moore569@example.com,18,Other,Guwahati,East,2023-12-27,Inactive
C00570,Rohan Brown,rohan.brown570@example.com,31,Other,Coimbatore,South,2023-11-13,Active
C00571,Aanya Rao,aanya.rao571@example.com,35,Other,Delhi,North,2023-08-13,Active
C00572,Aditya Davis,aditya.davis572@example.com,51,Male,Mumbai,West,2025-04-05,Active
C00573,Aanya Sharma,aanya.sharma573@example.com,38,Male,Chennai,South,2024-08-23,Active
C00574,Isabella Smith,isabella.smith574@example.com,32,Female,Hyderabad,South,2023-03-16,Active
C00575,Ananya Iyer,ananya.iyer575@example.com,43,Female,Goa,West,2023-11-27,Active
C00576,Meera Miller,meera.miller576@example.com,18,Female,Mysuru,South,2024-10-26,Active
C00577,Olivia Williams,olivia.williams577@example.com,37,Male,Bhubaneswar,East,2024-01-23,Active
C00578,Priya Taylor,priya.taylor578@example.com,42,Male,Bhubaneswar,East,2024-12-19,Inactive
C00579,Aanya Verma,aanya.verma579@example.com,20,Other,Goa,West,2023-11-22,Inactive
C00580,Varun Kumar,varun.kumar580@example.com,46,Female,Mysuru,South,2023-05-25,Active
C00581,Ishita Iyer,ishita.iyer581@example.com,38,Male,Jaipur,North,2024-10-13,Inactive
C00582,Olivia Miller,olivia.miller582@example.com,30,Other,Dehradun,North,2025-06-26,Active
C00583,Rohan Rao,rohan.rao583@example.com,41,Other,Lucknow,North,2023-03-11,Active
C00584,Aarav Patel,aarav.patel584@example.com,57,Female,Dehradun,North,2024-03-24,Active
C00585,Pooja Joshi,pooja.joshi585@example.com,36,Female,Kochi,South,2024-07-13,Active
C00586,Daniel Anderson,daniel.anderson586@example.com,37,Other,Goa,West,2023-08-19,Active
C00587,Neha Sharma,neha.sharma587@example.com,30,Female,Delhi,North,2023-09-25,Inactive
C00588,Priya Joshi,priya.joshi588@example.com,26,Male,Lucknow,North,2025-01-19,Active
C00589,Divya Davis,divya.davis589@example.com,43,Female,Lucknow,North,2024-12-22,Active
C00590,David Kapoor,david.kapoor590@example.com,26,Male,Coimbatore,South,2023-02-24,Active
C00591,Meera Moore,meera.moore591@example.com,35,Other,Bengaluru,South,2025-01-09,Inactive
C00592,Neha Rao,neha.rao592@example.com,30,Male,Patna,East,2023-02-20,Active
C00593,Aanya Das,aanya.das593@example.com,39,Male,Pune,West,2024-03-13,Active
C00594,Ananya Sharma,ananya.sharma594@example.com,38,Male,Pune,West,2023-06-24,Active
C00595,Isabella Kumar,isabella.kumar595@example.com,45,Female,Chandigarh,North,2025-03-14,Active
C00596,Vikram Reddy,vikram.reddy596@example.com,29,Other,Nagpur,West,2024-07-11,Active
C00597,Ishita Verma,ishita.verma597@example.com,32,Female,Ranchi,East,2023-02-15,Active
C00598,Sneha Mehta,sneha.mehta598@example.com,25,Other,Ahmedabad,West,2023-03-05,Active
C00599,Olivia Das,olivia.das599@example.com,30,Other,Delhi,North,2024-02-28,Inactive
C00600,Aanya Joshi,aanya.joshi600@example.com,38,Other,Coimbatore,South,2024-03-04,Inactive
C00601,David Rao,david.rao601@example.com,42,Female,Goa,West,2023-11-03,Active
C00602,Varun Smith,varun.smith602@example.com,25,Other,Amritsar,North,2024-11-24,Inactive
C00603,Michael Malhotra,michael.malhotra603@example.com,43,Male,Hyderabad,South,2023-06-21,Inactive
C00604,Aanya Kapoor,aanya.kapoor604@example.com,48,Male,Bengaluru,South,2024-11-30,Active
C00605,Vikram Iyer,vikram.iyer605@example.com,39,Other,Coimbatore,South,2025-04-06,Active
C00606,Karan Johnson,karan.johnson606@example.com,53,Female,Goa,West,2025-05-27,Active
C00607,Sophia Moore,sophia.moore607@example.com,27,Other,Mumbai,West,2024-08-24,Active
C00608,Meera Singh,meera.singh608@example.com,22,Male,Mumbai,West,2024-08-03,Active
C00609,Varun Anderson,varun.anderson609@example.com,18,Male,Delhi,North,2025-03-15,Active
C00610,Vikram Joshi,vikram.joshi610@example.com,49,Other,Ranchi,East,2024-05-12,Active
C00611,Priya Mehta,priya.mehta611@example.com,41,Female,Mumbai,West,2023-05-28,Active
C00612,Karan Iyer,karan.iyer612@example.com,34,Other,Mumbai,West,2023-09-01,Active
C00613,David Das,david.das613@example.com,37,Male,Ahmedabad,West,2023-12-12,Active
C00614,Vikram Brown,vikram.brown614@example.com,23,Other,Patna,East,2024-12-02,Active
C00615,Neha Taylor,neha.taylor615@example.com,59,Female,Bengaluru,South,2025-03-03,Inactive
C00616,Divya Miller,divya.miller616@example.com,36,Male,Ranchi,East,2023-07-12,Active
C00617,Pooja Anderson,pooja.anderson617@example.com,36,Other,Nagpur,West,2025-06-07,Active
C00618,Sophia Verma,sophia.verma618@example.com,42,Male,Amritsar,North,2023-11-15,Active
C00619,Michael Smith,michael.smith619@example.com,39,Other,Pune,West,2023-01-30,Active
C00620,Sneha Patel,sneha.patel620@example.com,37,Female,Hyderabad,South,2023-02-21,Inactive
C00621,Ishita Malhotra,ishita.malhotra621@example.com,27,Other,Chennai,South,2024-02-11,Active
C00622,Aarav Rao,aarav.rao622@example.com,39,Female,Dehradun,North,2024-05-15,Active
C00623,Varun Johnson,varun.johnson623@example.com,53,Female,Kochi,South,2023-12-19,Active
C00624,Neha Sharma,neha.sharma624@example.com,48,Female,Kolkata,East,2023-02-20,Active
C00625,Daniel Rao,daniel.rao625@example.com,50,Other,Bengaluru,South,2023-07-31,Active
C00626,Aarav Anderson,aarav.anderson626@example.com,29,Other,Goa,West,2023-01-10,Active
C00627,Priya Davis,priya.davis627@example.com,25,Male,Mysuru,South,2023-08-18,Active
C00628,Meera Joshi,meera.joshi628@example.com,33,Female,Patna,East,2024-04-15,Active
C00629,Olivia Smith,olivia.smith629@example.com,35,Other,Ahmedabad,West,2024-02-11,Active
C00630,Olivia Das,olivia.das630@example.com,45,Other,Amritsar,North,2024-10-24,Active
C00631,Olivia Kumar,olivia.kumar631@example.com,18,Female,Patna,East,2023-03-07,Active
C00632,Isabella Mehta,isabella.mehta632@example.com,50,Female,Patna,East,2024-11-02,Active
C00633,Rahul Smith,rahul.smith633@example.com,33,Male,Bhubaneswar,East,2023-02-28,Active
C00634,Aditya Wilson,aditya.wilson634@example.com,30,Male,Nagpur,West,2025-01-08,Active
C00635,Vikram Kapoor,vikram.kapoor635@example.com,24,Female,Ahmedabad,West,2024-02-02,Active
C00636,Emma Moore,emma.moore636@example.com,18,Male,Chennai,South,2024-12-03,Active
C00637,Ishita Smith,ishita.smith637@example.com,43,Female,Nagpur,West,2025-05-15,Active
C00638,Ananya Brown,ananya.brown638@example.com,35,Male,Chennai,South,2025-01-28,Active
C00639,David Iyer,david.iyer639@example.com,22,Other,Mysuru,South,2023-04-02,Active
C00640,Isabella Nair,isabella.nair640@example.com,22,Female,Mysuru,South,2025-03-18,Inactive
C00641,Varun Nair,varun.nair641@example.com,31,Female,Patna,East,2025-05-21,Active
C00642,Varun Williams,varun.williams642@example.com,51,Other,Dehradun,North,2023-03-14,Active
C00643,Ananya Wilson,ananya.wilson643@example.com,32,Female,Coimbatore,South,2024-06-26,Active
C00644,Rahul Gupta,rahul.gupta644@example.com,19,Female,Jaipur,North,2024-02-24,Inactive
C00645,Aditya Moore,aditya.moore645@example.com,32,Male,Pune,West,2025-03-08,Active
C00646,Aditya Miller,aditya.miller646@example.com,32,Male,Bhubaneswar,East,2023-01-05,Active
C00647,Varun Anderson,varun.anderson647@example.com,18,Male,Bengaluru,South,2024-05-16,Active
C00648,Divya Kapoor,divya.kapoor648@example.com,34,Other,Jaipur,North,2024-03-15,Active
C00649,Aarav Patel,aarav.patel649@example.com,32,Other,Surat,West,2023-07-24,Active
C00650,Michael Smith,michael.smith650@example.com,41,Male,Lucknow,North,2023-01-19,Active
C00651,James Das,james.das651@example.com,53,Female,Bengaluru,South,2023-05-13,Active
C00652,Arjun Patel,arjun.patel652@example.com,46,Female,Bhubaneswar,East,2023-10-25,Active
C00653,David Wilson,david.wilson653@example.com,32,Male,Ranchi,East,2023-12-17,Inactive
C00654,Michael Gupta,michael.gupta654@example.com,23,Male,Ahmedabad,West,2025-04-11,Active
C00655,Emma Singh,emma.singh655@example.com,60,Male,Bengaluru,South,2025-01-21,Active
C00656,Ishita Moore,ishita.moore656@example.com,35,Other,Hyderabad,South,2025-03-22,Active
C00657,Divya Patel,divya.patel657@example.com,35,Other,Guwahati,East,2023-02-19,Active
C00658,James Kumar,james.kumar658@example.com,34,Female,Delhi,North,2024-03-30,Active
C00659,James Singh,james.singh659@example.com,36,Male,Ranchi,East,2024-12-12,Active
C00660,Meera Wilson,meera.wilson660@example.com,33,Male,Lucknow,North,2024-11-09,Active
C00661,William Kumar,william.kumar661@example.com,29,Other,Kochi,South,2025-01-06,Active
C00662,Sophia Kumar,sophia.kumar662@example.com,29,Female,Kolkata,East,2023-07-23,Active
C00663,Rohan Das,rohan.das663@example.com,34,Other,Guwahati,East,2024-02-24,Active
C00664,Pooja Gupta,pooja.gupta664@example.com,29,Other,Amritsar,North,2024-05-07,Active
C00665,Olivia Reddy,olivia.reddy665@example.com,27,Male,Delhi,North,2025-05-05,Active
C00666,Arjun Anderson,arjun.anderson666@example.com,36,Other,Pune,West,2023-03-18,Active
C00667,Daniel Rao,daniel.rao667@example.com,32,Female,Lucknow,North,2023-10-31,Active
C00668,William Verma,william.verma668@example.com,50,Male,Delhi,North,2025-05-22,Active
C00669,Emma Kumar,emma.kumar669@example.com,18,Male,Ranchi,East,2025-05-21,Active
C00670,Isabella Singh,isabella.singh670@example.com,45,Other,Delhi,North,2024-10-24,Active
C00671,Divya Mehta,divya.mehta671@example.com,47,Other,Ranchi,East,2023-04-06,Active
C00672,Ananya Joshi,ananya.joshi672@example.com,18,Female,Bhubaneswar,East,2024-04-12,Active
C00673,Isabella Brown,isabella.brown673@example.com,31,Female,Nagpur,West,2024-10-26,Inactive
C00674,Rahul Moore,rahul.moore674@example.com,31,Other,Hyderabad,South,2023-03-02,Inactive
C00675,Meera Williams,meera.williams675@example.com,20,Female,Hyderabad,South,2025-04-01,Active
C00676,Divya Joshi,divya.joshi676@example.com,27,Female,Pune,West,2024-09-18,Active
C00677,Mia Brown,mia.brown677@example.com,23,Male,Kochi,South,2025-06-27,Active
C00678,Vikram Miller,vikram.miller678@example.com,52,Female,Delhi,North,2023-01-13,Active
C00679,Isabella Iyer,isabella.iyer679@example.com,44,Other,Mysuru,South,2024-06-19,Active
C00680,Olivia Taylor,olivia.taylor680@example.com,47,Male,Chandigarh,North,2024-05-08,Active
C00681,William Johnson,william.johnson681@example.com,42,Other,Pune,West,2023-02-25,Active
C00682,Isabella Brown,isabella.brown682@example.com,23,Female,Coimbatore,South,2025-06-09,Active
C00683,Sneha Iyer,sneha.iyer683@example.com,29,Female,Ahmedabad,West,2023-02-21,Active
C00684,William Rao,william.rao684@example.com,39,Male,Surat,West,2024-04-15,Active
C00685,Isabella Brown,isabella.brown685@example.com,22,Female,Mumbai,West,2023-11-20,Active
C00686,Daniel Sharma,daniel.sharma686@example.com,42,Male,Nagpur,West,2024-02-18,Active
C00687,Sophia Davis,sophia.davis687@example.com,32,Other,Delhi,North,2024-10-14,Active
C00688,Olivia Malhotra,olivia.malhotra688@example.com,31,Female,Mysuru,South,2024-01-08,Inactive
C00689,Aditya Johnson,aditya.johnson689@example.com,42,Other,Kochi,South,2024-09-06,Active
C00690,Ananya Kumar,ananya.kumar690@example.com,39,Other,Ranchi,East,2023-08-16,Active
C00691,Kavya Smith,kavya.smith691@example.com,31,Female,Patna,East,2024-12-19,Active
C00692,Rahul Moore,rahul.moore692@example.com,46,Other,Kochi,South,2025-01-08,Active
C00693,Rohan Gupta,rohan.gupta693@example.com,24,Male,Guwahati,East,2025-05-22,Active
C00694,James Iyer,james.iyer694@example.com,41,Male,Pune,West,2025-02-14,Active
C00695,Nikhil Wilson,nikhil.wilson695@example.com,40,Other,Chandigarh,North,2024-05-31,Active
C00696,Sanjay Taylor,sanjay.taylor696@example.com,31,Male,Mumbai,West,2024-07-20,Inactive
C00697,Michael Verma,michael.verma697@example.com,38,Other,Goa,West,2024-08-15,Active
C00698,Karan Wilson,karan.wilson698@example.com,22,Other,Hyderabad,South,2024-09-12,Inactive
C00699,Divya Moore,divya.moore699@example.com,44,Male,Surat,West,2023-10-08,Active
C00700,Nikhil Singh,nikhil.singh700@example.com,33,Male,Patna,East,2024-02-27,Active
C00701,Isabella Iyer,isabella.iyer701@example.com,29,Other,Guwahati,East,2025-01-24,Inactive
C00702,Rohan Davis,rohan.davis702@example.com,45,Other,Bengaluru,South,2023-10-25,Active
C00703,Daniel Verma,daniel.verma703@example.com,27,Other,Mysuru,South,2024-07-09,Active
C00704,Michael Das,michael.das704@example.com,20,Other,Kolkata,East,2024-05-06,Active
C00705,Emma Johnson,emma.johnson705@example.com,19,Female,Nagpur,West,2025-06-17,Inactive
C00706,Ananya Sharma,ananya.sharma706@example.com,41,Female,Amritsar,North,2023-05-29,Active
C00707,Vikram Anderson,vikram.anderson707@example.com,22,Male,Jaipur,North,2023-10-21,Active
C00708,James Nair,james.nair708@example.com,52,Male,Hyderabad,South,2025-02-10,Active
C00709,Ananya Davis,ananya.davis709@example.com,18,Other,Ranchi,East,2025-01-27,Active
C00710,Daniel Johnson,daniel.johnson710@example.com,51,Female,Mysuru,South,2023-09-01,Active
C00711,Mia Joshi,mia.joshi711@example.com,37,Female,Kolkata,East,2024-03-02,Inactive
C00712,Aanya Sharma,aanya.sharma712@example.com,34,Other,Guwahati,East,2023-09-15,Active
C00713,Mia Miller,mia.miller713@example.com,29,Other,Pune,West,2024-12-27,Active
C00714,Rohan Nair,rohan.nair714@example.com,38,Female,Mysuru,South,2023-07-01,Inactive
C00715,Priya Taylor,priya.taylor715@example.com,34,Other,Jaipur,North,2023-05-03,Active
C00716,Kavya Mehta,kavya.mehta716@example.com,46,Male,Ahmedabad,West,2023-06-14,Active
C00717,Aditya Malhotra,aditya.malhotra717@example.com,36,Other,Kolkata,East,2023-06-08,Active
C00718,Aanya Anderson,aanya.anderson718@example.com,36,Other,Guwahati,East,2024-09-22,Inactive
C00719,Sophia Williams,sophia.williams719@example.com,31,Other,Ranchi,East,2024-01-02,Active
C00720,Sneha Verma,sneha.verma720@example.com,34,Other,Guwahati,East,2023-03-11,Active
C00721,Kavya Johnson,kavya.johnson721@example.com,38,Female,Kochi,South,2023-04-05,Active
C00722,Aditya Iyer,aditya.iyer722@example.com,18,Female,Mysuru,South,2023-10-28,Active
C00723,William Anderson,william.anderson723@example.com,21,Other,Goa,West,2023-01-10,Active
C00724,Sneha Miller,sneha.miller724@example.com,42,Other,Ranchi,East,2024-09-28,Active
C00725,David Iyer,david.iyer725@example.com,36,Female,Dehradun,North,2025-03-26,Inactive
C00726,Kavya Taylor,kavya.taylor726@example.com,33,Female,Ahmedabad,West,2023-01-26,Inactive
C00727,Sophia Smith,sophia.smith727@example.com,35,Female,Guwahati,East,2024-05-13,Active
C00728,Sanjay Reddy,sanjay.reddy728@example.com,38,Male,Chennai,South,2023-06-21,Inactive
C00729,Arjun Gupta,arjun.gupta729@example.com,29,Other,Dehradun,North,2024-10-06,Active
C00730,Rohan Johnson,rohan.johnson730@example.com,27,Other,Mumbai,West,2025-06-18,Inactive
C00731,William Reddy,william.reddy731@example.com,36,Other,Nagpur,West,2024-12-03,Active
C00732,Aditya Patel,aditya.patel732@example.com,25,Male,Nagpur,West,2023-03-17,Active
C00733,Arjun Williams,arjun.williams733@example.com,39,Male,Guwahati,East,2023-09-22,Active
C00734,Karan Kapoor,karan.kapoor734@example.com,18,Female,Nagpur,West,2023-01-18,Active
C00735,Aarav Miller,aarav.miller735@example.com,45,Other,Amritsar,North,2024-09-25,Active
C00736,Isabella Reddy,isabella.reddy736@example.com,39,Female,Dehradun,North,2024-05-29,Active
C00737,Arjun Nair,arjun.nair737@example.com,37,Female,Guwahati,East,2024-01-26,Active
C00738,Priya Johnson,priya.johnson738@example.com,44,Male,Chandigarh,North,2023-05-20,Active
C00739,Neha Wilson,neha.wilson739@example.com,51,Other,Bhubaneswar,East,2024-10-25,Active
C00740,Isabella Johnson,isabella.johnson740@example.com,45,Male,Amritsar,North,2023-05-07,Active
C00741,Kavya Reddy,kavya.reddy741@example.com,18,Female,Goa,West,2023-08-04,Active
C00742,Meera Miller,meera.miller742@example.com,22,Other,Bhubaneswar,East,2023-05-26,Active
C00743,William Mehta,william.mehta743@example.com,28,Male,Coimbatore,South,2023-04-28,Active
C00744,Nikhil Miller,nikhil.miller744@example.com,35,Other,Amritsar,North,2023-03-16,Active
C00745,Ananya Gupta,ananya.gupta745@example.com,40,Other,Lucknow,North,2024-08-17,Active
C00746,Rahul Wilson,rahul.wilson746@example.com,27,Other,Patna,East,2023-08-29,Active
C00747,Aditya Brown,aditya.brown747@example.com,36,Female,Jaipur,North,2023-12-03,Active
C00748,Rahul Williams,rahul.williams748@example.com,27,Other,Guwahati,East,2024-01-09,Active
C00749,Aarav Iyer,aarav.iyer749@example.com,28,Male,Pune,West,2025-03-15,Active
C00750,William Das,william.das750@example.com,20,Male,Ahmedabad,West,2024-11-26,Active
C00751,Nikhil Das,nikhil.das751@example.com,25,Female,Surat,West,2024-05-13,Active
C00752,Divya Reddy,divya.reddy752@example.com,21,Female,Mysuru,South,2025-05-29,Inactive
C00753,Emma Miller,emma.miller753@example.com,25,Male,Chennai,South,2025-01-14,Active
C00754,Daniel Sharma,daniel.sharma754@example.com,45,Other,Amritsar,North,2024-08-15,Active
C00755,Kavya Mehta,kavya.mehta755@example.com,25,Other,Hyderabad,South,2024-07-06,Active
C00756,Karan Rao,karan.rao756@example.com,61,Other,Chennai,South,2025-01-20,Inactive
C00757,Sanjay Smith,sanjay.smith757@example.com,39,Male,Kochi,South,2024-02-11,Active
C00758,Sneha Davis,sneha.davis758@example.com,36,Other,Dehradun,North,2023-06-19,Active
C00759,Priya Verma,priya.verma759@example.com,26,Other,Kochi,South,2024-08-02,Active
C00760,Emma Brown,emma.brown760@example.com,42,Female,Mysuru,South,2023-02-11,Active
C00761,Arjun Mehta,arjun.mehta761@example.com,29,Female,Pune,West,2023-08-28,Active
C00762,Mia Das,mia.das762@example.com,36,Female,Coimbatore,South,2024-04-25,Inactive
C00763,Daniel Iyer,daniel.iyer763@example.com,60,Male,Delhi,North,2024-12-21,Inactive
C00764,Varun Johnson,varun.johnson764@example.com,34,Other,Patna,East,2023-06-28,Active
C00765,Varun Miller,varun.miller765@example.com,46,Male,Ahmedabad,West,2024-06-13,Active
C00766,Karan Das,karan.das766@example.com,27,Female,Coimbatore,South,2024-05-13,Active
C00767,David Singh,david.singh767@example.com,34,Female,Amritsar,North,2023-06-19,Active
C00768,Rahul Verma,rahul.verma768@example.com,52,Male,Bhubaneswar,East,2024-01-06,Active
C00769,Sneha Kapoor,sneha.kapoor769@example.com,28,Female,Dehradun,North,2025-01-07,Active
C00770,Rohan Williams,rohan.williams770@example.com,53,Male,Surat,West,2024-10-24,Inactive
C00771,Aanya Singh,aanya.singh771@example.com,42,Other,Jaipur,North,2024-08-29,Active
C00772,Rahul Patel,rahul.patel772@example.com,29,Male,Amritsar,North,2023-09-22,Inactive
C00773,Varun Miller,varun.miller773@example.com,41,Male,Goa,West,2025-06-18,Active
C00774,Rohan Malhotra,rohan.malhotra774@example.com,44,Other,Kolkata,East,2024-04-27,Inactive
C00775,William Kapoor,william.kapoor775@example.com,41,Other,Bengaluru,South,2023-05-27,Active
C00776,Olivia Smith,olivia.smith776@example.com,19,Female,Coimbatore,South,2023-06-21,Active
C00777,Divya Williams,divya.williams777@example.com,27,Male,Ranchi,East,2023-08-24,Active
C00778,Aarav Gupta,aarav.gupta778@example.com,32,Other,Hyderabad,South,2025-05-30,Inactive
C00779,Divya Kumar,divya.kumar779@example.com,34,Male,Pune,West,2024-05-02,Inactive
C00780,Sanjay Anderson,sanjay.anderson780@example.com,41,Male,Amritsar,North,2023-04-06,Active
C00781,Kavya Sharma,kavya.sharma781@example.com,36,Other,Coimbatore,South,2024-10-26,Active
C00782,Isabella Patel,isabella.patel782@example.com,21,Other,Ahmedabad,West,2024-06-26,Active
C00783,Ishita Williams,ishita.williams783@example.com,38,Other,Surat,West,2025-02-18,Inactive
C00784,Rahul Mehta,rahul.mehta784@example.com,41,Female,Chandigarh,North,2025-02-23,Active
C00785,Divya Johnson,divya.johnson785@example.com,40,Female,Lucknow,North,2023-09-21,Active
C00786,Sanjay Kumar,sanjay.kumar786@example.com,45,Other,Amritsar,North,2023-01-08,Active
C00787,Sophia Iyer,sophia.iyer787@example.com,43,Female,Mysuru,South,2024-01-06,Active
C00788,Varun Mehta,varun.mehta788@example.com,39,Female,Nagpur,West,2025-05-25,Active
C00789,Vikram Wilson,vikram.wilson789@example.com,34,Female,Guwahati,East,2025-02-12,Active
C00790,Ishita Johnson,ishita.johnson790@example.com,18,Other,Pune,West,2024-05-10,Active
C00791,Ishita Anderson,ishita.anderson791@example.com,39,Other,Guwahati,East,2024-02-12,Active
C00792,Sneha Malhotra,sneha.malhotra792@example.com,37,Other,Dehradun,North,2023-06-15,Active
C00793,Sophia Johnson,sophia.johnson793@example.com,37,Other,Ahmedabad,West,2024-12-14,Active
C00794,Karan Miller,karan.miller794@example.com,22,Male,Jaipur,North,2025-04-03,Active
C00795,Mia Davis,mia.davis795@example.com,24,Female,Kochi,South,2023-04-01,Active
C00796,Arjun Davis,arjun.davis796@example.com,45,Male,Chennai,South,2025-01-11,Active
C00797,Daniel Smith,daniel.smith797@example.com,34,Female,Goa,West,2024-12-29,Inactive
C00798,Daniel Brown,daniel.brown798@example.com,41,Female,Jaipur,North,2023-01-11,Active
C00799,Aanya Davis,aanya.davis799@example.com,35,Other,Bhubaneswar,East,2024-06-12,Active
C00800,Aanya Das,aanya.das800@example.com,35,Male,Mysuru,South,2024-11-01,Active
C00801,Vikram Anderson,vikram.anderson801@example.com,44,Female,Hyderabad,South,2023-12-28,Active
C00802,Rohan Smith,rohan.smith802@example.com,29,Male,Goa,West,2025-01-24,Active
C00803,Neha Taylor,neha.taylor803@example.com,35,Other,Amritsar,North,2024-08-19,Active
C00804,Divya Gupta,divya.gupta804@example.com,30,Female,Bhubaneswar,East,2024-02-18,Active
C00805,Meera Smith,meera.smith805@example.com,30,Male,Bhubaneswar,East,2024-07-26,Active
C00806,Ananya Smith,ananya.smith806@example.com,31,Female,Patna,East,2025-06-16,Active
C00807,Karan Williams,karan.williams807@example.com,37,Female,Ranchi,East,2025-02-27,Active
C00808,Olivia Malhotra,olivia.malhotra808@example.com,30,Other,Ranchi,East,2025-06-01,Active
C00809,Arjun Joshi,arjun.joshi809@example.com,47,Other,Lucknow,North,2025-03-18,Inactive
C00810,Meera Das,meera.das810@example.com,26,Other,Chennai,South,2024-07-02,Active
C00811,Neha Reddy,neha.reddy811@example.com,33,Female,Bhubaneswar,East,2024-11-20,Active
C00812,Kavya Verma,kavya.verma812@example.com,30,Female,Kolkata,East,2023-11-18,Active
C00813,Emma Wilson,emma.wilson813@example.com,49,Male,Bhubaneswar,East,2024-05-25,Active
C00814,Sneha Mehta,sneha.mehta814@example.com,36,Male,Mysuru,South,2023-08-23,Active
C00815,Ishita Singh,ishita.singh815@example.com,45,Male,Coimbatore,South,2023-05-03,Inactive
C00816,Aarav Anderson,aarav.anderson816@example.com,20,Other,Goa,West,2023-02-13,Inactive
C00817,Aditya Brown,aditya.brown817@example.com,37,Other,Guwahati,East,2025-06-08,Active
C00818,Vikram Joshi,vikram.joshi818@example.com,43,Male,Coimbatore,South,2025-02-07,Active
C00819,Sophia Kapoor,sophia.kapoor819@example.com,35,Female,Amritsar,North,2024-07-07,Active
C00820,Isabella Wilson,isabella.wilson820@example.com,45,Male,Ranchi,East,2024-04-13,Inactive
C00821,James Sharma,james.sharma821@example.com,29,Male,Ahmedabad,West,2024-11-21,Active
C00822,Ishita Davis,ishita.davis822@example.com,49,Female,Lucknow,North,2023-07-11,Active
C00823,Pooja Davis,pooja.davis823@example.com,57,Female,Chennai,South,2024-01-10,Active
C00824,Meera Moore,meera.moore824@example.com,31,Female,Pune,West,2024-01-09,Inactive
C00825,Priya Williams,priya.williams825@example.com,30,Male,Ranchi,East,2024-08-12,Active
C00826,Vikram Rao,vikram.rao826@example.com,49,Other,Dehradun,North,2024-03-18,Inactive
C00827,Sophia Taylor,sophia.taylor827@example.com,50,Male,Bengaluru,South,2024-04-29,Active
C00828,Pooja Singh,pooja.singh828@example.com,29,Other,Kochi,South,2024-06-13,Active
C00829,Neha Mehta,neha.mehta829@example.com,30,Other,Ranchi,East,2025-05-29,Active
C00830,James Verma,james.verma830@example.com,32,Male,Mumbai,West,2023-08-09,Active
C00831,Ananya Malhotra,ananya.malhotra831@example.com,21,Other,Nagpur,West,2023-12-09,Active
C00832,Kavya Mehta,kavya.mehta832@example.com,25,Female,Guwahati,East,2023-01-21,Active
C00833,Rohan Williams,rohan.williams833@example.com,24,Other,Guwahati,East,2024-10-27,Active
C00834,Ishita Iyer,ishita.iyer834@example.com,27,Other,Chennai,South,2024-06-06,Active
C00835,Karan Davis,karan.davis835@example.com,34,Female,Mumbai,West,2024-04-19,Active
C00836,Daniel Iyer,daniel.iyer836@example.com,37,Female,Bengaluru,South,2024-10-08,Active
C00837,Arjun Verma,arjun.verma837@example.com,50,Female,Mumbai,West,2023-08-22,Active
C00838,Divya Miller,divya.miller838@example.com,25,Female,Patna,East,2023-10-05,Inactive
C00839,Sanjay Malhotra,sanjay.malhotra839@example.com,44,Female,Guwahati,East,2023-06-21,Active
C00840,Emma Rao,emma.rao840@example.com,32,Other,Jaipur,North,2023-09-15,Inactive
C00841,Priya Joshi,priya.joshi841@example.com,34,Male,Jaipur,North,2023-04-08,Active
C00842,Aanya Sharma,aanya.sharma842@example.com,41,Female,Goa,West,2024-06-20,Active
C00843,Vikram Davis,vikram.davis843@example.com,23,Male,Delhi,North,2023-03-28,Active
C00844,Sneha Rao,sneha.rao844@example.com,38,Other,Ahmedabad,West,2023-10-18,Active
C00845,Sanjay Verma,sanjay.verma845@example.com,36,Male,Bengaluru,South,2023-02-05,Active
C00846,Nikhil Johnson,nikhil.johnson846@example.com,39,Female,Ranchi,East,2024-07-15,Active
C00847,Divya Malhotra,divya.malhotra847@example.com,37,Other,Coimbatore,South,2025-02-05,Active
C00848,Daniel Miller,daniel.miller848@example.com,59,Other,Goa,West,2023-11-14,Inactive
C00849,Sneha Reddy,sneha.reddy849@example.com,28,Female,Goa,West,2023-11-12,Active
C00850,Neha Sharma,neha.sharma850@example.com,29,Male,Bhubaneswar,East,2024-06-19,Active
C00851,Neha Brown,neha.brown851@example.com,28,Other,Chennai,South,2023-01-09,Active
C00852,Neha Sharma,neha.sharma852@example.com,29,Female,Surat,West,2025-03-28,Active
C00853,Kavya Das,kavya.das853@example.com,28,Male,Hyderabad,South,2024-02-26,Inactive
C00854,Sneha Verma,sneha.verma854@example.com,46,Other,Surat,West,2025-01-24,Active
C00855,Vikram Reddy,vikram.reddy855@example.com,49,Female,Pune,West,2024-10-02,Active
C00856,Daniel Taylor,daniel.taylor856@example.com,29,Other,Patna,East,2025-04-08,Active
C00857,Priya Singh,priya.singh857@example.com,26,Female,Hyderabad,South,2023-04-24,Active
C00858,James Davis,james.davis858@example.com,39,Female,Ahmedabad,West,2023-07-12,Active
C00859,Kavya Sharma,kavya.sharma859@example.com,29,Male,Hyderabad,South,2023-04-15,Active
C00860,Nikhil Taylor,nikhil.taylor860@example.com,41,Male,Mysuru,South,2023-08-27,Active
C00861,Rohan Iyer,rohan.iyer861@example.com,37,Female,Chandigarh,North,2023-11-16,Active
C00862,Nikhil Moore,nikhil.moore862@example.com,19,Male,Ahmedabad,West,2023-12-05,Active
C00863,Vikram Anderson,vikram.anderson863@example.com,50,Female,Hyderabad,South,2023-03-15,Active
C00864,David Mehta,david.mehta864@example.com,52,Female,Bengaluru,South,2025-04-28,Active
C00865,Michael Malhotra,michael.malhotra865@example.com,28,Male,Kochi,South,2025-01-25,Inactive
C00866,Emma Anderson,emma.anderson866@example.com,31,Male,Kochi,South,2024-06-17,Active
C00867,Karan Wilson,karan.wilson867@example.com,37,Female,Kochi,South,2023-11-27,Active
C00868,Mia Johnson,mia.johnson868@example.com,38,Other,Dehradun,North,2023-05-06,Active
C00869,Ishita Patel,ishita.patel869@example.com,41,Other,Bhubaneswar,East,2023-08-12,Inactive
C00870,Meera Iyer,meera.iyer870@example.com,55,Male,Mysuru,South,2023-06-21,Active
C00871,Sophia Rao,sophia.rao871@example.com,33,Male,Chandigarh,North,2023-02-13,Active
C00872,Divya Singh,divya.singh872@example.com,27,Female,Nagpur,West,2025-02-28,Active
C00873,Arjun Wilson,arjun.wilson873@example.com,21,Other,Kochi,South,2023-12-13,Inactive
C00874,Ishita Miller,ishita.miller874@example.com,27,Male,Delhi,North,2024-12-19,Active
C00875,Pooja Rao,pooja.rao875@example.com,34,Female,Jaipur,North,2024-07-25,Active
C00876,Emma Gupta,emma.gupta876@example.com,52,Male,Ranchi,East,2024-12-06,Active
C00877,David Patel,david.patel877@example.com,29,Female,Chennai,South,2024-12-24,Active
C00878,James Brown,james.brown878@example.com,37,Male,Guwahati,East,2024-08-03,Active
C00879,Emma Malhotra,emma.malhotra879@example.com,34,Female,Patna,East,2025-06-07,Inactive
C00880,Sanjay Singh,sanjay.singh880@example.com,46,Female,Hyderabad,South,2023-10-30,Active
C00881,Aarav Anderson,aarav.anderson881@example.com,60,Other,Ranchi,East,2024-06-02,Active
C00882,Divya Das,,29,Other,Hyderabad,South,2023-09-02,Active
C00883,Kavya Joshi,kavya.joshi883@example.com,30,Male,Dehradun,North,2024-06-20,Active
C00884,Neha Iyer,neha.iyer884@example.com,45,Female,Coimbatore,South,2024-10-18,Active
C00885,Olivia Reddy,olivia.reddy885@example.com,41,Male,Amritsar,North,2025-05-05,Inactive
C00886,Rohan Kumar,rohan.kumar886@example.com,53,Female,Hyderabad,South,2023-07-16,Active
C00887,Pooja Smith,pooja.smith887@example.com,40,Other,Nagpur,West,2024-12-19,Active
C00888,Sneha Davis,sneha.davis888@example.com,31,Other,Lucknow,North,2023-03-14,Active
C00889,Pooja Reddy,pooja.reddy889@example.com,40,Female,Mysuru,South,2025-03-31,Active
C00890,Emma Kapoor,emma.kapoor890@example.com,46,Female,Guwahati,East,2025-03-24,Active
C00891,Aanya Taylor,aanya.taylor891@example.com,43,Male,Guwahati,East,2025-05-04,Active
C00892,Ananya Kumar,ananya.kumar892@example.com,40,Other,Coimbatore,South,2023-08-25,Active
C00893,Sanjay Wilson,sanjay.wilson893@example.com,45,Male,Bengaluru,South,2024-08-06,Active
C00894,Emma Johnson,emma.johnson894@example.com,46,Female,Coimbatore,South,2025-02-03,Active
C00895,James Wilson,james.wilson895@example.com,48,Female,Ranchi,East,2025-06-23,Active
C00896,Karan Smith,karan.smith896@example.com,41,Female,Coimbatore,South,2024-11-04,Active
C00897,David Iyer,david.iyer897@example.com,33,Other,Ahmedabad,West,2023-11-29,Inactive
C00898,Meera Taylor,meera.taylor898@example.com,36,Female,Nagpur,West,2024-09-15,Active
C00899,Michael Johnson,michael.johnson899@example.com,47,Other,Kochi,South,2023-09-18,Active
C00900,Karan Sharma,karan.sharma900@example.com,26,Other,Surat,West,2023-02-05,Inactive
C00901,Rahul Nair,rahul.nair901@example.com,38,Male,Amritsar,North,2023-11-04,Inactive
C00902,Aarav Anderson,aarav.anderson902@example.com,31,Other,Chennai,South,2025-04-22,Active
C00903,Aanya Malhotra,aanya.malhotra903@example.com,35,Female,Hyderabad,South,2023-06-09,Active
C00904,Sneha Rao,sneha.rao904@example.com,47,Female,Guwahati,East,2025-04-10,Active
C00905,Mia Gupta,mia.gupta905@example.com,36,Other,Goa,West,2023-03-21,Active
C00906,Pooja Moore,pooja.moore906@example.com,35,Other,Pune,West,2024-08-13,Active
C00907,Daniel Nair,daniel.nair907@example.com,21,Male,Amritsar,North,2025-01-18,Active
C00908,Michael Patel,michael.patel908@example.com,42,Female,Mumbai,West,2023-12-23,Inactive
C00909,Mia Kumar,mia.kumar909@example.com,41,Male,Surat,West,2025-02-04,Active
C00910,Michael Miller,michael.miller910@example.com,56,Female,Dehradun,North,2023-02-25,Active
C00911,Kavya Williams,kavya.williams911@example.com,31,Male,Lucknow,North,2023-12-01,Active
C00912,Aanya Wilson,aanya.wilson912@example.com,37,Other,Bengaluru,South,2024-02-07,Inactive
C00913,Meera Nair,meera.nair913@example.com,37,Female,Jaipur,North,2023-06-01,Active
C00914,Varun Taylor,varun.taylor914@example.com,50,Male,Chandigarh,North,2024-07-15,Active
C00915,Sanjay Kapoor,sanjay.kapoor915@example.com,34,Other,Chandigarh,North,2023-05-14,Active
C00916,Rohan Brown,rohan.brown916@example.com,37,Female,Goa,West,2024-10-29,Active
C00917,Arjun Mehta,arjun.mehta917@example.com,41,Female,Bengaluru,South,2023-11-28,Active
C00918,Olivia Kapoor,olivia.kapoor918@example.com,36,Female,Delhi,North,2024-01-10,Active
C00919,Divya Miller,divya.miller919@example.com,30,Male,Patna,East,2025-02-27,Active
C00920,William Malhotra,william.malhotra920@example.com,36,Other,Guwahati,East,2023-05-30,Active
C00921,Olivia Das,olivia.das921@example.com,45,Male,Bengaluru,South,2025-02-14,Active
C00922,Emma Patel,emma.patel922@example.com,24,Male,Delhi,North,2024-09-27,Inactive
C00923,Aditya Moore,aditya.moore923@example.com,36,Male,Kolkata,East,2023-11-09,Active
C00924,Rohan Taylor,rohan.taylor924@example.com,27,Other,Lucknow,North,2023-08-05,Active
C00925,Pooja Davis,pooja.davis925@example.com,46,Other,Guwahati,East,2023-05-25,Active
C00926,Varun Wilson,varun.wilson926@example.com,19,Other,Chandigarh,North,2023-02-14,Active
C00927,Rohan Moore,rohan.moore927@example.com,29,Other,Lucknow,North,2023-10-05,Active
C00928,Karan Wilson,karan.wilson928@example.com,38,Female,Delhi,North,2024-11-09,Inactive
C00929,Aarav Nair,aarav.nair929@example.com,50,Other,Kolkata,East,2024-01-31,Active
C00930,James Kumar,james.kumar930@example.com,34,Female,Goa,West,2024-05-11,Inactive
C00931,Rohan Smith,rohan.smith931@example.com,29,Female,Jaipur,North,2024-07-28,Inactive
C00932,Sneha Smith,sneha.smith932@example.com,53,Female,Delhi,North,2023-12-08,Active
C00933,Ishita Wilson,ishita.wilson933@example.com,20,Female,Hyderabad,South,2023-12-30,Active
C00934,Vikram Patel,vikram.patel934@example.com,18,Other,Coimbatore,South,2023-09-21,Inactive
C00935,Vikram Rao,vikram.rao935@example.com,39,Male,Amritsar,North,2023-12-16,Inactive
C00936,Emma Joshi,emma.joshi936@example.com,29,Other,Hyderabad,South,2024-11-25,Active
C00937,Sneha Williams,sneha.williams937@example.com,24,Male,Kochi,South,2024-03-12,Inactive
C00938,Kavya Singh,kavya.singh938@example.com,42,Male,Ranchi,East,2024-10-30,Active
C00939,Neha Moore,neha.moore939@example.com,37,Other,Bengaluru,South,2024-06-20,Inactive
C00940,Daniel Williams,daniel.williams940@example.com,29,Male,Pune,West,2023-11-22,Active
C00941,Aditya Singh,aditya.singh941@example.com,22,Other,Jaipur,North,2023-01-31,Active
C00942,Neha Malhotra,neha.malhotra942@example.com,43,Other,Surat,West,2025-04-21,Inactive
C00943,Michael Gupta,michael.gupta943@example.com,41,Male,Bhubaneswar,East,2023-05-15,Active
C00944,Varun Davis,varun.davis944@example.com,34,Male,Guwahati,East,2024-09-02,Active
C00945,Arjun Moore,arjun.moore945@example.com,53,Female,Lucknow,North,2023-05-18,Active
C00946,Daniel Das,daniel.das946@example.com,24,Male,Nagpur,West,2025-05-22,Active
C00947,Priya Gupta,priya.gupta947@example.com,19,Male,Pune,West,2023-02-03,Active
C00948,Meera Rao,meera.rao948@example.com,28,Other,Lucknow,North,2024-11-18,Inactive
C00949,Priya Malhotra,priya.malhotra949@example.com,34,Other,Hyderabad,South,2024-05-16,Active
C00950,Meera Joshi,meera.joshi950@example.com,37,Male,Pune,West,2024-09-14,Active
C00951,Aditya Joshi,aditya.joshi951@example.com,32,Other,Nagpur,West,2025-01-30,Active
C00952,Ananya Malhotra,ananya.malhotra952@example.com,38,Female,Amritsar,North,2025-04-26,Inactive
C00953,Kavya Joshi,kavya.joshi953@example.com,22,Other,Coimbatore,South,2023-02-10,Active
C00954,Neha Malhotra,neha.malhotra954@example.com,49,Female,Jaipur,North,2025-06-24,Active
C00955,Priya Kapoor,priya.kapoor955@example.com,34,Female,Ranchi,East,2024-09-19,Inactive
C00956,William Miller,william.miller956@example.com,46,Female,Kochi,South,2023-04-03,Active
C00957,Michael Williams,michael.williams957@example.com,38,Other,Jaipur,North,2024-07-13,Active
C00958,Nikhil Sharma,nikhil.sharma958@example.com,39,Male,Ahmedabad,West,2024-04-09,Active
C00959,Arjun Mehta,arjun.mehta959@example.com,40,Female,Kochi,South,2024-12-09,Active
C00960,Emma Kumar,emma.kumar960@example.com,39,Male,Mysuru,South,2023-04-27,Active
C00961,Sanjay Moore,sanjay.moore961@example.com,41,Female,Kolkata,East,2025-01-14,Active
C00962,Kavya Joshi,kavya.joshi962@example.com,48,Male,Kochi,South,2025-02-25,Active
C00963,Isabella Wilson,isabella.wilson963@example.com,36,Male,Guwahati,East,2023-06-16,Inactive
C00964,Aanya Kapoor,aanya.kapoor964@example.com,42,Female,Mysuru,South,2023-11-13,Active
C00965,Daniel Verma,daniel.verma965@example.com,34,Male,Ahmedabad,West,2023-05-15,Inactive
C00966,Michael Mehta,michael.mehta966@example.com,49,Male,Amritsar,North,2024-04-14,Active
C00967,Sophia Sharma,sophia.sharma967@example.com,28,Other,Goa,West,2025-06-22,Active
C00968,Olivia Brown,olivia.brown968@example.com,53,Female,Coimbatore,South,2024-02-24,Active
C00969,David Johnson,david.johnson969@example.com,34,Female,Jaipur,North,2024-09-26,Active
C00970,Priya Singh,priya.singh970@example.com,20,Male,Hyderabad,South,2024-10-30,Active
C00971,Olivia Williams,olivia.williams971@example.com,36,Other,Hyderabad,South,2023-11-02,Active
C00972,Ananya Kapoor,ananya.kapoor972@example.com,28,Male,Delhi,North,2023-06-15,Active
C00973,Emma Williams,emma.williams973@example.com,43,Female,Kochi,South,2023-02-06,Active
C00974,Ishita Joshi,ishita.joshi974@example.com,28,Male,Patna,East,2025-02-15,Active
C00975,Pooja Singh,pooja.singh975@example.com,30,Male,Lucknow,North,2024-12-12,Inactive
C00976,Meera Smith,meera.smith976@example.com,18,Male,Guwahati,East,2024-12-13,Active
C00977,Varun Taylor,varun.taylor977@example.com,30,Other,Delhi,North,2024-06-25,Inactive
C00978,James Davis,james.davis978@example.com,18,Other,Nagpur,West,2023-10-22,Active
C00979,Sanjay Williams,sanjay.williams979@example.com,19,Other,Patna,East,2023-12-29,Inactive
C00980,Emma Miller,emma.miller980@example.com,42,Female,Goa,West,2024-05-19,Active
C00981,Neha Gupta,neha.gupta981@example.com,42,Male,Mysuru,South,2023-05-02,Active
C00982,Isabella Gupta,isabella.gupta982@example.com,39,Other,Dehradun,North,2024-02-29,Active
C00983,Kavya Miller,kavya.miller983@example.com,25,Male,Patna,East,2023-01-12,Active
C00984,Sophia Reddy,sophia.reddy984@example.com,34,Female,Patna,East,2023-11-04,Active
C00985,Ananya Wilson,ananya.wilson985@example.com,34,Female,Kolkata,East,2023-12-16,Active
C00986,Rohan Iyer,rohan.iyer986@example.com,23,Female,Jaipur,North,2024-11-19,Active
C00987,Daniel Singh,daniel.singh987@example.com,50,Female,Mumbai,West,2023-06-09,Active
C00988,Sophia Kapoor,sophia.kapoor988@example.com,43,Other,Ranchi,East,2023-02-27,Inactive
C00989,Emma Wilson,emma.wilson989@example.com,32,Female,Guwahati,East,2024-07-22,Active
C00990,Olivia Iyer,olivia.iyer990@example.com,35,Female,Coimbatore,South,2023-03-09,Inactive
C00991,Aditya Joshi,aditya.joshi991@example.com,37,Other,Kolkata,East,2024-07-01,Inactive
C00992,Divya Kumar,divya.kumar992@example.com,18,Female,Pune,West,2024-12-23,Inactive
C00993,Meera Reddy,meera.reddy993@example.com,32,Female,Lucknow,North,2025-06-17,Active
C00994,Rohan Smith,rohan.smith994@example.com,28,Female,Ahmedabad,West,2023-06-29,Active
C00995,Mia Reddy,mia.reddy995@example.com,24,Female,Jaipur,North,2024-06-02,Active
C00996,Rahul Gupta,rahul.gupta996@example.com,32,Female,Goa,West,2024-05-10,Active
C00997,Rahul Anderson,rahul.anderson997@example.com,52,Male,Patna,East,2025-04-21,Inactive
C00998,Emma Patel,emma.patel998@example.com,41,Female,Bengaluru,South,2024-02-01,Active
C00999,Neha Patel,neha.patel999@example.com,29,Other,Delhi,North,2025-05-18,Active
C01000,Nikhil Patel,nikhil.patel1000@example.com,40,Male,Lucknow,North,2024-06-17,Active
C01001,Varun Anderson,varun.anderson1001@example.com,48,Female,Kolkata,East,2024-10-16,Inactive
C01002,Rohan Nair,rohan.nair1002@example.com,44,Female,Bhubaneswar,East,2024-06-29,Active
C01003,Ananya Mehta,ananya.mehta1003@example.com,35,Male,Nagpur,West,2023-06-11,Active
C01004,Kavya Smith,kavya.smith1004@example.com,28,Male,Amritsar,North,2023-07-31,Active
C01005,Rahul Moore,rahul.moore1005@example.com,41,Female,Patna,East,2024-08-10,Active
C01006,Divya Iyer,,38,Other,Lucknow,North,2024-03-30,Active
C01007,David Wilson,david.wilson1007@example.com,43,Male,Chandigarh,North,2023-04-19,Active
C01008,Karan Verma,karan.verma1008@example.com,41,Other,Chandigarh,North,2024-09-02,Inactive
C01009,Ishita Nair,ishita.nair1009@example.com,45,Female,Goa,West,2025-04-17,Active
C01010,Varun Singh,varun.singh1010@example.com,29,Male,Chandigarh,North,2025-04-12,Active
C01011,Nikhil Nair,nikhil.nair1011@example.com,48,Other,Mumbai,West,2024-10-21,Active
C01012,Sneha Rao,sneha.rao1012@example.com,36,Male,Surat,West,2025-05-31,Inactive
C01013,Karan Verma,karan.verma1013@example.com,55,Other,Patna,East,2024-11-12,Active
C01014,Pooja Sharma,pooja.sharma1014@example.com,28,Male,Ranchi,East,2024-05-01,Active
C01015,Isabella Verma,isabella.verma1015@example.com,52,Female,Surat,West,2025-02-25,Active
C01016,Ananya Joshi,ananya.joshi1016@example.com,36,Other,Coimbatore,South,2025-03-26,Active
C01017,Kavya Malhotra,kavya.malhotra1017@example.com,28,Female,Lucknow,North,2024-08-27,Active
C01018,Priya Brown,priya.brown1018@example.com,30,Female,Coimbatore,South,2023-03-09,Active
C01019,Varun Iyer,varun.iyer1019@example.com,31,Other,Surat,West,2024-12-11,Active
C01020,Mia Moore,mia.moore1020@example.com,39,Other,Dehradun,North,2025-05-06,Active
C01021,Kavya Kumar,kavya.kumar1021@example.com,40,Female,Ahmedabad,West,2023-06-30,Active
C01022,Divya Kumar,divya.kumar1022@example.com,29,Other,Mumbai,West,2025-04-13,Active
C01023,Pooja Miller,pooja.miller1023@example.com,34,Other,Ahmedabad,West,2023-03-04,Active
C01024,David Anderson,david.anderson1024@example.com,56,Other,Coimbatore,South,2025-04-09,Active
C01025,Rahul Malhotra,rahul.malhotra1025@example.com,52,Other,Mysuru,South,2023-10-26,Active
C01026,Rohan Wilson,rohan.wilson1026@example.com,39,Female,Pune,West,2023-11-03,Active
C01027,James Das,james.das1027@example.com,35,Male,Ranchi,East,2024-08-19,Active
C01028,Isabella Nair,isabella.nair1028@example.com,36,Male,Pune,West,2024-01-14,Inactive
C01029,James Johnson,james.johnson1029@example.com,41,Female,Delhi,North,2023-04-23,Inactive
C01030,Meera Moore,meera.moore1030@example.com,24,Other,Jaipur,North,2024-02-08,Active
C01031,Karan Kapoor,karan.kapoor1031@example.com,32,Other,Surat,West,2023-08-05,Active
C01032,Rohan Johnson,rohan.johnson1032@example.com,18,Female,Pune,West,2025-05-13,Inactive
C01033,Neha Wilson,neha.wilson1033@example.com,38,Male,Pune,West,2023-05-18,Active
C01034,Emma Brown,emma.brown1034@example.com,41,Other,Jaipur,North,2024-03-23,Inactive
C01035,Rahul Miller,rahul.miller1035@example.com,30,Female,Hyderabad,South,2025-05-30,Active
C01036,Priya Malhotra,priya.malhotra1036@example.com,50,Other,Goa,West,2024-03-10,Active
C01037,Ishita Rao,ishita.rao1037@example.com,22,Male,Surat,West,2024-03-10,Active
C01038,Sneha Moore,sneha.moore1038@example.com,20,Other,Nagpur,West,2023-10-03,Active
C01039,Aanya Williams,aanya.williams1039@example.com,37,Female,Kolkata,East,2024-12-22,Active
C01040,Arjun Singh,arjun.singh1040@example.com,45,Other,Nagpur,West,2025-01-18,Active
C01041,Sanjay Reddy,sanjay.reddy1041@example.com,51,Other,Ranchi,East,2025-06-30,Active
C01042,Daniel Taylor,daniel.taylor1042@example.com,30,Other,Kochi,South,2024-11-15,Active
C01043,Aanya Iyer,aanya.iyer1043@example.com,45,Other,Guwahati,East,2025-03-08,Active
C01044,David Brown,david.brown1044@example.com,34,Other,Goa,West,2025-01-21,Active
C01045,Neha Verma,neha.verma1045@example.com,33,Male,Patna,East,2024-12-12,Inactive
C01046,Vikram Patel,vikram.patel1046@example.com,43,Other,Guwahati,East,2024-04-29,Active
C01047,Neha Taylor,neha.taylor1047@example.com,41,Other,Dehradun,North,2023-01-28,Active
C01048,Sanjay Reddy,sanjay.reddy1048@example.com,19,Female,Jaipur,North,2023-09-16,Active
C01049,Isabella Mehta,isabella.mehta1049@example.com,49,Male,Patna,East,2025-01-29,Active
C01050,Emma Singh,emma.singh1050@example.com,48,Other,Coimbatore,South,2024-04-02,Active
C01051,Sophia Moore,sophia.moore1051@example.com,28,Male,Chennai,South,2024-05-11,Active
C01052,Arjun Singh,arjun.singh1052@example.com,38,Other,Lucknow,North,2025-04-21,Active
C01053,Michael Joshi,michael.joshi1053@example.com,39,Male,Surat,West,2024-11-07,Active
C01054,Varun Taylor,varun.taylor1054@example.com,37,Female,Bengaluru,South,2023-02-25,Active
C01055,Priya Malhotra,priya.malhotra1055@example.com,29,Female,Delhi,North,2024-05-02,Active
C01056,Olivia Moore,olivia.moore1056@example.com,28,Female,Kochi,South,2024-04-30,Active
C01057,Neha Malhotra,neha.malhotra1057@example.com,34,Female,Mumbai,West,2024-11-25,Active
C01058,Mia Johnson,mia.johnson1058@example.com,46,Other,Delhi,North,2023-12-29,Inactive
C01059,Mia Miller,mia.miller1059@example.com,40,Female,Goa,West,2023-12-10,Active
C01060,Daniel Williams,daniel.williams1060@example.com,31,Female,Lucknow,North,2024-04-17,Active
C01061,Olivia Williams,olivia.williams1061@example.com,42,Male,Mysuru,South,2024-06-16,Active
C01062,Kavya Sharma,kavya.sharma1062@example.com,18,Other,Chennai,South,2023-01-09,Inactive
C01063,Ananya Smith,ananya.smith1063@example.com,46,Male,Chandigarh,North,2024-12-02,Active
C01064,Neha Mehta,neha.mehta1064@example.com,18,Male,Mysuru,South,2023-02-04,Active
C01065,Divya Wilson,divya.wilson1065@example.com,31,Male,Delhi,North,2024-09-05,Active
C01066,Isabella Davis,isabella.davis1066@example.com,23,Male,Delhi,North,2024-01-20,Active
C01067,James Verma,james.verma1067@example.com,22,Female,Hyderabad,South,2023-10-29,Active
C01068,Nikhil Mehta,nikhil.mehta1068@example.com,46,Female,Dehradun,North,2024-12-09,Inactive
C01069,Priya Anderson,priya.anderson1069@example.com,30,Male,Patna,East,2023-10-11,Active
C01070,Aditya Patel,aditya.patel1070@example.com,38,Female,Surat,West,2025-04-12,Active
C01071,Pooja Gupta,pooja.gupta1071@example.com,34,Other,Mumbai,West,2024-02-07,Active
C01072,Rahul Johnson,rahul.johnson1072@example.com,39,Female,Mumbai,West,2023-08-12,Active
C01073,James Mehta,james.mehta1073@example.com,35,Male,Chandigarh,North,2023-02-05,Active
C01074,Aarav Brown,aarav.brown1074@example.com,22,Male,Ranchi,East,2024-10-30,Active
C01075,Karan Mehta,karan.mehta1075@example.com,44,Male,Dehradun,North,2024-12-17,Active
C01076,Aarav Smith,aarav.smith1076@example.com,30,Other,Goa,West,2025-02-28,Active
C01077,Isabella Taylor,isabella.taylor1077@example.com,19,Male,Surat,West,2024-07-07,Active
C01078,William Anderson,william.anderson1078@example.com,30,Female,Nagpur,West,2023-05-05,Active
C01079,Olivia Nair,olivia.nair1079@example.com,50,Female,Patna,East,2023-02-26,Active
C01080,Kavya Iyer,kavya.iyer1080@example.com,43,Male,Lucknow,North,2025-05-11,Active
C01081,Priya Johnson,priya.johnson1081@example.com,31,Male,Bhubaneswar,East,2024-01-29,Active
C01082,David Kumar,david.kumar1082@example.com,31,Other,Ranchi,East,2024-12-06,Active
C01083,Nikhil Taylor,nikhil.taylor1083@example.com,31,Male,Dehradun,North,2023-05-24,Active
C01084,Varun Rao,varun.rao1084@example.com,55,Female,Dehradun,North,2024-02-03,Active
C01085,Kavya Malhotra,kavya.malhotra1085@example.com,38,Male,Ranchi,East,2023-02-07,Active
C01086,Karan Kumar,karan.kumar1086@example.com,39,Male,Kolkata,East,2025-04-06,Active
C01087,Isabella Johnson,isabella.johnson1087@example.com,45,Male,Nagpur,West,2025-01-28,Active
C01088,Emma Singh,emma.singh1088@example.com,37,Female,Delhi,North,2024-10-31,Active
C01089,James Miller,james.miller1089@example.com,32,Male,Jaipur,North,2023-01-15,Active
C01090,William Kumar,william.kumar1090@example.com,33,Female,Lucknow,North,2024-09-17,Active
C01091,Ananya Brown,ananya.brown1091@example.com,34,Other,Delhi,North,2025-03-29,Active
C01092,Meera Iyer,meera.iyer1092@example.com,34,Other,Jaipur,North,2024-11-25,Active
C01093,Varun Johnson,varun.johnson1093@example.com,42,Male,Dehradun,North,2023-11-26,Inactive
C01094,Varun Verma,varun.verma1094@example.com,35,Female,Hyderabad,South,2023-03-06,Active
C01095,Priya Moore,priya.moore1095@example.com,42,Female,Kochi,South,2024-07-20,Active
C01096,Aanya Singh,aanya.singh1096@example.com,34,Male,Coimbatore,South,2025-03-21,Inactive
C01097,Aarav Brown,aarav.brown1097@example.com,35,Male,Pune,West,2023-01-07,Active
C01098,Daniel Williams,daniel.williams1098@example.com,18,Female,Dehradun,North,2024-03-02,Active
C01099,Rahul Gupta,rahul.gupta1099@example.com,44,Male,Nagpur,West,2024-10-17,Active
C01100,Sneha Verma,sneha.verma1100@example.com,38,Other,Surat,West,2024-12-09,Active
C01101,Pooja Davis,pooja.davis1101@example.com,44,Male,Mysuru,South,2024-10-04,Inactive
C01102,Meera Sharma,meera.sharma1102@example.com,18,Other,Patna,East,2023-08-30,Active
C01103,Ishita Anderson,ishita.anderson1103@example.com,55,Other,Amritsar,North,2024-06-03,Active
C01104,Aanya Gupta,aanya.gupta1104@example.com,33,Male,Chennai,South,2025-03-26,Active
C01105,Priya Verma,priya.verma1105@example.com,46,Other,Surat,West,2023-02-14,Active
C01106,Rohan Kapoor,rohan.kapoor1106@example.com,24,Female,Patna,East,2023-12-09,Active
C01107,Ananya Taylor,ananya.taylor1107@example.com,41,Male,Mumbai,West,2024-07-04,Active
C01108,Sanjay Kumar,sanjay.kumar1108@example.com,24,Male,Chandigarh,North,2023-08-29,Active
C01109,Rohan Taylor,rohan.taylor1109@example.com,28,Other,Ranchi,East,2023-11-30,Active
C01110,Sneha Kumar,sneha.kumar1110@example.com,54,Male,Lucknow,North,2025-01-25,Active
C01111,David Rao,david.rao1111@example.com,33,Male,Kochi,South,2024-04-27,Active
C01112,Rahul Gupta,rahul.gupta1112@example.com,37,Other,Chandigarh,North,2024-04-10,Active
C01113,Nikhil Taylor,nikhil.taylor1113@example.com,43,Male,Bhubaneswar,East,2024-10-09,Active
C01114,Aditya Singh,aditya.singh1114@example.com,39,Male,Bhubaneswar,East,2024-12-09,Active
C01115,Ananya Malhotra,ananya.malhotra1115@example.com,36,Female,Bhubaneswar,East,2024-03-04,Active
C01116,David Nair,david.nair1116@example.com,38,Other,Bhubaneswar,East,2023-06-10,Active
C01117,Kavya Rao,kavya.rao1117@example.com,59,Male,Coimbatore,South,2024-02-26,Inactive
C01118,Varun Brown,varun.brown1118@example.com,34,Female,Pune,West,2023-10-13,Active
C01119,Isabella Rao,isabella.rao1119@example.com,37,Male,Nagpur,West,2023-12-02,Active
C01120,Rahul Williams,rahul.williams1120@example.com,45,Male,Coimbatore,South,2024-03-03,Inactive
C01121,Emma Anderson,emma.anderson1121@example.com,46,Other,Chandigarh,North,2023-02-04,Active
C01122,Sophia Moore,sophia.moore1122@example.com,46,Male,Surat,West,2024-04-08,Active
C01123,Michael Sharma,michael.sharma1123@example.com,41,Other,Amritsar,North,2025-01-19,Active
C01124,Ishita Nair,ishita.nair1124@example.com,23,Male,Bengaluru,South,2024-10-25,Inactive
C01125,Olivia Nair,olivia.nair1125@example.com,51,Male,Chandigarh,North,2024-12-21,Active
C01126,Nikhil Anderson,nikhil.anderson1126@example.com,23,Male,Chandigarh,North,2025-06-14,Active
C01127,Daniel Malhotra,daniel.malhotra1127@example.com,38,Other,Chennai,South,2024-10-10,Active
C01128,David Moore,david.moore1128@example.com,27,Female,Chandigarh,North,2024-06-27,Active
C01129,James Davis,james.davis1129@example.com,34,Other,Ahmedabad,West,2024-08-12,Active
C01130,David Iyer,david.iyer1130@example.com,38,Other,Amritsar,North,2023-02-26,Active
C01131,Ananya Joshi,ananya.joshi1131@example.com,38,Female,Kolkata,East,2024-04-21,Active
C01132,Priya Miller,priya.miller1132@example.com,39,Other,Patna,East,2024-12-22,Active
C01133,Aditya Rao,aditya.rao1133@example.com,51,Other,Bengaluru,South,2023-04-27,Active
C01134,Michael Rao,michael.rao1134@example.com,39,Female,Mysuru,South,2023-12-28,Inactive
C01135,Aanya Reddy,aanya.reddy1135@example.com,32,Female,Ahmedabad,West,2023-12-20,Active
C01136,James Johnson,james.johnson1136@example.com,44,Other,Chandigarh,North,2025-04-25,Active
C01137,Divya Das,divya.das1137@example.com,46,Other,Ranchi,East,2024-12-10,Active
C01138,David Malhotra,david.malhotra1138@example.com,22,Male,Jaipur,North,2023-03-24,Active
C01139,Arjun Kumar,arjun.kumar1139@example.com,40,Male,Chennai,South,2023-10-10,Active
C01140,Rahul Gupta,rahul.gupta1140@example.com,42,Other,Kochi,South,2024-10-04,Active
C01141,Kavya Singh,kavya.singh1141@example.com,32,Female,Nagpur,West,2023-12-22,Active
C01142,Rohan Reddy,rohan.reddy1142@example.com,48,Male,Lucknow,North,2025-06-11,Active
C01143,Varun Iyer,varun.iyer1143@example.com,33,Other,Ranchi,East,2024-10-23,Active
C01144,Olivia Moore,olivia.moore1144@example.com,36,Other,Goa,West,2025-05-12,Active
C01145,Varun Singh,varun.singh1145@example.com,33,Female,Ahmedabad,West,2023-06-25,Active
C01146,Ishita Nair,ishita.nair1146@example.com,35,Male,Kochi,South,2023-06-01,Active
C01147,Divya Verma,divya.verma1147@example.com,24,Other,Pune,West,2024-07-02,Active
C01148,James Wilson,james.wilson1148@example.com,20,Male,Mysuru,South,2023-06-15,Active
C01149,Varun Singh,varun.singh1149@example.com,50,Female,Lucknow,North,2023-09-24,Active
C01150,James Patel,james.patel1150@example.com,26,Other,Coimbatore,South,2023-11-21,Inactive
C01151,Nikhil Johnson,nikhil.johnson1151@example.com,25,Male,Chennai,South,2024-06-30,Active
C01152,Mia Brown,mia.brown1152@example.com,18,Male,Chandigarh,North,2024-04-14,Inactive
C01153,Emma Johnson,emma.johnson1153@example.com,28,Other,Hyderabad,South,2023-12-06,Active
C01154,David Nair,david.nair1154@example.com,21,Other,Ranchi,East,2024-11-13,Active
C01155,James Kumar,james.kumar1155@example.com,51,Other,Ahmedabad,West,2024-05-05,Inactive
C01156,Kavya Kumar,kavya.kumar1156@example.com,45,Female,Mysuru,South,2023-01-26,Active
C01157,Ishita Reddy,ishita.reddy1157@example.com,28,Female,Kochi,South,2023-02-26,Active
C01158,Sanjay Rao,sanjay.rao1158@example.com,57,Female,Coimbatore,South,2023-07-20,Active
C01159,Olivia Reddy,olivia.reddy1159@example.com,44,Other,Nagpur,West,2024-02-08,Active
C01160,Divya Smith,divya.smith1160@example.com,31,Male,Guwahati,East,2024-11-13,Active
C01161,Isabella Kapoor,isabella.kapoor1161@example.com,18,Female,Mysuru,South,2024-01-31,Active
C01162,Ishita Nair,ishita.nair1162@example.com,57,Female,Patna,East,2025-06-14,Active
C01163,David Malhotra,david.malhotra1163@example.com,21,Other,Mysuru,South,2024-03-01,Active
C01164,Sophia Taylor,sophia.taylor1164@example.com,18,Female,Bhubaneswar,East,2025-01-16,Inactive
C01165,Divya Reddy,,45,Male,Coimbatore,South,2023-08-01,Active
C01166,Mia Williams,mia.williams1166@example.com,59,Female,Kolkata,East,2023-04-01,Active
C01167,Priya Johnson,priya.johnson1167@example.com,48,Female,Ranchi,East,2024-12-28,Active
C01168,Priya Joshi,priya.joshi1168@example.com,40,Female,Bengaluru,South,2024-07-21,Active
C01169,Neha Brown,neha.brown1169@example.com,40,Other,Guwahati,East,2025-01-27,Active
C01170,Rahul Mehta,rahul.mehta1170@example.com,43,Female,Delhi,North,2024-10-17,Inactive
C01171,Daniel Wilson,daniel.wilson1171@example.com,42,Female,Mumbai,West,2024-03-03,Active
C01172,Ananya Anderson,ananya.anderson1172@example.com,37,Female,Hyderabad,South,2024-05-19,Inactive
C01173,Emma Das,emma.das1173@example.com,36,Other,Amritsar,North,2024-05-07,Active
C01174,James Kumar,james.kumar1174@example.com,34,Female,Ranchi,East,2024-06-08,Active
C01175,Priya Williams,priya.williams1175@example.com,27,Male,Lucknow,North,2023-05-30,Active
C01176,Priya Patel,priya.patel1176@example.com,32,Female,Chennai,South,2024-01-05,Active
C01177,Neha Nair,neha.nair1177@example.com,18,Other,Kolkata,East,2024-10-16,Inactive
C01178,Priya Anderson,priya.anderson1178@example.com,34,Male,Mysuru,South,2024-09-05,Active
C01179,William Wilson,william.wilson1179@example.com,25,Female,Patna,East,2023-10-05,Active
C01180,Kavya Williams,kavya.williams1180@example.com,23,Female,Kolkata,East,2025-04-23,Active
C01181,Neha Das,neha.das1181@example.com,36,Female,Coimbatore,South,2024-02-26,Active
C01182,Rohan Singh,rohan.singh1182@example.com,48,Other,Hyderabad,South,2023-08-15,Inactive
C01183,Nikhil Reddy,nikhil.reddy1183@example.com,44,Male,Chandigarh,North,2025-04-18,Active
C01184,Ishita Nair,ishita.nair1184@example.com,19,Other,Chandigarh,North,2024-01-07,Active
C01185,Sanjay Anderson,sanjay.anderson1185@example.com,25,Female,Goa,West,2023-06-26,Active
C01186,William Kumar,william.kumar1186@example.com,44,Male,Dehradun,North,2023-05-12,Inactive
C01187,Sneha Nair,sneha.nair1187@example.com,25,Male,Mysuru,South,2023-08-03,Active
C01188,James Anderson,james.anderson1188@example.com,32,Male,Chandigarh,North,2023-03-21,Active
C01189,Aanya Gupta,aanya.gupta1189@example.com,40,Male,Surat,West,2023-02-03,Active
C01190,Ananya Mehta,ananya.mehta1190@example.com,25,Male,Chandigarh,North,2023-03-09,Active
C01191,Sophia Kumar,sophia.kumar1191@example.com,36,Other,Delhi,North,2023-07-30,Active
C01192,Olivia Das,olivia.das1192@example.com,21,Male,Bengaluru,South,2023-04-03,Active
C01193,Ishita Das,ishita.das1193@example.com,28,Male,Guwahati,East,2025-05-25,Active
C01194,Varun Reddy,varun.reddy1194@example.com,38,Male,Coimbatore,South,2025-04-19,Active
C01195,Rohan Moore,rohan.moore1195@example.com,19,Male,Amritsar,North,2023-10-16,Active
C01196,Ananya Gupta,ananya.gupta1196@example.com,39,Other,Dehradun,North,2025-05-21,Active
C01197,Priya Malhotra,priya.malhotra1197@example.com,34,Other,Guwahati,East,2023-04-20,Active
C01198,Meera Gupta,meera.gupta1198@example.com,40,Other,Ranchi,East,2023-08-22,Active
C01199,Nikhil Kumar,nikhil.kumar1199@example.com,37,Other,Kolkata,East,2023-05-20,Active
C01200,Kavya Taylor,kavya.taylor1200@example.com,48,Male,Patna,East,2023-03-26,Active
C01201,Neha Malhotra,neha.malhotra1201@example.com,36,Other,Chandigarh,North,2025-01-23,Active
C01202,Kavya Kapoor,kavya.kapoor1202@example.com,30,Female,Pune,West,2025-05-25,Active
C01203,Olivia Das,olivia.das1203@example.com,36,Male,Chandigarh,North,2023-01-14,Inactive
C01204,Ananya Joshi,ananya.joshi1204@example.com,40,Female,Nagpur,West,2024-06-19,Active
C01205,Rahul Joshi,rahul.joshi1205@example.com,35,Female,Delhi,North,2024-12-12,Active
C01206,Mia Verma,mia.verma1206@example.com,35,Male,Dehradun,North,2024-01-08,Inactive
C01207,Divya Joshi,divya.joshi1207@example.com,27,Male,Bhubaneswar,East,2023-08-27,Inactive
C01208,Michael Moore,michael.moore1208@example.com,28,Other,Ahmedabad,West,2024-08-30,Active
C01209,Pooja Wilson,pooja.wilson1209@example.com,20,Other,Ahmedabad,West,2024-02-19,Inactive
C01210,Michael Malhotra,michael.malhotra1210@example.com,52,Male,Bhubaneswar,East,2023-05-06,Active
C01211,Daniel Singh,daniel.singh1211@example.com,22,Male,Pune,West,2023-04-12,Active
C01212,Olivia Sharma,olivia.sharma1212@example.com,28,Male,Chandigarh,North,2024-01-27,Active
C01213,Neha Davis,neha.davis1213@example.com,27,Other,Bhubaneswar,East,2023-04-09,Active
C01214,Rohan Nair,rohan.nair1214@example.com,43,Other,Surat,West,2024-05-24,Active
C01215,Aditya Johnson,aditya.johnson1215@example.com,32,Other,Guwahati,East,2023-01-19,Inactive
C01216,David Kumar,david.kumar1216@example.com,47,Female,Chandigarh,North,2024-04-05,Active
C01217,Nikhil Patel,nikhil.patel1217@example.com,28,Male,Surat,West,2023-07-01,Active
C01218,Pooja Kapoor,pooja.kapoor1218@example.com,37,Male,Bhubaneswar,East,2023-11-16,Active
C01219,Varun Wilson,varun.wilson1219@example.com,26,Female,Mumbai,West,2024-11-06,Active
C01220,Kavya Verma,kavya.verma1220@example.com,56,Other,Surat,West,2023-02-27,Active
C01221,Karan Davis,karan.davis1221@example.com,23,Other,Goa,West,2023-12-28,Active
C01222,Aanya Sharma,aanya.sharma1222@example.com,38,Other,Patna,East,2023-02-16,Active
C01223,Sophia Taylor,sophia.taylor1223@example.com,41,Other,Patna,East,2023-01-28,Active
C01224,Ananya Kapoor,ananya.kapoor1224@example.com,39,Female,Ranchi,East,2024-01-01,Active
C01225,Sneha Rao,sneha.rao1225@example.com,33,Male,Dehradun,North,2024-10-25,Active
C01226,Arjun Nair,arjun.nair1226@example.com,33,Male,Dehradun,North,2023-12-12,Active
C01227,Nikhil Wilson,nikhil.wilson1227@example.com,35,Female,Kolkata,East,2024-08-04,Active
C01228,Aarav Moore,aarav.moore1228@example.com,33,Female,Ahmedabad,West,2024-08-25,Active
C01229,Varun Joshi,varun.joshi1229@example.com,44,Female,Ranchi,East,2024-08-09,Active
C01230,James Wilson,james.wilson1230@example.com,57,Male,Mumbai,West,2023-12-11,Active
C01231,Divya Nair,divya.nair1231@example.com,29,Female,Bhubaneswar,East,2024-03-22,Active
C01232,Rohan Nair,rohan.nair1232@example.com,21,Female,Amritsar,North,2023-02-18,Active
C01233,Divya Taylor,divya.taylor1233@example.com,34,Male,Pune,West,2025-01-04,Inactive
C01234,Aditya Mehta,aditya.mehta1234@example.com,60,Male,Amritsar,North,2024-08-03,Active
C01235,Rohan Das,rohan.das1235@example.com,26,Male,Surat,West,2024-10-29,Inactive
C01236,Olivia Johnson,olivia.johnson1236@example.com,51,Female,Ranchi,East,2023-07-24,Active
C01237,Sanjay Malhotra,sanjay.malhotra1237@example.com,51,Other,Guwahati,East,2025-02-20,Active
C01238,James Smith,james.smith1238@example.com,29,Male,Dehradun,North,2024-08-13,Active
C01239,Mia Miller,mia.miller1239@example.com,40,Other,Ahmedabad,West,2025-04-08,Active
C01240,Emma Miller,emma.miller1240@example.com,51,Male,Goa,West,2024-06-18,Active
C01241,Sneha Singh,sneha.singh1241@example.com,31,Other,Pune,West,2024-12-02,Active
C01242,Aditya Reddy,aditya.reddy1242@example.com,32,Other,Surat,West,2023-07-28,Inactive
C01243,Daniel Verma,daniel.verma1243@example.com,29,Female,Patna,East,2024-12-04,Active
C01244,Ananya Singh,ananya.singh1244@example.com,24,Male,Pune,West,2023-01-29,Active
C01245,Pooja Johnson,pooja.johnson1245@example.com,28,Female,Ranchi,East,2024-03-08,Active
C01246,Priya Mehta,priya.mehta1246@example.com,22,Male,Jaipur,North,2023-01-30,Active
C01247,Priya Miller,priya.miller1247@example.com,35,Male,Guwahati,East,2025-01-09,Active
C01248,Isabella Reddy,isabella.reddy1248@example.com,27,Female,Delhi,North,2024-09-08,Active
C01249,David Das,david.das1249@example.com,37,Other,Chandigarh,North,2024-11-04,Inactive
C01250,William Singh,william.singh1250@example.com,19,Male,Nagpur,West,2023-04-25,Active
C01251,Olivia Williams,olivia.williams1251@example.com,38,Other,Amritsar,North,2023-09-15,Active
C01252,Divya Kumar,divya.kumar1252@example.com,43,Female,Jaipur,North,2023-12-04,Inactive
C01253,Emma Rao,emma.rao1253@example.com,18,Female,Nagpur,West,2023-08-12,Active
C01254,Vikram Malhotra,vikram.malhotra1254@example.com,38,Female,Bengaluru,South,2023-09-18,Inactive
C01255,Kavya Das,kavya.das1255@example.com,47,Other,Chandigarh,North,2023-04-26,Active
C01256,Olivia Rao,olivia.rao1256@example.com,22,Female,Surat,West,2025-06-19,Active
C01257,Pooja Moore,pooja.moore1257@example.com,51,Female,Chennai,South,2025-04-21,Active
C01258,Olivia Patel,olivia.patel1258@example.com,39,Other,Dehradun,North,2025-03-18,Active
C01259,Karan Nair,karan.nair1259@example.com,27,Other,Guwahati,East,2024-12-18,Active
C01260,Isabella Rao,isabella.rao1260@example.com,34,Female,Amritsar,North,2024-02-02,Active
C01261,Neha Reddy,neha.reddy1261@example.com,40,Male,Ahmedabad,West,2023-11-01,Active
C01262,Daniel Iyer,daniel.iyer1262@example.com,35,Other,Kochi,South,2024-02-21,Active
C01263,William Anderson,william.anderson1263@example.com,40,Female,Kolkata,East,2024-04-27,Active
C01264,David Kumar,david.kumar1264@example.com,25,Male,Ranchi,East,2024-12-16,Active
C01265,Meera Davis,meera.davis1265@example.com,36,Other,Lucknow,North,2025-04-12,Active
C01266,James Sharma,james.sharma1266@example.com,20,Male,Ranchi,East,2024-10-18,Active
C01267,Rahul Sharma,rahul.sharma1267@example.com,33,Female,Nagpur,West,2023-07-24,Active
C01268,Arjun Kumar,arjun.kumar1268@example.com,25,Male,Guwahati,East,2023-09-13,Active
C01269,Olivia Kapoor,olivia.kapoor1269@example.com,27,Female,Coimbatore,South,2024-04-07,Active
C01270,Priya Wilson,priya.wilson1270@example.com,47,Other,Chennai,South,2025-04-26,Active
C01271,Arjun Kapoor,arjun.kapoor1271@example.com,45,Female,Bhubaneswar,East,2023-07-06,Active
C01272,Sneha Sharma,sneha.sharma1272@example.com,41,Male,Goa,West,2024-07-25,Active
C01273,Nikhil Gupta,nikhil.gupta1273@example.com,24,Female,Hyderabad,South,2024-12-19,Inactive
C01274,Divya Kapoor,divya.kapoor1274@example.com,31,Other,Chandigarh,North,2023-09-24,Active
C01275,Varun Kumar,varun.kumar1275@example.com,47,Male,Bhubaneswar,East,2025-01-05,Active
C01276,Pooja Kumar,pooja.kumar1276@example.com,36,Male,Nagpur,West,2024-12-31,Active
C01277,Emma Brown,emma.brown1277@example.com,58,Female,Patna,East,2023-05-14,Active
C01278,Rohan Nair,rohan.nair1278@example.com,38,Other,Coimbatore,South,2024-11-24,Active
C01279,Sophia Singh,sophia.singh1279@example.com,36,Male,Kochi,South,2023-10-25,Inactive
C01280,Nikhil Rao,nikhil.rao1280@example.com,31,Female,Coimbatore,South,2024-08-19,Active
C01281,Aarav Brown,aarav.brown1281@example.com,36,Male,Mumbai,West,2025-06-11,Active
C01282,Rohan Moore,rohan.moore1282@example.com,33,Female,Nagpur,West,2024-12-26,Active
C01283,Ananya Johnson,ananya.johnson1283@example.com,42,Male,Kolkata,East,2023-02-23,Active
C01284,Mia Das,mia.das1284@example.com,44,Other,Kochi,South,2024-11-17,Inactive
C01285,Vikram Smith,vikram.smith1285@example.com,27,Other,Delhi,North,2024-01-26,Active
C01286,Ishita Singh,ishita.singh1286@example.com,21,Other,Nagpur,West,2023-02-12,Active
C01287,Sanjay Brown,sanjay.brown1287@example.com,18,Female,Bhubaneswar,East,2025-06-17,Active
C01288,James Smith,,40,Female,Lucknow,North,2023-05-26,Active
C01289,Rahul Brown,rahul.brown1289@example.com,23,Female,Kolkata,East,2025-02-04,Active
C01290,David Mehta,david.mehta1290@example.com,18,Other,Ahmedabad,West,2025-04-29,Active
C01291,Aditya Kapoor,aditya.kapoor1291@example.com,38,Male,Guwahati,East,2023-11-20,Active
C01292,Kavya Wilson,kavya.wilson1292@example.com,59,Other,Pune,West,2025-03-28,Active
C01293,Aanya Rao,aanya.rao1293@example.com,34,Male,Bengaluru,South,2023-02-06,Active
C01294,Nikhil Kapoor,nikhil.kapoor1294@example.com,43,Male,Mysuru,South,2024-05-21,Active
C01295,Pooja Malhotra,pooja.malhotra1295@example.com,35,Female,Guwahati,East,2023-04-26,Inactive
C01296,Ishita Reddy,ishita.reddy1296@example.com,34,Male,Hyderabad,South,2025-06-08,Active
C01297,Sanjay Mehta,sanjay.mehta1297@example.com,44,Other,Mysuru,South,2024-11-10,Active
C01298,Michael Williams,michael.williams1298@example.com,32,Male,Amritsar,North,2024-03-02,Inactive
C01299,Olivia Kumar,olivia.kumar1299@example.com,37,Female,Kochi,South,2023-01-27,Active
C01300,Ishita Williams,ishita.williams1300@example.com,38,Male,Chandigarh,North,2025-05-07,Active
C01301,Nikhil Moore,nikhil.moore1301@example.com,28,Other,Delhi,North,2024-05-06,Active
C01302,Olivia Sharma,olivia.sharma1302@example.com,44,Female,Guwahati,East,2023-02-14,Active
C01303,Emma Taylor,emma.taylor1303@example.com,33,Other,Ahmedabad,West,2023-05-13,Active
C01304,Neha Iyer,neha.iyer1304@example.com,27,Male,Dehradun,North,2025-01-31,Active
C01305,Karan Mehta,karan.mehta1305@example.com,40,Male,Mumbai,West,2023-09-03,Inactive
C01306,Aarav Gupta,aarav.gupta1306@example.com,26,Male,Mumbai,West,2024-02-02,Active
C01307,Ananya Nair,ananya.nair1307@example.com,35,Female,Bhubaneswar,East,2025-03-31,Active
C01308,Rahul Das,rahul.das1308@example.com,34,Other,Guwahati,East,2023-04-09,Inactive
C01309,Nikhil Joshi,nikhil.joshi1309@example.com,45,Female,Kochi,South,2023-10-02,Active
C01310,Michael Kapoor,michael.kapoor1310@example.com,39,Female,Mumbai,West,2024-09-20,Active
C01311,Aanya Smith,aanya.smith1311@example.com,34,Female,Mumbai,West,2024-04-19,Active
C01312,Sanjay Miller,sanjay.miller1312@example.com,43,Other,Kochi,South,2024-06-21,Active
C01313,Arjun Brown,arjun.brown1313@example.com,48,Female,Surat,West,2023-06-02,Inactive
C01314,Sanjay Kapoor,sanjay.kapoor1314@example.com,40,Female,Bhubaneswar,East,2024-08-05,Active
C01315,Sanjay Kumar,sanjay.kumar1315@example.com,35,Other,Delhi,North,2024-03-11,Active
C01316,Emma Williams,emma.williams1316@example.com,21,Female,Nagpur,West,2023-12-30,Active
C01317,Aarav Kumar,aarav.kumar1317@example.com,24,Other,Amritsar,North,2024-11-08,Active
C01318,Aanya Reddy,aanya.reddy1318@example.com,31,Female,Kochi,South,2025-06-16,Active
C01319,Emma Malhotra,emma.malhotra1319@example.com,28,Other,Guwahati,East,2024-04-05,Active
C01320,Mia Verma,mia.verma1320@example.com,33,Male,Patna,East,2023-07-09,Active
C01321,Meera Johnson,meera.johnson1321@example.com,35,Male,Kolkata,East,2023-01-06,Active
C01322,Daniel Brown,daniel.brown1322@example.com,40,Female,Jaipur,North,2024-12-09,Active
C01323,Divya Davis,divya.davis1323@example.com,34,Female,Ahmedabad,West,2024-12-08,Active
C01324,Arjun Singh,arjun.singh1324@example.com,39,Male,Ahmedabad,West,2023-01-15,Active
C01325,Rohan Sharma,rohan.sharma1325@example.com,35,Male,Dehradun,North,2024-05-07,Active
C01326,William Miller,william.miller1326@example.com,18,Other,Kochi,South,2023-07-15,Active
C01327,Pooja Kapoor,pooja.kapoor1327@example.com,25,Male,Pune,West,2023-04-30,Active
C01328,James Malhotra,james.malhotra1328@example.com,33,Female,Mysuru,South,2024-04-27,Active
C01329,Sneha Gupta,sneha.gupta1329@example.com,22,Female,Goa,West,2024-08-06,Inactive
C01330,Aditya Sharma,aditya.sharma1330@example.com,40,Male,Mumbai,West,2024-10-07,Inactive
C01331,Isabella Brown,isabella.brown1331@example.com,50,Other,Surat,West,2024-08-15,Active
C01332,Pooja Joshi,pooja.joshi1332@example.com,47,Female,Kolkata,East,2024-06-09,Active
C01333,James Patel,james.patel1333@example.com,32,Other,Pune,West,2023-01-20,Active
C01334,Arjun Mehta,arjun.mehta1334@example.com,49,Other,Guwahati,East,2024-03-03,Inactive
C01335,Divya Miller,divya.miller1335@example.com,36,Female,Chandigarh,North,2024-04-04,Active
C01336,Neha Taylor,neha.taylor1336@example.com,31,Male,Jaipur,North,2024-04-25,Active
C01337,Sneha Williams,sneha.williams1337@example.com,28,Other,Coimbatore,South,2023-12-14,Inactive
C01338,David Nair,david.nair1338@example.com,31,Other,Pune,West,2024-12-29,Active
C01339,Daniel Taylor,daniel.taylor1339@example.com,31,Female,Nagpur,West,2025-03-26,Active
C01340,Rohan Nair,rohan.nair1340@example.com,36,Other,Coimbatore,South,2025-02-06,Active
C01341,Priya Gupta,priya.gupta1341@example.com,36,Male,Pune,West,2024-09-12,Active
C01342,Neha Rao,neha.rao1342@example.com,35,Male,Surat,West,2024-07-24,Active
C01343,David Mehta,david.mehta1343@example.com,39,Female,Lucknow,North,2024-11-24,Active
C01344,Aditya Kapoor,aditya.kapoor1344@example.com,46,Male,Delhi,North,2024-09-24,Active
C01345,Vikram Iyer,vikram.iyer1345@example.com,44,Female,Kochi,South,2025-02-26,Active
C01346,Isabella Moore,isabella.moore1346@example.com,20,Other,Bhubaneswar,East,2024-09-10,Active
C01347,Sophia Malhotra,sophia.malhotra1347@example.com,18,Male,Chandigarh,North,2023-04-19,Active
C01348,Aanya Smith,aanya.smith1348@example.com,44,Male,Amritsar,North,2023-06-21,Active
C01349,Priya Taylor,priya.taylor1349@example.com,21,Female,Chennai,South,2024-12-26,Active
C01350,Isabella Kumar,isabella.kumar1350@example.com,32,Male,Nagpur,West,2024-10-24,Active
C01351,Isabella Gupta,isabella.gupta1351@example.com,23,Female,Hyderabad,South,2024-03-01,Active
C01352,William Brown,william.brown1352@example.com,18,Female,Jaipur,North,2023-10-21,Active
C01353,Ishita Moore,ishita.moore1353@example.com,40,Female,Lucknow,North,2024-01-05,Active
C01354,Michael Anderson,michael.anderson1354@example.com,42,Other,Bengaluru,South,2024-03-07,Active
C01355,Meera Kapoor,meera.kapoor1355@example.com,29,Female,Kochi,South,2025-05-22,Active
C01356,Nikhil Singh,nikhil.singh1356@example.com,18,Male,Kolkata,East,2025-01-04,Active
C01357,Aditya Iyer,aditya.iyer1357@example.com,29,Female,Delhi,North,2025-03-01,Active
C01358,Michael Patel,michael.patel1358@example.com,38,Other,Chandigarh,North,2024-10-18,Active
C01359,James Wilson,james.wilson1359@example.com,20,Other,Dehradun,North,2023-10-30,Active
C01360,Mia Das,mia.das1360@example.com,36,Male,Patna,East,2025-04-26,Active
C01361,Karan Malhotra,karan.malhotra1361@example.com,34,Other,Mysuru,South,2023-07-30,Inactive
C01362,Ishita Miller,ishita.miller1362@example.com,40,Female,Nagpur,West,2025-03-05,Active
C01363,Aanya Johnson,aanya.johnson1363@example.com,36,Female,Kolkata,East,2024-02-04,Active
C01364,Kavya Nair,kavya.nair1364@example.com,25,Male,Coimbatore,South,2023-04-06,Active
C01365,Aditya Anderson,aditya.anderson1365@example.com,46,Other,Guwahati,East,2023-06-13,Active
C01366,William Anderson,william.anderson1366@example.com,33,Female,Bhubaneswar,East,2025-01-13,Active
C01367,Aanya Das,aanya.das1367@example.com,34,Female,Dehradun,North,2024-10-04,Active
C01368,Michael Miller,michael.miller1368@example.com,25,Male,Delhi,North,2024-04-04,Active
C01369,Aditya Rao,aditya.rao1369@example.com,30,Other,Chandigarh,North,2024-08-18,Active
C01370,Neha Nair,neha.nair1370@example.com,26,Other,Chennai,South,2025-03-14,Active
C01371,Karan Smith,karan.smith1371@example.com,33,Other,Mysuru,South,2023-09-11,Active
C01372,Nikhil Kumar,nikhil.kumar1372@example.com,52,Male,Chennai,South,2024-12-29,Active
C01373,Arjun Patel,arjun.patel1373@example.com,21,Female,Mumbai,West,2025-06-28,Active
C01374,Arjun Das,arjun.das1374@example.com,18,Other,Kochi,South,2024-06-22,Active
C01375,Varun Brown,varun.brown1375@example.com,49,Other,Ahmedabad,West,2024-03-09,Inactive
C01376,Meera Verma,meera.verma1376@example.com,32,Male,Nagpur,West,2024-06-01,Active
C01377,James Smith,james.smith1377@example.com,28,Other,Pune,West,2023-05-01,Active
C01378,Aanya Taylor,aanya.taylor1378@example.com,45,Male,Surat,West,2024-07-26,Active
C01379,Isabella Kapoor,isabella.kapoor1379@example.com,28,Male,Amritsar,North,2023-05-04,Active
C01380,Sanjay Singh,sanjay.singh1380@example.com,53,Male,Kolkata,East,2024-01-16,Active
C01381,Neha Brown,neha.brown1381@example.com,41,Male,Patna,East,2025-03-21,Active
C01382,Mia Nair,mia.nair1382@example.com,30,Female,Mumbai,West,2023-08-09,Active
C01383,Ananya Johnson,ananya.johnson1383@example.com,56,Female,Mumbai,West,2023-03-11,Inactive
C01384,Varun Nair,varun.nair1384@example.com,28,Other,Surat,West,2024-04-08,Inactive
C01385,William Taylor,william.taylor1385@example.com,42,Other,Surat,West,2023-05-16,Active
C01386,Olivia Malhotra,olivia.malhotra1386@example.com,37,Male,Surat,West,2025-06-06,Active
C01387,Olivia Davis,olivia.davis1387@example.com,48,Female,Amritsar,North,2024-02-01,Active
C01388,Kavya Patel,kavya.patel1388@example.com,50,Other,Ahmedabad,West,2025-06-30,Active
C01389,Isabella Verma,isabella.verma1389@example.com,35,Other,Kolkata,East,2023-01-26,Active
C01390,Daniel Kumar,daniel.kumar1390@example.com,27,Other,Guwahati,East,2024-07-26,Active
C01391,Sanjay Gupta,sanjay.gupta1391@example.com,39,Female,Amritsar,North,2024-05-29,Inactive
C01392,Mia Johnson,mia.johnson1392@example.com,28,Male,Dehradun,North,2023-01-20,Active
C01393,William Moore,william.moore1393@example.com,55,Other,Bengaluru,South,2024-03-30,Active
C01394,Varun Patel,varun.patel1394@example.com,36,Female,Ranchi,East,2025-06-01,Inactive
C01395,Priya Kapoor,priya.kapoor1395@example.com,31,Male,Ranchi,East,2025-05-30,Active
C01396,Arjun Kumar,arjun.kumar1396@example.com,36,Male,Ahmedabad,West,2024-07-08,Active
C01397,Vikram Anderson,vikram.anderson1397@example.com,21,Male,Bengaluru,South,2023-06-07,Active
C01398,Priya Patel,priya.patel1398@example.com,25,Other,Nagpur,West,2023-11-30,Active
C01399,Karan Kumar,karan.kumar1399@example.com,47,Female,Lucknow,North,2023-05-26,Active
C01400,Karan Kumar,karan.kumar1400@example.com,28,Male,Patna,East,2023-07-27,Active
C01401,Sanjay Anderson,sanjay.anderson1401@example.com,24,Other,Kochi,South,2024-01-30,Inactive
C01402,Aditya Malhotra,aditya.malhotra1402@example.com,40,Other,Kolkata,East,2024-02-21,Active
C01403,Daniel Rao,daniel.rao1403@example.com,46,Male,Chandigarh,North,2023-10-03,Active
C01404,Michael Johnson,michael.johnson1404@example.com,42,Other,Jaipur,North,2025-03-15,Active
C01405,Arjun Miller,arjun.miller1405@example.com,44,Other,Surat,West,2023-07-28,Active
C01406,Kavya Verma,kavya.verma1406@example.com,27,Male,Chennai,South,2024-07-04,Inactive
C01407,Aarav Malhotra,aarav.malhotra1407@example.com,20,Other,Mumbai,West,2023-10-24,Active
C01408,Aanya Brown,aanya.brown1408@example.com,50,Female,Hyderabad,South,2024-09-04,Active
C01409,William Miller,william.miller1409@example.com,31,Male,Ahmedabad,West,2024-08-22,Inactive
C01410,Priya Taylor,priya.taylor1410@example.com,32,Other,Kolkata,East,2024-07-30,Active
C01411,James Kumar,james.kumar1411@example.com,48,Male,Chandigarh,North,2025-01-12,Active
C01412,Rohan Davis,rohan.davis1412@example.com,40,Other,Ranchi,East,2025-04-01,Active
C01413,Michael Moore,michael.moore1413@example.com,39,Female,Patna,East,2023-10-07,Active
C01414,Rohan Malhotra,rohan.malhotra1414@example.com,56,Other,Patna,East,2023-12-03,Active
C01415,Mia Sharma,mia.sharma1415@example.com,28,Other,Mysuru,South,2024-05-02,Active
C01416,Priya Kapoor,priya.kapoor1416@example.com,44,Other,Dehradun,North,2024-12-14,Active
C01417,Arjun Miller,arjun.miller1417@example.com,35,Other,Goa,West,2023-03-21,Active
C01418,Ananya Das,ananya.das1418@example.com,37,Female,Nagpur,West,2025-04-27,Active
C01419,William Anderson,william.anderson1419@example.com,50,Other,Pune,West,2023-01-09,Active
C01420,Nikhil Sharma,nikhil.sharma1420@example.com,40,Male,Bhubaneswar,East,2025-01-30,Active
C01421,Rohan Reddy,rohan.reddy1421@example.com,40,Other,Patna,East,2024-10-02,Active
C01422,Pooja Das,pooja.das1422@example.com,45,Male,Bengaluru,South,2023-10-15,Active
C01423,Rohan Miller,rohan.miller1423@example.com,31,Female,Hyderabad,South,2023-04-24,Inactive
C01424,Kavya Gupta,kavya.gupta1424@example.com,26,Other,Pune,West,2025-01-26,Active
C01425,Varun Singh,varun.singh1425@example.com,24,Other,Hyderabad,South,2023-03-08,Active
C01426,Emma Mehta,emma.mehta1426@example.com,18,Male,Coimbatore,South,2025-05-18,Active
C01427,David Malhotra,david.malhotra1427@example.com,55,Male,Guwahati,East,2024-03-13,Active
C01428,Meera Kapoor,meera.kapoor1428@example.com,23,Female,Lucknow,North,2023-05-05,Active
C01429,Ishita Smith,ishita.smith1429@example.com,32,Male,Surat,West,2025-06-24,Active
C01430,Mia Kapoor,mia.kapoor1430@example.com,32,Other,Lucknow,North,2024-04-04,Active
C01431,Aditya Reddy,aditya.reddy1431@example.com,38,Other,Pune,West,2025-04-07,Active
C01432,Meera Reddy,meera.reddy1432@example.com,43,Male,Mysuru,South,2023-07-21,Active
C01433,Daniel Miller,daniel.miller1433@example.com,43,Male,Kolkata,East,2023-01-29,Active
C01434,Sophia Miller,sophia.miller1434@example.com,29,Female,Amritsar,North,2025-05-10,Active
C01435,Sneha Iyer,sneha.iyer1435@example.com,33,Male,Chandigarh,North,2025-04-21,Active
C01436,Michael Davis,michael.davis1436@example.com,37,Other,Hyderabad,South,2024-03-25,Active
C01437,Ananya Reddy,ananya.reddy1437@example.com,32,Male,Goa,West,2023-02-04,Active
C01438,Aanya Malhotra,aanya.malhotra1438@example.com,51,Male,Jaipur,North,2023-11-05,Active
C01439,Ananya Wilson,ananya.wilson1439@example.com,39,Male,Mumbai,West,2024-07-26,Active
C01440,Ananya Davis,ananya.davis1440@example.com,42,Female,Surat,West,2023-08-27,Inactive
C01441,Karan Malhotra,karan.malhotra1441@example.com,41,Female,Chandigarh,North,2025-06-20,Active
C01442,Daniel Wilson,daniel.wilson1442@example.com,46,Male,Lucknow,North,2024-04-09,Active
C01443,Ananya Sharma,ananya.sharma1443@example.com,36,Other,Hyderabad,South,2024-12-31,Active
C01444,Rahul Miller,rahul.miller1444@example.com,22,Other,Coimbatore,South,2023-09-20,Active
C01445,Divya Malhotra,divya.malhotra1445@example.com,38,Male,Nagpur,West,2023-09-06,Active
C01446,Rahul Nair,rahul.nair1446@example.com,28,Other,Delhi,North,2024-03-22,Active
C01447,Varun Johnson,varun.johnson1447@example.com,29,Male,Patna,East,2023-05-31,Active
C01448,Ishita Sharma,ishita.sharma1448@example.com,40,Other,Patna,East,2024-08-23,Active
C01449,Sneha Smith,sneha.smith1449@example.com,47,Other,Hyderabad,South,2025-05-29,Active
C01450,Rohan Miller,rohan.miller1450@example.com,35,Male,Bhubaneswar,East,2025-03-15,Active
C01451,Pooja Moore,pooja.moore1451@example.com,38,Other,Mysuru,South,2024-04-23,Active
C01452,Varun Iyer,varun.iyer1452@example.com,52,Other,Guwahati,East,2023-11-03,Active
C01453,Nikhil Patel,nikhil.patel1453@example.com,37,Female,Hyderabad,South,2023-08-13,Inactive
C01454,Sneha Malhotra,sneha.malhotra1454@example.com,61,Other,Mysuru,South,2023-08-07,Active
C01455,Rohan Joshi,rohan.joshi1455@example.com,40,Male,Ranchi,East,2025-04-25,Inactive
C01456,Arjun Das,arjun.das1456@example.com,18,Male,Kolkata,East,2024-07-22,Active
C01457,Rohan Miller,rohan.miller1457@example.com,42,Other,Ranchi,East,2025-02-22,Active
C01458,Rohan Nair,rohan.nair1458@example.com,38,Male,Jaipur,North,2023-08-13,Inactive
C01459,Isabella Johnson,isabella.johnson1459@example.com,47,Male,Chennai,South,2023-07-02,Active
C01460,Mia Kumar,mia.kumar1460@example.com,41,Male,Chennai,South,2025-05-01,Active
C01461,Sophia Kumar,sophia.kumar1461@example.com,33,Female,Nagpur,West,2023-08-04,Active
C01462,Sophia Das,sophia.das1462@example.com,22,Other,Chennai,South,2023-06-25,Inactive
C01463,Arjun Kumar,arjun.kumar1463@example.com,32,Male,Nagpur,West,2025-06-22,Inactive
C01464,Kavya Joshi,kavya.joshi1464@example.com,26,Other,Bengaluru,South,2024-01-19,Active
C01465,Sneha Patel,sneha.patel1465@example.com,29,Other,Nagpur,West,2024-08-24,Active
C01466,Aditya Rao,aditya.rao1466@example.com,40,Male,Bhubaneswar,East,2024-10-06,Active
C01467,Varun Brown,varun.brown1467@example.com,51,Male,Coimbatore,South,2025-01-14,Active
C01468,Divya Reddy,divya.reddy1468@example.com,38,Male,Nagpur,West,2024-06-04,Active
C01469,Sanjay Malhotra,sanjay.malhotra1469@example.com,23,Male,Ranchi,East,2023-11-26,Active
C01470,Pooja Brown,pooja.brown1470@example.com,39,Female,Nagpur,West,2024-08-18,Active
C01471,Sneha Gupta,sneha.gupta1471@example.com,46,Female,Jaipur,North,2025-06-02,Active
C01472,Meera Joshi,meera.joshi1472@example.com,28,Other,Chennai,South,2023-06-10,Inactive
C01473,Kavya Reddy,kavya.reddy1473@example.com,33,Male,Patna,East,2025-02-08,Active
C01474,Ishita Rao,ishita.rao1474@example.com,35,Other,Goa,West,2023-02-12,Active
C01475,Nikhil Malhotra,nikhil.malhotra1475@example.com,27,Female,Ranchi,East,2024-02-23,Active
C01476,Vikram Joshi,vikram.joshi1476@example.com,41,Male,Ahmedabad,West,2023-07-03,Active
C01477,Ishita Reddy,ishita.reddy1477@example.com,33,Female,Kolkata,East,2025-05-12,Active
C01478,Mia Rao,mia.rao1478@example.com,39,Male,Lucknow,North,2023-05-02,Active
C01479,Rohan Iyer,rohan.iyer1479@example.com,26,Male,Amritsar,North,2024-11-22,Active
C01480,Rohan Moore,rohan.moore1480@example.com,30,Other,Patna,East,2023-05-22,Inactive
C01481,Michael Nair,michael.nair1481@example.com,42,Female,Kolkata,East,2025-04-22,Active
C01482,William Williams,william.williams1482@example.com,31,Other,Surat,West,2023-01-13,Active
C01483,Sneha Rao,sneha.rao1483@example.com,52,Other,Kochi,South,2025-02-06,Active
C01484,Varun Johnson,varun.johnson1484@example.com,31,Female,Coimbatore,South,2025-01-09,Active
C01485,Aditya Gupta,,37,Female,Kolkata,East,2025-02-27,Inactive
C01486,Nikhil Malhotra,nikhil.malhotra1486@example.com,44,Other,Pune,West,2023-01-31,Active
C01487,Emma Sharma,emma.sharma1487@example.com,20,Female,Chennai,South,2025-04-09,Active
C01488,Sneha Kapoor,sneha.kapoor1488@example.com,18,Female,Patna,East,2024-12-03,Active
C01489,Varun Sharma,varun.sharma1489@example.com,19,Other,Patna,East,2025-03-15,Active
C01490,Aditya Williams,aditya.williams1490@example.com,47,Other,Bengaluru,South,2025-03-29,Active
C01491,Rohan Joshi,rohan.joshi1491@example.com,29,Male,Surat,West,2024-07-01,Active
C01492,Aditya Williams,aditya.williams1492@example.com,60,Female,Mumbai,West,2024-10-16,Inactive
C01493,Ananya Wilson,ananya.wilson1493@example.com,29,Other,Jaipur,North,2023-07-01,Active
C01494,Priya Gupta,priya.gupta1494@example.com,36,Male,Mumbai,West,2024-01-31,Active
C01495,Olivia Smith,olivia.smith1495@example.com,50,Male,Chennai,South,2024-04-10,Active
C01496,Aditya Kapoor,aditya.kapoor1496@example.com,55,Female,Jaipur,North,2023-06-10,Inactive
C01497,Meera Brown,meera.brown1497@example.com,55,Other,Coimbatore,South,2023-03-12,Active
C01498,Isabella Gupta,isabella.gupta1498@example.com,47,Female,Bengaluru,South,2024-03-18,Active
C01499,Divya Williams,,45,Female,Pune,West,2024-08-24,Active
C01500,Rohan Sharma,rohan.sharma1500@example.com,40,Male,Ahmedabad,West,2024-04-01,Active
C01501,Sophia Rao,sophia.rao1501@example.com,42,Other,Goa,West,2023-12-03,Inactive
C01502,Nikhil Williams,nikhil.williams1502@example.com,29,Male,Surat,West,2025-01-24,Active
C01503,James Moore,james.moore1503@example.com,26,Female,Ahmedabad,West,2024-02-05,Active
C01504,Sneha Verma,sneha.verma1504@example.com,34,Other,Kochi,South,2025-01-20,Active
C01505,Priya Moore,priya.moore1505@example.com,33,Other,Nagpur,West,2023-04-08,Active
C01506,David Verma,david.verma1506@example.com,30,Female,Jaipur,North,2025-06-22,Active
C01507,James Taylor,james.taylor1507@example.com,41,Other,Kolkata,East,2023-08-11,Inactive
C01508,Ananya Das,ananya.das1508@example.com,44,Male,Goa,West,2025-02-12,Active
C01509,Nikhil Verma,nikhil.verma1509@example.com,35,Female,Ranchi,East,2023-08-01,Active
C01510,Arjun Miller,arjun.miller1510@example.com,49,Other,Mumbai,West,2024-11-22,Active
C01511,Emma Joshi,emma.joshi1511@example.com,23,Male,Ahmedabad,West,2024-02-11,Active
C01512,James Singh,james.singh1512@example.com,33,Female,Kolkata,East,2024-11-17,Active
C01513,Arjun Reddy,arjun.reddy1513@example.com,27,Other,Surat,West,2024-11-03,Active
C01514,Pooja Mehta,pooja.mehta1514@example.com,18,Male,Pune,West,2023-06-24,Inactive
C01515,Neha Kumar,neha.kumar1515@example.com,34,Other,Jaipur,North,2025-01-29,Active
C01516,Michael Sharma,michael.sharma1516@example.com,33,Other,Dehradun,North,2023-10-07,Active
C01517,Rohan Moore,rohan.moore1517@example.com,50,Male,Bhubaneswar,East,2024-11-22,Active
C01518,Aanya Miller,aanya.miller1518@example.com,41,Other,Nagpur,West,2024-10-18,Active
C01519,James Nair,james.nair1519@example.com,24,Female,Chandigarh,North,2023-02-23,Active
C01520,Michael Gupta,michael.gupta1520@example.com,53,Male,Chandigarh,North,2024-01-19,Inactive
C01521,Aarav Kapoor,aarav.kapoor1521@example.com,47,Male,Hyderabad,South,2023-01-15,Active
C01522,Olivia Reddy,olivia.reddy1522@example.com,40,Male,Mysuru,South,2025-06-22,Active
C01523,Priya Patel,priya.patel1523@example.com,32,Female,Mysuru,South,2024-06-08,Active
C01524,Kavya Miller,kavya.miller1524@example.com,25,Male,Patna,East,2024-10-01,Active
C01525,Ananya Rao,ananya.rao1525@example.com,31,Male,Surat,West,2023-04-19,Active
C01526,Karan Miller,karan.miller1526@example.com,45,Female,Hyderabad,South,2023-01-13,Active
C01527,Arjun Wilson,arjun.wilson1527@example.com,53,Female,Pune,West,2024-10-27,Active
C01528,David Gupta,david.gupta1528@example.com,50,Female,Delhi,North,2023-11-05,Active
C01529,James Johnson,james.johnson1529@example.com,30,Other,Mumbai,West,2023-06-25,Active
C01530,Aditya Miller,aditya.miller1530@example.com,23,Other,Amritsar,North,2024-02-02,Active
C01531,Priya Miller,priya.miller1531@example.com,36,Other,Chennai,South,2023-11-22,Inactive
C01532,Aditya Sharma,aditya.sharma1532@example.com,18,Other,Mumbai,West,2024-08-22,Active
C01533,Varun Moore,varun.moore1533@example.com,38,Male,Coimbatore,South,2023-08-27,Active
C01534,Sneha Taylor,sneha.taylor1534@example.com,33,Female,Lucknow,North,2025-02-14,Active
C01535,Rahul Das,rahul.das1535@example.com,30,Female,Delhi,North,2023-10-31,Active
C01536,Daniel Patel,daniel.patel1536@example.com,19,Male,Pune,West,2025-01-12,Active
C01537,David Iyer,david.iyer1537@example.com,40,Male,Nagpur,West,2023-10-12,Active
C01538,Sophia Kapoor,sophia.kapoor1538@example.com,29,Other,Amritsar,North,2025-04-12,Active
C01539,Isabella Taylor,isabella.taylor1539@example.com,23,Female,Jaipur,North,2023-12-17,Active
C01540,Sneha Wilson,sneha.wilson1540@example.com,18,Other,Dehradun,North,2025-01-06,Active
C01541,Aditya Verma,aditya.verma1541@example.com,34,Female,Goa,West,2024-10-06,Active
C01542,Rohan Patel,rohan.patel1542@example.com,52,Other,Mumbai,West,2023-05-25,Inactive
C01543,Priya Williams,priya.williams1543@example.com,51,Other,Hyderabad,South,2025-05-01,Active
C01544,Sanjay Reddy,sanjay.reddy1544@example.com,30,Female,Bengaluru,South,2025-01-12,Active
C01545,Rohan Rao,rohan.rao1545@example.com,28,Female,Mysuru,South,2023-06-30,Active
C01546,Varun Malhotra,varun.malhotra1546@example.com,39,Other,Patna,East,2023-07-26,Active
C01547,Ishita Joshi,ishita.joshi1547@example.com,25,Female,Mumbai,West,2023-06-21,Active
C01548,Divya Taylor,divya.taylor1548@example.com,38,Female,Goa,West,2025-02-17,Active
C01549,Michael Joshi,michael.joshi1549@example.com,42,Female,Mumbai,West,2025-05-24,Active
C01550,Kavya Singh,kavya.singh1550@example.com,47,Other,Guwahati,East,2025-01-14,Active
C01551,Neha Malhotra,neha.malhotra1551@example.com,33,Female,Surat,West,2024-01-20,Active
C01552,Aditya Singh,aditya.singh1552@example.com,32,Other,Mumbai,West,2024-04-25,Active
C01553,Aarav Smith,aarav.smith1553@example.com,26,Other,Hyderabad,South,2025-01-12,Active
C01554,Karan Taylor,karan.taylor1554@example.com,26,Female,Surat,West,2024-01-29,Active
C01555,David Patel,david.patel1555@example.com,32,Male,Chandigarh,North,2024-01-30,Inactive
C01556,Michael Kapoor,michael.kapoor1556@example.com,38,Female,Bengaluru,South,2025-02-28,Inactive
C01557,James Brown,james.brown1557@example.com,44,Other,Guwahati,East,2024-12-06,Active
C01558,Karan Kapoor,karan.kapoor1558@example.com,26,Other,Dehradun,North,2023-09-10,Active
C01559,Daniel Moore,daniel.moore1559@example.com,49,Other,Lucknow,North,2023-01-29,Active
C01560,Divya Malhotra,divya.malhotra1560@example.com,32,Other,Chennai,South,2023-05-31,Active
C01561,Ananya Anderson,ananya.anderson1561@example.com,34,Male,Hyderabad,South,2024-10-21,Active
C01562,James Williams,james.williams1562@example.com,27,Male,Surat,West,2024-06-14,Inactive
C01563,William Kapoor,william.kapoor1563@example.com,18,Female,Pune,West,2024-12-09,Active
C01564,Neha Taylor,neha.taylor1564@example.com,43,Female,Goa,West,2025-02-09,Inactive
C01565,Daniel Williams,daniel.williams1565@example.com,42,Female,Delhi,North,2025-04-13,Active
C01566,Karan Moore,karan.moore1566@example.com,32,Female,Mysuru,South,2023-01-07,Inactive
C01567,Ananya Reddy,ananya.reddy1567@example.com,35,Other,Mumbai,West,2024-03-03,Active
C01568,Priya Verma,priya.verma1568@example.com,40,Female,Ranchi,East,2023-07-10,Active
C01569,Priya Smith,priya.smith1569@example.com,19,Male,Kochi,South,2024-04-06,Active
C01570,Rohan Patel,rohan.patel1570@example.com,29,Other,Bengaluru,South,2023-07-07,Active
C01571,David Kapoor,david.kapoor1571@example.com,42,Female,Chennai,South,2024-10-03,Inactive
C01572,Priya Reddy,priya.reddy1572@example.com,22,Female,Dehradun,North,2023-03-29,Active
C01573,Aditya Sharma,aditya.sharma1573@example.com,37,Other,Kolkata,East,2023-08-29,Active
C01574,Aanya Mehta,aanya.mehta1574@example.com,21,Male,Delhi,North,2024-11-12,Active
C01575,Rohan Smith,rohan.smith1575@example.com,39,Male,Delhi,North,2024-01-20,Active
C01576,Pooja Anderson,pooja.anderson1576@example.com,34,Female,Ranchi,East,2024-09-10,Active
C01577,Aditya Rao,aditya.rao1577@example.com,18,Female,Patna,East,2024-11-12,Active
C01578,Isabella Iyer,isabella.iyer1578@example.com,46,Male,Lucknow,North,2023-01-04,Active
C01579,William Singh,william.singh1579@example.com,27,Male,Nagpur,West,2024-09-08,Active
C01580,Ishita Malhotra,ishita.malhotra1580@example.com,26,Other,Bhubaneswar,East,2024-12-03,Active
C01581,Meera Wilson,meera.wilson1581@example.com,37,Male,Goa,West,2023-01-04,Inactive
C01582,Daniel Das,daniel.das1582@example.com,46,Male,Kolkata,East,2025-04-06,Active
C01583,Divya Brown,divya.brown1583@example.com,24,Female,Pune,West,2025-01-26,Active
C01584,Meera Brown,meera.brown1584@example.com,35,Other,Lucknow,North,2025-05-27,Active
C01585,Karan Nair,karan.nair1585@example.com,39,Other,Dehradun,North,2023-07-19,Active
C01586,Pooja Reddy,pooja.reddy1586@example.com,41,Female,Jaipur,North,2025-05-02,Active
C01587,David Malhotra,david.malhotra1587@example.com,36,Male,Pune,West,2024-05-08,Active
C01588,Rohan Verma,rohan.verma1588@example.com,31,Other,Bengaluru,South,2024-12-17,Active
C01589,Aarav Verma,aarav.verma1589@example.com,26,Female,Nagpur,West,2024-01-28,Active
C01590,Vikram Wilson,vikram.wilson1590@example.com,35,Female,Mysuru,South,2024-11-17,Active
C01591,Daniel Taylor,daniel.taylor1591@example.com,24,Female,Coimbatore,South,2023-04-03,Active
C01592,Mia Williams,mia.williams1592@example.com,18,Other,Bhubaneswar,East,2023-03-08,Active
C01593,Emma Taylor,emma.taylor1593@example.com,39,Other,Nagpur,West,2024-01-26,Active
C01594,Sneha Mehta,sneha.mehta1594@example.com,44,Male,Pune,West,2023-10-25,Active
C01595,Emma Williams,emma.williams1595@example.com,18,Male,Lucknow,North,2025-02-01,Inactive
C01596,Isabella Iyer,isabella.iyer1596@example.com,24,Female,Bhubaneswar,East,2024-08-13,Active
C01597,Varun Johnson,varun.johnson1597@example.com,41,Male,Kolkata,East,2025-05-17,Active
C01598,Michael Das,michael.das1598@example.com,55,Other,Ahmedabad,West,2025-03-26,Active
C01599,Karan Sharma,karan.sharma1599@example.com,35,Other,Hyderabad,South,2025-05-22,Active
C01600,William Rao,william.rao1600@example.com,27,Female,Chennai,South,2024-11-27,Active
C01601,Emma Wilson,emma.wilson1601@example.com,33,Other,Bhubaneswar,East,2023-02-05,Active
C01602,James Kumar,james.kumar1602@example.com,48,Female,Guwahati,East,2025-05-18,Active
C01603,William Gupta,william.gupta1603@example.com,28,Female,Nagpur,West,2023-10-26,Active
C01604,Sophia Iyer,sophia.iyer1604@example.com,27,Male,Mumbai,West,2025-04-27,Active
C01605,Emma Patel,emma.patel1605@example.com,30,Male,Mysuru,South,2025-05-27,Active
C01606,William Wilson,william.wilson1606@example.com,25,Male,Ahmedabad,West,2023-01-23,Active
C01607,Olivia Brown,olivia.brown1607@example.com,36,Female,Ranchi,East,2025-02-14,Active
C01608,Emma Nair,emma.nair1608@example.com,51,Female,Amritsar,North,2024-12-14,Inactive
C01609,Rahul Iyer,rahul.iyer1609@example.com,38,Other,Mumbai,West,2025-06-05,Active
C01610,Daniel Verma,daniel.verma1610@example.com,32,Other,Ranchi,East,2023-05-21,Active
C01611,David Singh,david.singh1611@example.com,32,Male,Ahmedabad,West,2023-08-12,Active
C01612,Daniel Sharma,daniel.sharma1612@example.com,19,Female,Mysuru,South,2025-01-13,Inactive
C01613,Sophia Singh,sophia.singh1613@example.com,43,Female,Dehradun,North,2024-03-13,Active
C01614,Ananya Das,ananya.das1614@example.com,34,Female,Hyderabad,South,2023-07-03,Inactive
C01615,Daniel Iyer,daniel.iyer1615@example.com,33,Other,Amritsar,North,2024-03-20,Inactive
C01616,Aanya Kumar,aanya.kumar1616@example.com,66,Male,Pune,West,2024-02-11,Active
C01617,Emma Joshi,emma.joshi1617@example.com,37,Other,Mysuru,South,2025-03-25,Active
C01618,Isabella Miller,isabella.miller1618@example.com,27,Female,Chandigarh,North,2023-10-09,Active
C01619,Aarav Kumar,aarav.kumar1619@example.com,30,Male,Ahmedabad,West,2023-03-26,Active
C01620,Varun Williams,varun.williams1620@example.com,46,Other,Hyderabad,South,2024-05-06,Active
C01621,Priya Joshi,priya.joshi1621@example.com,36,Female,Amritsar,North,2024-10-22,Active
C01622,Rahul Kumar,rahul.kumar1622@example.com,20,Female,Guwahati,East,2023-03-07,Active
C01623,William Moore,william.moore1623@example.com,44,Male,Kochi,South,2024-02-08,Active
C01624,Sanjay Williams,sanjay.williams1624@example.com,28,Other,Mumbai,West,2024-12-31,Active
C01625,Olivia Kumar,olivia.kumar1625@example.com,53,Male,Jaipur,North,2025-06-01,Active
C01626,Kavya Malhotra,kavya.malhotra1626@example.com,45,Female,Hyderabad,South,2023-05-06,Active
C01627,Priya Reddy,priya.reddy1627@example.com,30,Other,Mysuru,South,2023-09-20,Inactive
C01628,Ananya Smith,ananya.smith1628@example.com,47,Female,Delhi,North,2024-01-08,Inactive
C01629,Olivia Sharma,olivia.sharma1629@example.com,35,Male,Kochi,South,2023-11-04,Active
C01630,Nikhil Singh,nikhil.singh1630@example.com,43,Other,Guwahati,East,2024-05-17,Active
C01631,Kavya Smith,kavya.smith1631@example.com,39,Male,Guwahati,East,2024-12-05,Active
C01632,Aanya Gupta,aanya.gupta1632@example.com,26,Male,Jaipur,North,2023-11-03,Inactive
C01633,Divya Johnson,divya.johnson1633@example.com,28,Male,Bengaluru,South,2024-08-28,Active
C01634,Divya Kapoor,divya.kapoor1634@example.com,45,Male,Mysuru,South,2024-07-17,Active
C01635,David Verma,david.verma1635@example.com,31,Female,Nagpur,West,2024-04-12,Active
C01636,James Singh,james.singh1636@example.com,30,Other,Ranchi,East,2023-07-28,Active
C01637,James Das,james.das1637@example.com,25,Other,Bhubaneswar,East,2024-11-04,Active
C01638,William Singh,william.singh1638@example.com,39,Female,Kochi,South,2025-03-17,Active
C01639,Sneha Reddy,sneha.reddy1639@example.com,55,Female,Amritsar,North,2023-05-08,Active
C01640,Aditya Miller,aditya.miller1640@example.com,24,Male,Mumbai,West,2024-01-07,Inactive
C01641,Isabella Rao,isabella.rao1641@example.com,35,Female,Bhubaneswar,East,2023-01-11,Active
C01642,Ananya Kumar,ananya.kumar1642@example.com,49,Male,Kochi,South,2024-06-23,Active
C01643,William Brown,william.brown1643@example.com,34,Male,Guwahati,East,2024-06-25,Active
C01644,Vikram Davis,vikram.davis1644@example.com,39,Male,Guwahati,East,2023-02-19,Active
C01645,Ishita Taylor,ishita.taylor1645@example.com,24,Other,Pune,West,2025-03-18,Active
C01646,Varun Singh,varun.singh1646@example.com,39,Female,Surat,West,2023-01-10,Active
C01647,Rahul Singh,rahul.singh1647@example.com,33,Female,Mysuru,South,2024-08-04,Active
C01648,Daniel Das,daniel.das1648@example.com,44,Other,Dehradun,North,2025-03-07,Active
C01649,Nikhil Verma,nikhil.verma1649@example.com,46,Female,Nagpur,West,2023-12-29,Active
C01650,Meera Smith,meera.smith1650@example.com,60,Other,Patna,East,2025-06-21,Inactive
C01651,Daniel Reddy,daniel.reddy1651@example.com,40,Female,Chennai,South,2024-02-21,Active
C01652,Arjun Reddy,arjun.reddy1652@example.com,38,Other,Dehradun,North,2023-09-03,Inactive
C01653,Aanya Reddy,aanya.reddy1653@example.com,36,Other,Coimbatore,South,2023-10-20,Active
C01654,Meera Wilson,meera.wilson1654@example.com,31,Other,Mumbai,West,2025-01-18,Active
C01655,Olivia Wilson,olivia.wilson1655@example.com,38,Other,Goa,West,2024-12-15,Active
C01656,Rohan Taylor,rohan.taylor1656@example.com,32,Male,Amritsar,North,2025-01-01,Active
C01657,Emma Wilson,emma.wilson1657@example.com,36,Other,Bhubaneswar,East,2024-12-01,Active
C01658,Olivia Anderson,olivia.anderson1658@example.com,48,Other,Pune,West,2023-08-19,Active
C01659,Sanjay Das,sanjay.das1659@example.com,24,Male,Bhubaneswar,East,2024-03-08,Active
C01660,Ananya Iyer,ananya.iyer1660@example.com,46,Other,Chennai,South,2023-09-13,Inactive
C01661,Neha Brown,neha.brown1661@example.com,48,Female,Lucknow,North,2023-09-29,Active
C01662,Mia Nair,mia.nair1662@example.com,33,Other,Pune,West,2024-06-11,Inactive
C01663,David Davis,david.davis1663@example.com,18,Female,Chandigarh,North,2023-02-28,Active
C01664,Neha Das,neha.das1664@example.com,28,Male,Ahmedabad,West,2023-01-06,Active
C01665,Ishita Sharma,ishita.sharma1665@example.com,47,Male,Kochi,South,2024-03-17,Active
C01666,Sanjay Singh,sanjay.singh1666@example.com,34,Female,Amritsar,North,2023-05-07,Inactive
C01667,Michael Wilson,michael.wilson1667@example.com,25,Female,Jaipur,North,2023-08-20,Active
C01668,Ishita Kapoor,ishita.kapoor1668@example.com,29,Male,Patna,East,2024-07-03,Active
C01669,Olivia Malhotra,olivia.malhotra1669@example.com,43,Male,Chandigarh,North,2023-05-24,Active
C01670,Ishita Moore,ishita.moore1670@example.com,40,Male,Mumbai,West,2023-04-24,Active
C01671,Karan Kapoor,karan.kapoor1671@example.com,32,Other,Jaipur,North,2023-12-06,Inactive
C01672,Rohan Brown,rohan.brown1672@example.com,31,Other,Mysuru,South,2023-09-30,Active
C01673,Pooja Wilson,pooja.wilson1673@example.com,31,Other,Goa,West,2023-05-11,Active
C01674,Emma Taylor,emma.taylor1674@example.com,25,Female,Goa,West,2023-05-15,Active
C01675,Rahul Singh,rahul.singh1675@example.com,51,Female,Delhi,North,2024-05-27,Active
C01676,Olivia Iyer,olivia.iyer1676@example.com,31,Female,Hyderabad,South,2024-09-03,Active
C01677,Neha Nair,neha.nair1677@example.com,47,Female,Surat,West,2023-03-26,Active
C01678,Rahul Taylor,rahul.taylor1678@example.com,50,Other,Coimbatore,South,2023-07-11,Active
C01679,James Rao,james.rao1679@example.com,44,Other,Lucknow,North,2025-04-20,Active
C01680,Sophia Kumar,sophia.kumar1680@example.com,30,Other,Nagpur,West,2025-01-17,Active
C01681,Isabella Williams,isabella.williams1681@example.com,39,Other,Bengaluru,South,2024-10-11,Active
C01682,Karan Patel,karan.patel1682@example.com,34,Female,Jaipur,North,2023-07-16,Inactive
C01683,Divya Gupta,divya.gupta1683@example.com,25,Male,Mumbai,West,2025-06-04,Active
C01684,Neha Moore,neha.moore1684@example.com,38,Other,Goa,West,2023-08-25,Active
C01685,Aanya Smith,aanya.smith1685@example.com,23,Female,Surat,West,2024-10-21,Active
C01686,Ishita Mehta,ishita.mehta1686@example.com,46,Female,Lucknow,North,2024-12-29,Active
C01687,Priya Patel,priya.patel1687@example.com,30,Male,Kolkata,East,2023-02-23,Active
C01688,Neha Brown,neha.brown1688@example.com,37,Female,Bhubaneswar,East,2024-09-13,Active
C01689,Pooja Das,pooja.das1689@example.com,37,Female,Chennai,South,2023-11-08,Active
C01690,Kavya Anderson,kavya.anderson1690@example.com,32,Male,Dehradun,North,2023-12-06,Active
C01691,Sanjay Davis,sanjay.davis1691@example.com,40,Female,Guwahati,East,2023-09-01,Active
C01692,Karan Reddy,karan.reddy1692@example.com,30,Male,Coimbatore,South,2023-05-14,Active
C01693,Varun Miller,varun.miller1693@example.com,43,Male,Delhi,North,2023-07-17,Active
C01694,Kavya Davis,kavya.davis1694@example.com,21,Female,Delhi,North,2023-11-05,Active
C01695,Emma Singh,emma.singh1695@example.com,36,Male,Coimbatore,South,2023-05-11,Active
C01696,Ishita Das,ishita.das1696@example.com,54,Female,Guwahati,East,2024-10-06,Active
C01697,Pooja Kapoor,pooja.kapoor1697@example.com,24,Other,Mumbai,West,2024-05-30,Active
C01698,Vikram Moore,vikram.moore1698@example.com,28,Male,Coimbatore,South,2023-10-24,Active
C01699,Rohan Taylor,rohan.taylor1699@example.com,40,Female,Dehradun,North,2024-05-21,Active
C01700,Nikhil Anderson,nikhil.anderson1700@example.com,36,Other,Jaipur,North,2024-01-29,Active
C01701,Divya Mehta,divya.mehta1701@example.com,38,Male,Surat,West,2023-07-08,Active
C01702,James Sharma,james.sharma1702@example.com,39,Other,Coimbatore,South,2024-04-11,Active
C01703,Isabella Rao,isabella.rao1703@example.com,41,Female,Patna,East,2024-12-26,Active
C01704,Sneha Patel,sneha.patel1704@example.com,46,Other,Jaipur,North,2023-09-01,Active
C01705,Mia Singh,mia.singh1705@example.com,39,Female,Chennai,South,2025-06-13,Active
C01706,Kavya Kumar,kavya.kumar1706@example.com,32,Male,Bengaluru,South,2024-10-26,Active
C01707,Arjun Moore,arjun.moore1707@example.com,41,Other,Patna,East,2023-09-28,Active
C01708,Neha Iyer,neha.iyer1708@example.com,53,Male,Goa,West,2024-10-02,Active
C01709,Emma Mehta,emma.mehta1709@example.com,33,Male,Bhubaneswar,East,2023-09-20,Inactive
C01710,Emma Moore,emma.moore1710@example.com,25,Female,Dehradun,North,2024-10-31,Active
C01711,Sneha Iyer,sneha.iyer1711@example.com,46,Female,Kochi,South,2023-07-28,Active
C01712,Nikhil Rao,nikhil.rao1712@example.com,33,Other,Pune,West,2025-01-13,Active
C01713,Arjun Brown,arjun.brown1713@example.com,18,Male,Kochi,South,2024-04-15,Active
C01714,Varun Brown,varun.brown1714@example.com,43,Other,Bengaluru,South,2023-07-04,Active
C01715,Priya Verma,priya.verma1715@example.com,29,Female,Lucknow,North,2024-12-04,Active
C01716,Arjun Kapoor,arjun.kapoor1716@example.com,34,Male,Jaipur,North,2024-04-10,Inactive
C01717,Emma Smith,emma.smith1717@example.com,38,Male,Mumbai,West,2025-01-14,Active
C01718,Ananya Joshi,ananya.joshi1718@example.com,36,Female,Amritsar,North,2023-01-22,Active
C01719,Mia Patel,mia.patel1719@example.com,42,Male,Dehradun,North,2023-09-12,Active
C01720,Daniel Davis,daniel.davis1720@example.com,30,Male,Bhubaneswar,East,2025-03-22,Inactive
C01721,Emma Iyer,emma.iyer1721@example.com,40,Other,Amritsar,North,2023-03-29,Active
C01722,David Malhotra,david.malhotra1722@example.com,32,Male,Goa,West,2023-11-11,Active
C01723,Aanya Johnson,aanya.johnson1723@example.com,42,Other,Bengaluru,South,2023-10-01,Active
C01724,William Patel,william.patel1724@example.com,41,Male,Delhi,North,2024-07-11,Active
C01725,Aarav Rao,aarav.rao1725@example.com,25,Male,Pune,West,2023-08-21,Active
C01726,Daniel Nair,daniel.nair1726@example.com,45,Male,Chennai,South,2025-06-19,Active
C01727,Priya Kumar,priya.kumar1727@example.com,29,Male,Chandigarh,North,2023-04-15,Inactive
C01728,Arjun Davis,arjun.davis1728@example.com,43,Female,Patna,East,2023-05-02,Active
C01729,Divya Singh,divya.singh1729@example.com,38,Male,Delhi,North,2024-03-14,Active
C01730,Meera Singh,meera.singh1730@example.com,53,Other,Mysuru,South,2024-12-04,Active
C01731,David Kumar,david.kumar1731@example.com,32,Female,Patna,East,2024-05-26,Active
C01732,Sophia Sharma,sophia.sharma1732@example.com,31,Male,Kolkata,East,2025-03-07,Active
C01733,Karan Malhotra,karan.malhotra1733@example.com,34,Other,Bhubaneswar,East,2025-03-26,Active
C01734,Ananya Williams,ananya.williams1734@example.com,31,Female,Mumbai,West,2025-01-14,Active
C01735,Rahul Verma,rahul.verma1735@example.com,42,Female,Lucknow,North,2023-12-28,Active
C01736,James Kapoor,james.kapoor1736@example.com,18,Other,Surat,West,2025-03-23,Active
C01737,Mia Rao,mia.rao1737@example.com,24,Female,Mysuru,South,2024-03-04,Active
C01738,Kavya Rao,kavya.rao1738@example.com,24,Female,Goa,West,2023-03-27,Active
C01739,Varun Anderson,varun.anderson1739@example.com,44,Other,Goa,West,2025-04-10,Active
C01740,Ishita Sharma,ishita.sharma1740@example.com,52,Male,Jaipur,North,2025-05-21,Active
C01741,Mia Kumar,mia.kumar1741@example.com,33,Male,Pune,West,2023-12-24,Active
C01742,Nikhil Singh,nikhil.singh1742@example.com,33,Other,Chennai,South,2024-03-07,Active
C01743,Emma Singh,emma.singh1743@example.com,35,Male,Hyderabad,South,2024-12-13,Active
C01744,Aarav Moore,aarav.moore1744@example.com,46,Female,Nagpur,West,2024-01-16,Active
C01745,Varun Reddy,varun.reddy1745@example.com,25,Female,Dehradun,North,2025-05-07,Active
C01746,Rahul Das,rahul.das1746@example.com,37,Male,Hyderabad,South,2023-03-22,Active
C01747,William Kapoor,william.kapoor1747@example.com,44,Male,Amritsar,North,2025-02-22,Active
C01748,Sanjay Moore,sanjay.moore1748@example.com,40,Female,Mysuru,South,2024-04-26,Active
C01749,Sophia Miller,sophia.miller1749@example.com,36,Other,Ranchi,East,2023-01-14,Active
C01750,David Miller,david.miller1750@example.com,45,Male,Hyderabad,South,2024-09-10,Active
C01751,Karan Kapoor,karan.kapoor1751@example.com,18,Other,Hyderabad,South,2025-06-15,Active
C01752,Sanjay Nair,sanjay.nair1752@example.com,41,Other,Guwahati,East,2023-08-21,Active
C01753,Arjun Smith,arjun.smith1753@example.com,28,Female,Chennai,South,2023-05-09,Active
C01754,Aanya Rao,aanya.rao1754@example.com,18,Female,Goa,West,2023-07-08,Inactive
C01755,Nikhil Brown,nikhil.brown1755@example.com,40,Female,Dehradun,North,2024-10-30,Active
C01756,Aanya Das,aanya.das1756@example.com,48,Other,Pune,West,2024-03-10,Active
C01757,Arjun Das,arjun.das1757@example.com,33,Other,Delhi,North,2025-03-08,Inactive
C01758,Neha Verma,neha.verma1758@example.com,44,Other,Jaipur,North,2023-04-20,Active
C01759,Rohan Johnson,rohan.johnson1759@example.com,51,Male,Lucknow,North,2024-10-15,Inactive
C01760,Arjun Williams,arjun.williams1760@example.com,48,Other,Chennai,South,2023-02-15,Active
C01761,Aanya Iyer,aanya.iyer1761@example.com,51,Male,Mumbai,West,2023-11-13,Active
C01762,Karan Smith,karan.smith1762@example.com,42,Male,Patna,East,2023-11-19,Active
C01763,James Wilson,james.wilson1763@example.com,35,Male,Bhubaneswar,East,2023-12-06,Active
C01764,Sophia Anderson,sophia.anderson1764@example.com,18,Male,Amritsar,North,2023-01-25,Active
C01765,Varun Patel,varun.patel1765@example.com,32,Female,Surat,West,2023-06-15,Active
C01766,David Miller,david.miller1766@example.com,26,Male,Mumbai,West,2025-01-05,Active
C01767,Daniel Singh,daniel.singh1767@example.com,56,Other,Mysuru,South,2023-06-14,Inactive
C01768,Sophia Singh,sophia.singh1768@example.com,33,Female,Ranchi,East,2023-10-25,Active
C01769,David Moore,,36,Other,Mumbai,West,2024-02-01,Active
C01770,Varun Miller,varun.miller1770@example.com,40,Female,Jaipur,North,2023-04-10,Active
C01771,Kavya Reddy,kavya.reddy1771@example.com,35,Female,Chennai,South,2023-04-07,Active
C01772,Priya Reddy,priya.reddy1772@example.com,51,Female,Chennai,South,2024-08-13,Active
C01773,Priya Moore,priya.moore1773@example.com,28,Female,Delhi,North,2023-09-22,Inactive
C01774,Daniel Singh,daniel.singh1774@example.com,36,Male,Ranchi,East,2024-08-05,Active
C01775,Karan Kapoor,karan.kapoor1775@example.com,27,Other,Patna,East,2024-11-27,Active
C01776,Isabella Davis,isabella.davis1776@example.com,21,Female,Guwahati,East,2024-01-18,Active
C01777,Nikhil Mehta,nikhil.mehta1777@example.com,28,Other,Goa,West,2023-02-13,Active
C01778,Sophia Rao,sophia.rao1778@example.com,34,Other,Dehradun,North,2025-04-20,Active
C01779,Neha Joshi,neha.joshi1779@example.com,30,Male,Hyderabad,South,2024-08-06,Active
C01780,Karan Malhotra,karan.malhotra1780@example.com,28,Other,Jaipur,North,2023-04-06,Active
C01781,Kavya Malhotra,kavya.malhotra1781@example.com,20,Male,Nagpur,West,2023-03-29,Active
C01782,Michael Kapoor,michael.kapoor1782@example.com,34,Male,Chandigarh,North,2024-02-16,Active
C01783,Divya Brown,divya.brown1783@example.com,19,Male,Patna,East,2024-12-20,Active
C01784,Nikhil Patel,nikhil.patel1784@example.com,42,Other,Lucknow,North,2023-06-09,Inactive
C01785,Rohan Iyer,rohan.iyer1785@example.com,35,Other,Mysuru,South,2023-02-02,Inactive
C01786,Mia Das,mia.das1786@example.com,20,Female,Mumbai,West,2024-04-29,Active
C01787,Michael Wilson,michael.wilson1787@example.com,31,Female,Hyderabad,South,2023-10-04,Active
C01788,Rahul Reddy,rahul.reddy1788@example.com,27,Female,Hyderabad,South,2024-02-19,Active
C01789,Sanjay Gupta,sanjay.gupta1789@example.com,38,Other,Surat,West,2023-09-23,Active
C01790,David Kapoor,david.kapoor1790@example.com,48,Female,Delhi,North,2025-02-10,Active
C01791,Meera Brown,meera.brown1791@example.com,18,Female,Chennai,South,2024-07-02,Active
C01792,Meera Das,meera.das1792@example.com,36,Other,Mysuru,South,2024-08-07,Active
C01793,Sophia Davis,sophia.davis1793@example.com,33,Male,Amritsar,North,2023-03-21,Active
C01794,Olivia Taylor,olivia.taylor1794@example.com,41,Other,Chennai,South,2025-04-25,Active
C01795,Rahul Malhotra,rahul.malhotra1795@example.com,37,Male,Kolkata,East,2024-05-26,Inactive
C01796,Meera Mehta,meera.mehta1796@example.com,27,Other,Dehradun,North,2025-01-09,Active
C01797,Daniel Malhotra,daniel.malhotra1797@example.com,31,Other,Pune,West,2024-08-15,Active
C01798,Rohan Kapoor,rohan.kapoor1798@example.com,27,Other,Mysuru,South,2024-07-13,Active
C01799,Ishita Gupta,ishita.gupta1799@example.com,45,Male,Pune,West,2024-11-26,Active
C01800,William Das,william.das1800@example.com,35,Male,Lucknow,North,2023-11-06,Inactive
C01801,Pooja Miller,pooja.miller1801@example.com,54,Female,Dehradun,North,2024-02-28,Active
C01802,Meera Smith,meera.smith1802@example.com,34,Female,Guwahati,East,2023-04-27,Inactive
C01803,Ishita Verma,ishita.verma1803@example.com,27,Other,Surat,West,2024-09-01,Active
C01804,Neha Wilson,neha.wilson1804@example.com,19,Other,Surat,West,2024-11-27,Active
C01805,Mia Kumar,mia.kumar1805@example.com,18,Male,Guwahati,East,2025-04-05,Inactive
C01806,Aarav Davis,aarav.davis1806@example.com,19,Female,Dehradun,North,2023-04-17,Active
C01807,Nikhil Smith,nikhil.smith1807@example.com,37,Other,Dehradun,North,2025-04-05,Active
C01808,Rohan Rao,rohan.rao1808@example.com,40,Female,Ranchi,East,2024-07-18,Active
C01809,Ananya Das,ananya.das1809@example.com,19,Female,Kochi,South,2024-02-27,Inactive
C01810,Ishita Rao,ishita.rao1810@example.com,43,Other,Mumbai,West,2023-10-18,Active
C01811,William Kapoor,william.kapoor1811@example.com,30,Other,Patna,East,2023-09-05,Active
C01812,Aarav Sharma,aarav.sharma1812@example.com,36,Male,Mumbai,West,2025-03-20,Active
C01813,Priya Williams,priya.williams1813@example.com,51,Female,Patna,East,2023-09-05,Active
C01814,Divya Miller,divya.miller1814@example.com,43,Female,Pune,West,2025-04-28,Active
C01815,Daniel Joshi,daniel.joshi1815@example.com,32,Other,Pune,West,2023-06-27,Active
C01816,Priya Kapoor,priya.kapoor1816@example.com,26,Male,Guwahati,East,2023-04-12,Active
C01817,Ananya Miller,ananya.miller1817@example.com,18,Other,Coimbatore,South,2025-03-14,Active
C01818,Priya Iyer,priya.iyer1818@example.com,27,Male,Guwahati,East,2023-04-06,Active
C01819,Daniel Anderson,daniel.anderson1819@example.com,32,Other,Mumbai,West,2023-06-06,Active
C01820,Karan Sharma,karan.sharma1820@example.com,25,Other,Amritsar,North,2025-01-21,Active
C01821,Daniel Anderson,daniel.anderson1821@example.com,33,Female,Nagpur,West,2023-07-11,Active
C01822,Rohan Johnson,rohan.johnson1822@example.com,35,Male,Chennai,South,2025-01-13,Active
C01823,Olivia Patel,olivia.patel1823@example.com,32,Female,Ahmedabad,West,2023-03-26,Inactive
C01824,Varun Kumar,varun.kumar1824@example.com,28,Male,Dehradun,North,2024-04-15,Inactive
C01825,Rahul Nair,rahul.nair1825@example.com,36,Female,Delhi,North,2023-07-04,Active
C01826,Mia Gupta,mia.gupta1826@example.com,39,Female,Ahmedabad,West,2023-04-14,Active
C01827,Arjun Brown,arjun.brown1827@example.com,24,Other,Chandigarh,North,2023-03-20,Active
C01828,David Iyer,david.iyer1828@example.com,49,Other,Surat,West,2024-04-06,Active
C01829,Aarav Verma,aarav.verma1829@example.com,34,Other,Chennai,South,2024-08-03,Active
C01830,Aditya Das,aditya.das1830@example.com,35,Female,Delhi,North,2024-09-20,Active
C01831,Sanjay Taylor,sanjay.taylor1831@example.com,42,Female,Jaipur,North,2023-05-05,Active
C01832,Aarav Smith,aarav.smith1832@example.com,37,Other,Amritsar,North,2025-02-18,Active
C01833,David Gupta,david.gupta1833@example.com,44,Male,Kolkata,East,2023-12-02,Active
C01834,James Singh,james.singh1834@example.com,37,Female,Dehradun,North,2023-10-08,Active
C01835,James Johnson,james.johnson1835@example.com,28,Other,Lucknow,North,2023-10-29,Active
C01836,Sanjay Joshi,sanjay.joshi1836@example.com,38,Male,Surat,West,2023-09-14,Active
C01837,Ananya Williams,ananya.williams1837@example.com,23,Other,Ranchi,East,2023-11-16,Active
C01838,Pooja Kapoor,pooja.kapoor1838@example.com,36,Female,Mysuru,South,2024-03-09,Active
C01839,Divya Kumar,divya.kumar1839@example.com,34,Other,Patna,East,2024-01-28,Active
C01840,David Miller,david.miller1840@example.com,32,Male,Patna,East,2024-04-05,Active
C01841,Vikram Williams,vikram.williams1841@example.com,33,Female,Amritsar,North,2023-10-28,Active
C01842,Aarav Kumar,aarav.kumar1842@example.com,18,Male,Ranchi,East,2025-04-08,Active
C01843,Sneha Reddy,sneha.reddy1843@example.com,29,Male,Chennai,South,2024-11-03,Active
C01844,Ananya Sharma,ananya.sharma1844@example.com,35,Female,Chennai,South,2024-12-05,Active
C01845,Nikhil Williams,nikhil.williams1845@example.com,36,Female,Bhubaneswar,East,2023-08-27,Active
C01846,Divya Gupta,divya.gupta1846@example.com,24,Other,Ahmedabad,West,2023-08-11,Active
C01847,David Wilson,david.wilson1847@example.com,47,Male,Guwahati,East,2024-08-10,Inactive
C01848,Michael Kapoor,michael.kapoor1848@example.com,26,Female,Nagpur,West,2025-04-12,Active
C01849,Sophia Brown,sophia.brown1849@example.com,44,Female,Hyderabad,South,2023-02-17,Inactive
C01850,Ananya Malhotra,ananya.malhotra1850@example.com,39,Male,Mumbai,West,2024-09-07,Active
C01851,Varun Sharma,varun.sharma1851@example.com,28,Female,Pune,West,2023-01-19,Active
C01852,Neha Singh,neha.singh1852@example.com,52,Female,Chandigarh,North,2023-02-07,Inactive
C01853,Daniel Sharma,daniel.sharma1853@example.com,23,Male,Lucknow,North,2024-04-26,Active
C01854,Neha Mehta,neha.mehta1854@example.com,44,Female,Nagpur,West,2025-02-10,Active
C01855,Michael Iyer,michael.iyer1855@example.com,45,Female,Amritsar,North,2024-09-19,Active
C01856,Pooja Miller,pooja.miller1856@example.com,28,Male,Ranchi,East,2025-05-13,Active
C01857,Sneha Patel,sneha.patel1857@example.com,48,Male,Delhi,North,2023-05-23,Active
C01858,Sneha Verma,sneha.verma1858@example.com,32,Male,Ranchi,East,2023-07-15,Active
C01859,Aarav Moore,aarav.moore1859@example.com,37,Male,Guwahati,East,2023-09-23,Inactive
C01860,Aanya Nair,aanya.nair1860@example.com,37,Male,Delhi,North,2023-09-28,Active
C01861,James Verma,james.verma1861@example.com,33,Male,Ahmedabad,West,2024-08-20,Active
C01862,Isabella Singh,isabella.singh1862@example.com,43,Other,Chennai,South,2025-06-28,Inactive
C01863,Nikhil Wilson,nikhil.wilson1863@example.com,42,Male,Nagpur,West,2024-06-18,Active
C01864,Pooja Mehta,pooja.mehta1864@example.com,18,Female,Nagpur,West,2025-03-02,Active
C01865,Vikram Anderson,vikram.anderson1865@example.com,48,Female,Hyderabad,South,2024-12-29,Active
C01866,Daniel Taylor,daniel.taylor1866@example.com,18,Male,Mysuru,South,2024-12-12,Active
C01867,Rohan Sharma,rohan.sharma1867@example.com,45,Other,Mumbai,West,2023-08-10,Active
C01868,Pooja Kumar,pooja.kumar1868@example.com,46,Female,Pune,West,2023-08-02,Active
C01869,James Malhotra,james.malhotra1869@example.com,24,Other,Patna,East,2023-06-07,Inactive
C01870,Sneha Das,sneha.das1870@example.com,30,Female,Jaipur,North,2024-04-08,Inactive
C01871,Rohan Reddy,rohan.reddy1871@example.com,23,Female,Kochi,South,2024-03-09,Active
C01872,Daniel Kumar,daniel.kumar1872@example.com,32,Male,Guwahati,East,2024-04-17,Inactive
C01873,Aarav Malhotra,aarav.malhotra1873@example.com,31,Male,Jaipur,North,2023-10-01,Active
C01874,Vikram Kumar,vikram.kumar1874@example.com,42,Other,Ahmedabad,West,2023-03-28,Active
C01875,Karan Smith,karan.smith1875@example.com,48,Female,Bengaluru,South,2024-06-04,Active
C01876,Ishita Kumar,ishita.kumar1876@example.com,48,Male,Ahmedabad,West,2024-10-26,Active
C01877,Neha Gupta,neha.gupta1877@example.com,29,Female,Pune,West,2023-06-30,Active
C01878,Meera Kumar,meera.kumar1878@example.com,32,Other,Goa,West,2023-02-21,Active
C01879,Ananya Patel,ananya.patel1879@example.com,18,Male,Jaipur,North,2024-08-12,Active
C01880,Ananya Mehta,ananya.mehta1880@example.com,26,Male,Amritsar,North,2025-06-22,Active
C01881,Karan Kumar,karan.kumar1881@example.com,44,Male,Surat,West,2025-01-21,Inactive
C01882,Rohan Verma,rohan.verma1882@example.com,51,Male,Ranchi,East,2023-12-22,Active
C01883,Ananya Verma,ananya.verma1883@example.com,22,Other,Kolkata,East,2024-12-18,Active
C01884,Priya Iyer,priya.iyer1884@example.com,29,Other,Bhubaneswar,East,2023-03-13,Active
C01885,Rahul Sharma,rahul.sharma1885@example.com,34,Other,Ranchi,East,2024-04-30,Active
C01886,Vikram Reddy,vikram.reddy1886@example.com,37,Male,Jaipur,North,2024-11-26,Active
C01887,Ishita Brown,ishita.brown1887@example.com,26,Other,Amritsar,North,2023-01-02,Active
C01888,Ananya Patel,ananya.patel1888@example.com,39,Male,Kochi,South,2024-08-03,Active
C01889,Sanjay Smith,sanjay.smith1889@example.com,30,Male,Bhubaneswar,East,2025-02-12,Active
C01890,Neha Taylor,neha.taylor1890@example.com,34,Female,Delhi,North,2024-04-08,Active
C01891,Vikram Wilson,vikram.wilson1891@example.com,40,Female,Guwahati,East,2023-09-17,Active
C01892,Neha Moore,neha.moore1892@example.com,35,Female,Lucknow,North,2024-06-14,Active
C01893,Vikram Wilson,vikram.wilson1893@example.com,30,Other,Mumbai,West,2025-01-15,Active
C01894,Isabella Rao,isabella.rao1894@example.com,33,Other,Kochi,South,2023-05-26,Active
C01895,Varun Taylor,varun.taylor1895@example.com,34,Other,Jaipur,North,2024-03-17,Active
C01896,Mia Joshi,mia.joshi1896@example.com,31,Other,Jaipur,North,2023-04-21,Inactive
C01897,Priya Mehta,priya.mehta1897@example.com,32,Other,Goa,West,2023-12-24,Inactive
C01898,Meera Mehta,meera.mehta1898@example.com,50,Female,Goa,West,2023-07-15,Active
C01899,Ananya Kapoor,ananya.kapoor1899@example.com,40,Female,Guwahati,East,2024-08-03,Inactive
C01900,Ananya Sharma,ananya.sharma1900@example.com,32,Female,Patna,East,2024-12-02,Active
C01901,Neha Davis,neha.davis1901@example.com,41,Other,Coimbatore,South,2024-11-11,Active
C01902,Arjun Nair,arjun.nair1902@example.com,31,Male,Ahmedabad,West,2024-04-09,Active
C01903,Ananya Patel,ananya.patel1903@example.com,46,Female,Guwahati,East,2023-11-10,Active
C01904,Aanya Mehta,aanya.mehta1904@example.com,38,Male,Kolkata,East,2023-12-25,Inactive
C01905,James Mehta,james.mehta1905@example.com,33,Male,Hyderabad,South,2025-01-20,Active
C01906,Sneha Patel,sneha.patel1906@example.com,39,Female,Lucknow,North,2023-12-30,Active
C01907,Karan Kumar,karan.kumar1907@example.com,19,Female,Surat,West,2023-11-06,Active
C01908,Meera Wilson,meera.wilson1908@example.com,23,Female,Coimbatore,South,2025-04-03,Active
C01909,Rahul Kapoor,rahul.kapoor1909@example.com,23,Other,Chennai,South,2023-07-24,Active
C01910,Varun Miller,varun.miller1910@example.com,36,Female,Lucknow,North,2024-07-12,Active
C01911,Rahul Smith,rahul.smith1911@example.com,52,Female,Mumbai,West,2024-12-11,Active
C01912,Ishita Kapoor,ishita.kapoor1912@example.com,57,Female,Ranchi,East,2024-03-06,Inactive
C01913,Mia Johnson,mia.johnson1913@example.com,41,Male,Mumbai,West,2025-02-24,Active
C01914,Mia Nair,mia.nair1914@example.com,40,Male,Coimbatore,South,2024-08-17,Active
C01915,Kavya Williams,kavya.williams1915@example.com,18,Female,Coimbatore,South,2023-02-24,Active
C01916,Karan Wilson,karan.wilson1916@example.com,29,Male,Pune,West,2024-04-18,Active
C01917,Arjun Patel,arjun.patel1917@example.com,27,Female,Mumbai,West,2025-04-29,Inactive
C01918,Divya Kumar,divya.kumar1918@example.com,28,Female,Lucknow,North,2024-08-02,Active
C01919,Ananya Taylor,ananya.taylor1919@example.com,33,Other,Kolkata,East,2024-11-21,Active
C01920,Rohan Smith,rohan.smith1920@example.com,30,Male,Dehradun,North,2024-07-29,Active
C01921,Sneha Wilson,sneha.wilson1921@example.com,18,Other,Pune,West,2025-05-22,Active
C01922,Sophia Brown,sophia.brown1922@example.com,42,Other,Kolkata,East,2024-12-05,Active
C01923,Rahul Davis,rahul.davis1923@example.com,24,Male,Delhi,North,2024-06-16,Active
C01924,Pooja Sharma,pooja.sharma1924@example.com,37,Other,Hyderabad,South,2024-03-30,Active
C01925,Karan Brown,karan.brown1925@example.com,55,Male,Lucknow,North,2025-04-19,Active
C01926,Olivia Malhotra,olivia.malhotra1926@example.com,25,Other,Guwahati,East,2024-09-23,Active
C01927,Aarav Verma,aarav.verma1927@example.com,18,Male,Mysuru,South,2025-04-18,Active
C01928,Sanjay Taylor,sanjay.taylor1928@example.com,32,Other,Bengaluru,South,2024-07-13,Active
C01929,Neha Wilson,neha.wilson1929@example.com,46,Male,Ahmedabad,West,2024-08-25,Active
C01930,Karan Moore,karan.moore1930@example.com,54,Male,Ranchi,East,2024-04-20,Active
C01931,Aarav Nair,aarav.nair1931@example.com,22,Female,Pune,West,2023-05-04,Active
C01932,Neha Patel,neha.patel1932@example.com,39,Other,Amritsar,North,2024-10-28,Inactive
C01933,Mia Das,mia.das1933@example.com,30,Male,Mumbai,West,2024-04-24,Inactive
C01934,Aarav Verma,aarav.verma1934@example.com,33,Female,Ahmedabad,West,2024-05-27,Inactive
C01935,David Moore,david.moore1935@example.com,61,Other,Chennai,South,2024-02-04,Active
C01936,Rahul Das,rahul.das1936@example.com,19,Other,Mysuru,South,2025-01-06,Active
C01937,Isabella Singh,isabella.singh1937@example.com,37,Female,Nagpur,West,2025-03-14,Active
C01938,Arjun Miller,arjun.miller1938@example.com,39,Female,Ranchi,East,2024-01-21,Inactive
C01939,James Smith,james.smith1939@example.com,45,Other,Coimbatore,South,2024-06-22,Active
C01940,Varun Das,varun.das1940@example.com,35,Other,Guwahati,East,2024-09-24,Inactive
C01941,Aarav Taylor,aarav.taylor1941@example.com,38,Male,Delhi,North,2023-08-26,Active
C01942,Mia Wilson,mia.wilson1942@example.com,31,Female,Chandigarh,North,2023-11-28,Active
C01943,David Verma,david.verma1943@example.com,37,Other,Hyderabad,South,2024-01-29,Active
C01944,Aanya Davis,aanya.davis1944@example.com,31,Female,Mumbai,West,2023-04-28,Active
C01945,Michael Das,michael.das1945@example.com,41,Other,Chandigarh,North,2024-10-08,Inactive
C01946,Ananya Moore,ananya.moore1946@example.com,31,Female,Chennai,South,2024-01-22,Active
C01947,Vikram Brown,vikram.brown1947@example.com,38,Female,Bengaluru,South,2024-11-26,Active
C01948,Priya Kapoor,priya.kapoor1948@example.com,34,Other,Mysuru,South,2025-04-08,Active
C01949,Aarav Miller,aarav.miller1949@example.com,46,Other,Amritsar,North,2023-04-09,Active
C01950,Ishita Anderson,ishita.anderson1950@example.com,34,Female,Hyderabad,South,2024-08-04,Active
C01951,Priya Wilson,priya.wilson1951@example.com,18,Other,Lucknow,North,2025-01-15,Active
C01952,William Gupta,william.gupta1952@example.com,47,Other,Pune,West,2025-04-27,Active
C01953,Divya Johnson,divya.johnson1953@example.com,25,Male,Patna,East,2025-03-31,Active
C01954,Karan Reddy,karan.reddy1954@example.com,28,Other,Nagpur,West,2023-03-22,Active
C01955,Ananya Brown,ananya.brown1955@example.com,29,Male,Kolkata,East,2023-02-22,Active
C01956,Sneha Nair,sneha.nair1956@example.com,48,Female,Kolkata,East,2024-02-04,Active
C01957,Neha Reddy,neha.reddy1957@example.com,18,Other,Jaipur,North,2024-08-12,Active
C01958,Divya Patel,divya.patel1958@example.com,66,Other,Ranchi,East,2024-12-15,Inactive
C01959,Daniel Sharma,daniel.sharma1959@example.com,45,Male,Ahmedabad,West,2023-12-13,Active
C01960,David Anderson,david.anderson1960@example.com,37,Male,Chennai,South,2023-05-23,Active
C01961,Sneha Brown,sneha.brown1961@example.com,34,Male,Kolkata,East,2025-04-04,Inactive
C01962,Arjun Kapoor,arjun.kapoor1962@example.com,37,Other,Lucknow,North,2025-01-27,Active
C01963,Pooja Singh,pooja.singh1963@example.com,40,Female,Amritsar,North,2025-01-10,Active
C01964,Sanjay Rao,sanjay.rao1964@example.com,41,Other,Chandigarh,North,2023-12-25,Active
C01965,Aarav Patel,aarav.patel1965@example.com,40,Male,Bhubaneswar,East,2025-03-03,Active
C01966,Divya Joshi,divya.joshi1966@example.com,35,Other,Coimbatore,South,2024-12-01,Active
C01967,Karan Anderson,karan.anderson1967@example.com,33,Female,Mumbai,West,2024-12-13,Active
C01968,Rahul Kumar,rahul.kumar1968@example.com,33,Female,Goa,West,2023-05-01,Inactive
C01969,Rohan Iyer,rohan.iyer1969@example.com,33,Female,Patna,East,2023-03-01,Active
C01970,Aarav Rao,aarav.rao1970@example.com,46,Female,Amritsar,North,2025-02-04,Active
C01971,Isabella Taylor,isabella.taylor1971@example.com,40,Male,Delhi,North,2025-04-12,Active
C01972,Nikhil Verma,nikhil.verma1972@example.com,18,Female,Jaipur,North,2023-02-14,Active
C01973,Rahul Davis,rahul.davis1973@example.com,41,Female,Chennai,South,2024-05-05,Active
C01974,Vikram Johnson,vikram.johnson1974@example.com,36,Male,Delhi,North,2024-05-21,Active
C01975,Nikhil Moore,nikhil.moore1975@example.com,34,Female,Bhubaneswar,East,2024-01-11,Active
C01976,Sanjay Mehta,sanjay.mehta1976@example.com,31,Female,Bhubaneswar,East,2024-12-15,Active
C01977,Ishita Kapoor,ishita.kapoor1977@example.com,46,Other,Delhi,North,2024-09-28,Active
C01978,Mia Singh,mia.singh1978@example.com,44,Other,Jaipur,North,2023-08-25,Active
C01979,Ishita Taylor,ishita.taylor1979@example.com,27,Male,Hyderabad,South,2023-02-06,Inactive
C01980,Michael Malhotra,michael.malhotra1980@example.com,39,Male,Nagpur,West,2023-01-22,Active
C01981,Vikram Williams,vikram.williams1981@example.com,25,Female,Lucknow,North,2023-11-04,Inactive
C01982,Vikram Davis,vikram.davis1982@example.com,21,Female,Delhi,North,2024-05-22,Active
C01983,Nikhil Patel,nikhil.patel1983@example.com,28,Male,Surat,West,2023-07-30,Active
C01984,Aanya Wilson,aanya.wilson1984@example.com,43,Female,Goa,West,2023-02-02,Active
C01985,Mia Davis,mia.davis1985@example.com,44,Female,Kolkata,East,2025-04-28,Inactive
C01986,Aditya Taylor,aditya.taylor1986@example.com,40,Other,Hyderabad,South,2024-03-20,Inactive
C01987,Kavya Joshi,kavya.joshi1987@example.com,42,Other,Delhi,North,2024-11-25,Active
C01988,Varun Taylor,varun.taylor1988@example.com,40,Other,Surat,West,2025-02-26,Active
C01989,Nikhil Taylor,nikhil.taylor1989@example.com,28,Male,Kochi,South,2023-05-16,Inactive
C01990,Arjun Rao,arjun.rao1990@example.com,39,Other,Patna,East,2023-10-30,Active
C01991,Divya Mehta,divya.mehta1991@example.com,43,Female,Mumbai,West,2023-10-03,Active
C01992,Neha Williams,neha.williams1992@example.com,42,Other,Delhi,North,2023-11-25,Inactive
C01993,Nikhil Sharma,nikhil.sharma1993@example.com,46,Female,Kochi,South,2023-01-10,Active
C01994,Daniel Johnson,daniel.johnson1994@example.com,42,Male,Ranchi,East,2024-02-23,Active
C01995,David Davis,david.davis1995@example.com,38,Other,Lucknow,North,2023-11-18,Inactive
C01996,Vikram Anderson,vikram.anderson1996@example.com,45,Female,Pune,West,2023-09-23,Inactive
C01997,Daniel Verma,daniel.verma1997@example.com,34,Male,Bengaluru,South,2025-06-11,Active
C01998,Ananya Miller,ananya.miller1998@example.com,26,Male,Jaipur,North,2023-07-08,Active
C01999,Aditya Patel,aditya.patel1999@example.com,33,Other,Goa,West,2025-01-04,Active
C02000,Aarav Wilson,aarav.wilson2000@example.com,27,Female,Patna,East,2024-07-07,Active
C02001,Ananya Reddy,ananya.reddy2001@example.com,28,Other,Chennai,South,2024-03-30,Active
C02002,Rohan Iyer,rohan.iyer2002@example.com,33,Other,Jaipur,North,2024-01-16,Inactive
C02003,Daniel Kapoor,daniel.kapoor2003@example.com,27,Female,Mumbai,West,2023-05-27,Active
C02004,Meera Miller,meera.miller2004@example.com,31,Female,Patna,East,2024-04-26,Inactive
C02005,Aarav Verma,aarav.verma2005@example.com,18,Female,Guwahati,East,2023-02-15,Active
C02006,Aarav Kumar,aarav.kumar2006@example.com,37,Other,Coimbatore,South,2023-08-05,Active
C02007,Karan Williams,karan.williams2007@example.com,35,Male,Bhubaneswar,East,2024-11-03,Active
C02008,Arjun Reddy,arjun.reddy2008@example.com,26,Male,Nagpur,West,2024-08-01,Active
C02009,Emma Kumar,emma.kumar2009@example.com,41,Other,Goa,West,2025-03-28,Active
C02010,Sanjay Smith,sanjay.smith2010@example.com,44,Female,Nagpur,West,2023-11-21,Active
C02011,Aditya Rao,aditya.rao2011@example.com,18,Female,Bhubaneswar,East,2023-08-25,Active
C02012,Sneha Malhotra,sneha.malhotra2012@example.com,27,Other,Dehradun,North,2025-06-20,Active
C02013,Kavya Smith,kavya.smith2013@example.com,27,Male,Lucknow,North,2024-01-06,Active
C02014,Sophia Kapoor,sophia.kapoor2014@example.com,25,Male,Kochi,South,2024-08-06,Inactive
C02015,Sneha Anderson,sneha.anderson2015@example.com,43,Female,Coimbatore,South,2024-11-21,Active
C02016,Vikram Nair,vikram.nair2016@example.com,33,Female,Coimbatore,South,2023-11-18,Active
C02017,Sanjay Singh,sanjay.singh2017@example.com,32,Other,Surat,West,2024-05-21,Active
C02018,David Malhotra,david.malhotra2018@example.com,18,Male,Bengaluru,South,2023-06-20,Active
C02019,James Brown,james.brown2019@example.com,41,Other,Guwahati,East,2023-04-14,Active
C02020,Aarav Moore,aarav.moore2020@example.com,22,Male,Chandigarh,North,2023-03-16,Active
C02021,Ishita Singh,ishita.singh2021@example.com,35,Female,Surat,West,2024-12-14,Active
C02022,Aditya Iyer,aditya.iyer2022@example.com,37,Other,Kolkata,East,2024-09-15,Active
C02023,Emma Das,emma.das2023@example.com,48,Female,Delhi,North,2024-02-23,Active
C02024,Michael Brown,michael.brown2024@example.com,21,Other,Ahmedabad,West,2023-05-18,Active
C02025,David Sharma,david.sharma2025@example.com,18,Other,Jaipur,North,2024-08-30,Active
C02026,Aditya Malhotra,aditya.malhotra2026@example.com,36,Male,Surat,West,2024-06-04,Active
C02027,Sneha Nair,sneha.nair2027@example.com,53,Female,Kolkata,East,2023-12-16,Active
C02028,Aditya Joshi,aditya.joshi2028@example.com,47,Female,Ahmedabad,West,2025-02-14,Active
C02029,William Taylor,william.taylor2029@example.com,37,Other,Hyderabad,South,2023-08-04,Active
C02030,David Davis,david.davis2030@example.com,30,Female,Guwahati,East,2023-04-12,Active
C02031,Neha Mehta,neha.mehta2031@example.com,43,Female,Hyderabad,South,2024-03-25,Active
C02032,Mia Mehta,mia.mehta2032@example.com,25,Other,Chennai,South,2025-02-10,Active
C02033,Vikram Singh,vikram.singh2033@example.com,39,Male,Mysuru,South,2023-07-31,Active
C02034,Divya Patel,divya.patel2034@example.com,40,Other,Hyderabad,South,2024-07-04,Active
C02035,William Sharma,william.sharma2035@example.com,45,Female,Chandigarh,North,2023-07-28,Active
C02036,Nikhil Smith,nikhil.smith2036@example.com,62,Male,Nagpur,West,2025-04-30,Active
C02037,James Kumar,james.kumar2037@example.com,38,Female,Dehradun,North,2025-06-29,Active
C02038,Isabella Singh,isabella.singh2038@example.com,29,Female,Kolkata,East,2025-01-19,Active
C02039,Emma Rao,emma.rao2039@example.com,34,Other,Kolkata,East,2023-03-18,Active
C02040,Nikhil Miller,nikhil.miller2040@example.com,18,Other,Patna,East,2024-06-09,Active
C02041,James Iyer,james.iyer2041@example.com,28,Male,Dehradun,North,2024-03-19,Active
C02042,William Johnson,william.johnson2042@example.com,30,Other,Bhubaneswar,East,2025-05-07,Inactive
C02043,Daniel Sharma,daniel.sharma2043@example.com,29,Male,Dehradun,North,2023-05-21,Active
C02044,Rohan Mehta,rohan.mehta2044@example.com,36,Female,Mysuru,South,2023-06-05,Active
C02045,Pooja Nair,pooja.nair2045@example.com,26,Male,Mysuru,South,2023-07-23,Active
C02046,Isabella Taylor,isabella.taylor2046@example.com,46,Other,Amritsar,North,2023-08-08,Active
C02047,Kavya Davis,kavya.davis2047@example.com,35,Male,Chandigarh,North,2024-12-28,Active
C02048,Vikram Davis,vikram.davis2048@example.com,34,Female,Nagpur,West,2024-10-08,Active
C02049,Sanjay Wilson,sanjay.wilson2049@example.com,31,Male,Ranchi,East,2025-06-17,Active
C02050,Olivia Brown,olivia.brown2050@example.com,36,Female,Chennai,South,2025-03-26,Active
C02051,Pooja Nair,pooja.nair2051@example.com,43,Male,Guwahati,East,2023-08-13,Active
C02052,Nikhil Iyer,nikhil.iyer2052@example.com,26,Male,Ranchi,East,2024-11-09,Active
C02053,Aditya Wilson,aditya.wilson2053@example.com,28,Male,Kochi,South,2023-12-22,Active
C02054,William Brown,william.brown2054@example.com,31,Other,Kochi,South,2024-02-26,Active
C02055,Vikram Smith,vikram.smith2055@example.com,21,Male,Lucknow,North,2025-06-30,Inactive
C02056,Kavya Anderson,kavya.anderson2056@example.com,26,Female,Mumbai,West,2023-09-25,Active
C02057,Sophia Malhotra,sophia.malhotra2057@example.com,30,Female,Surat,West,2024-02-13,Active
C02058,Pooja Taylor,pooja.taylor2058@example.com,43,Male,Lucknow,North,2023-12-14,Active
C02059,Nikhil Kapoor,nikhil.kapoor2059@example.com,37,Male,Lucknow,North,2024-08-09,Inactive
C02060,Ananya Davis,ananya.davis2060@example.com,36,Other,Mysuru,South,2023-12-04,Active
C02061,Aarav Joshi,aarav.joshi2061@example.com,43,Male,Dehradun,North,2025-03-10,Active
C02062,Arjun Miller,arjun.miller2062@example.com,33,Male,Guwahati,East,2024-06-15,Active
C02063,William Johnson,william.johnson2063@example.com,38,Female,Bengaluru,South,2025-05-30,Active
C02064,Mia Das,mia.das2064@example.com,33,Female,Bhubaneswar,East,2024-02-28,Active
C02065,Aanya Sharma,aanya.sharma2065@example.com,37,Other,Hyderabad,South,2023-04-15,Active
C02066,Priya Nair,priya.nair2066@example.com,29,Female,Mumbai,West,2023-01-25,Active
C02067,Vikram Taylor,vikram.taylor2067@example.com,18,Male,Hyderabad,South,2025-04-12,Active
C02068,William Taylor,william.taylor2068@example.com,33,Female,Pune,West,2025-06-01,Active
C02069,Emma Moore,emma.moore2069@example.com,49,Other,Amritsar,North,2024-03-01,Active
C02070,Emma Williams,emma.williams2070@example.com,44,Female,Hyderabad,South,2023-07-18,Inactive
C02071,Meera Smith,meera.smith2071@example.com,44,Other,Patna,East,2023-01-24,Active
C02072,Ananya Mehta,ananya.mehta2072@example.com,47,Other,Pune,West,2024-08-13,Active
C02073,Arjun Rao,arjun.rao2073@example.com,35,Female,Ranchi,East,2024-07-28,Active
C02074,Sanjay Rao,sanjay.rao2074@example.com,36,Female,Guwahati,East,2023-01-18,Inactive
C02075,Michael Johnson,michael.johnson2075@example.com,28,Other,Ahmedabad,West,2023-04-21,Active
C02076,Michael Rao,michael.rao2076@example.com,31,Female,Chandigarh,North,2024-01-14,Active
C02077,Neha Iyer,neha.iyer2077@example.com,41,Male,Dehradun,North,2025-04-09,Active
C02078,Kavya Verma,kavya.verma2078@example.com,47,Male,Delhi,North,2025-06-04,Inactive
C02079,Rahul Joshi,rahul.joshi2079@example.com,33,Other,Hyderabad,South,2025-05-08,Active
C02080,Michael Brown,michael.brown2080@example.com,30,Female,Hyderabad,South,2024-02-26,Active
C02081,Aanya Iyer,aanya.iyer2081@example.com,35,Other,Bhubaneswar,East,2024-08-01,Active
C02082,James Gupta,james.gupta2082@example.com,41,Other,Lucknow,North,2025-03-24,Active
C02083,Daniel Rao,daniel.rao2083@example.com,20,Female,Ahmedabad,West,2024-04-17,Active
C02084,Meera Moore,meera.moore2084@example.com,18,Male,Delhi,North,2024-01-20,Active
C02085,Sanjay Taylor,sanjay.taylor2085@example.com,29,Male,Jaipur,North,2023-06-20,Active
C02086,David Kapoor,david.kapoor2086@example.com,22,Female,Delhi,North,2023-06-24,Active
C02087,Emma Johnson,emma.johnson2087@example.com,29,Female,Pune,West,2024-02-13,Active
C02088,Neha Taylor,neha.taylor2088@example.com,33,Other,Chandigarh,North,2023-10-05,Active
C02089,Daniel Verma,daniel.verma2089@example.com,30,Male,Guwahati,East,2023-10-25,Active
C02090,James Das,james.das2090@example.com,49,Other,Coimbatore,South,2024-09-11,Active
C02091,Mia Iyer,mia.iyer2091@example.com,38,Other,Pune,West,2025-01-07,Inactive
C02092,Sanjay Moore,sanjay.moore2092@example.com,38,Female,Bengaluru,South,2023-01-11,Active
C02093,Pooja Reddy,pooja.reddy2093@example.com,41,Male,Bengaluru,South,2023-11-16,Active
C02094,Ananya Johnson,ananya.johnson2094@example.com,23,Female,Mysuru,South,2023-12-05,Active
C02095,Priya Reddy,priya.reddy2095@example.com,45,Female,Goa,West,2024-10-13,Active
C02096,Daniel Sharma,daniel.sharma2096@example.com,34,Male,Chennai,South,2023-10-09,Active
C02097,Emma Nair,emma.nair2097@example.com,41,Female,Goa,West,2024-10-01,Active
C02098,Kavya Miller,kavya.miller2098@example.com,24,Other,Guwahati,East,2023-07-27,Active
C02099,Emma Gupta,emma.gupta2099@example.com,19,Female,Hyderabad,South,2023-07-02,Active
C02100,Sophia Smith,sophia.smith2100@example.com,43,Other,Jaipur,North,2024-10-22,Active
C02101,Michael Williams,michael.williams2101@example.com,38,Other,Guwahati,East,2023-10-11,Inactive
C02102,Priya Sharma,priya.sharma2102@example.com,25,Male,Pune,West,2023-08-10,Active
C02103,Priya Brown,priya.brown2103@example.com,26,Male,Bengaluru,South,2023-11-28,Active
C02104,Sanjay Malhotra,sanjay.malhotra2104@example.com,46,Female,Jaipur,North,2024-11-11,Active
C02105,Michael Kumar,michael.kumar2105@example.com,23,Male,Guwahati,East,2024-07-27,Active
C02106,Pooja Das,pooja.das2106@example.com,51,Female,Nagpur,West,2025-05-08,Active
C02107,William Gupta,william.gupta2107@example.com,25,Male,Amritsar,North,2024-10-10,Inactive
C02108,Kavya Malhotra,kavya.malhotra2108@example.com,41,Female,Kochi,South,2024-12-12,Active
C02109,David Kapoor,david.kapoor2109@example.com,31,Other,Amritsar,North,2023-12-23,Active
C02110,Michael Wilson,michael.wilson2110@example.com,41,Female,Ranchi,East,2025-01-15,Active
C02111,Ishita Verma,ishita.verma2111@example.com,29,Other,Kochi,South,2023-01-11,Active
C02112,Rohan Sharma,rohan.sharma2112@example.com,33,Other,Guwahati,East,2023-11-14,Active
C02113,Sanjay Sharma,sanjay.sharma2113@example.com,35,Other,Patna,East,2023-10-07,Active
C02114,Karan Patel,karan.patel2114@example.com,24,Other,Ranchi,East,2024-12-22,Active
C02115,William Sharma,william.sharma2115@example.com,42,Other,Amritsar,North,2024-04-27,Inactive
C02116,Priya Brown,priya.brown2116@example.com,29,Other,Surat,West,2025-06-14,Active
C02117,Ishita Sharma,ishita.sharma2117@example.com,32,Other,Delhi,North,2024-12-31,Active
C02118,Arjun Kapoor,arjun.kapoor2118@example.com,25,Male,Bengaluru,South,2023-02-27,Active
C02119,Ananya Johnson,ananya.johnson2119@example.com,18,Female,Lucknow,North,2025-05-23,Active
C02120,William Wilson,william.wilson2120@example.com,33,Female,Lucknow,North,2024-12-27,Active
C02121,Aarav Wilson,aarav.wilson2121@example.com,59,Female,Guwahati,East,2024-03-02,Inactive
C02122,Rohan Anderson,rohan.anderson2122@example.com,42,Other,Delhi,North,2023-06-01,Active
C02123,Nikhil Patel,nikhil.patel2123@example.com,34,Female,Jaipur,North,2024-09-15,Active
C02124,Daniel Taylor,daniel.taylor2124@example.com,32,Male,Pune,West,2023-11-15,Active
C02125,Aditya Malhotra,aditya.malhotra2125@example.com,35,Other,Kolkata,East,2025-05-06,Active
C02126,Ananya Reddy,ananya.reddy2126@example.com,40,Male,Mumbai,West,2025-01-17,Active
C02127,Daniel Sharma,daniel.sharma2127@example.com,23,Male,Guwahati,East,2025-03-18,Active
C02128,Arjun Taylor,arjun.taylor2128@example.com,46,Male,Ranchi,East,2023-11-12,Inactive
C02129,Michael Taylor,michael.taylor2129@example.com,42,Male,Mysuru,South,2023-11-14,Active
C02130,Vikram Singh,vikram.singh2130@example.com,42,Other,Bhubaneswar,East,2023-11-20,Active
C02131,David Gupta,david.gupta2131@example.com,39,Male,Chennai,South,2023-10-30,Active
C02132,Arjun Brown,arjun.brown2132@example.com,35,Female,Ahmedabad,West,2024-08-15,Active
C02133,Olivia Verma,olivia.verma2133@example.com,41,Male,Nagpur,West,2025-05-04,Active
C02134,Varun Gupta,varun.gupta2134@example.com,40,Other,Coimbatore,South,2024-03-20,Active
C02135,Aditya Moore,aditya.moore2135@example.com,31,Other,Bhubaneswar,East,2024-07-18,Inactive
C02136,Sanjay Anderson,sanjay.anderson2136@example.com,29,Male,Kolkata,East,2023-09-22,Active
C02137,Mia Kumar,mia.kumar2137@example.com,36,Other,Kolkata,East,2024-11-05,Active
C02138,Nikhil Williams,nikhil.williams2138@example.com,50,Female,Pune,West,2024-01-17,Active
C02139,James Kumar,james.kumar2139@example.com,22,Other,Lucknow,North,2024-01-03,Inactive
C02140,Meera Brown,meera.brown2140@example.com,20,Female,Jaipur,North,2023-12-11,Active
C02141,Mia Das,mia.das2141@example.com,36,Female,Jaipur,North,2023-06-16,Active
C02142,Nikhil Davis,nikhil.davis2142@example.com,35,Female,Hyderabad,South,2024-08-30,Active
C02143,Karan Brown,karan.brown2143@example.com,36,Male,Nagpur,West,2023-09-16,Active
C02144,Olivia Joshi,olivia.joshi2144@example.com,37,Female,Ranchi,East,2023-02-11,Inactive
C02145,Ananya Kapoor,ananya.kapoor2145@example.com,32,Female,Coimbatore,South,2025-03-03,Active
C02146,Aarav Verma,aarav.verma2146@example.com,49,Other,Goa,West,2023-06-20,Inactive
C02147,Michael Singh,michael.singh2147@example.com,18,Male,Coimbatore,South,2024-11-10,Active
C02148,Neha Anderson,neha.anderson2148@example.com,26,Male,Delhi,North,2025-03-31,Active
C02149,Nikhil Sharma,nikhil.sharma2149@example.com,33,Other,Pune,West,2023-06-01,Active
C02150,Neha Reddy,neha.reddy2150@example.com,18,Male,Chennai,South,2023-08-30,Inactive
C02151,Emma Rao,emma.rao2151@example.com,33,Male,Mumbai,West,2024-12-02,Active
C02152,Pooja Verma,pooja.verma2152@example.com,51,Female,Kolkata,East,2023-04-13,Active
C02153,Rohan Brown,rohan.brown2153@example.com,35,Other,Nagpur,West,2024-01-21,Inactive
C02154,Karan Singh,karan.singh2154@example.com,37,Female,Hyderabad,South,2025-02-20,Inactive
C02155,David Nair,david.nair2155@example.com,22,Other,Ahmedabad,West,2025-01-17,Inactive
C02156,Arjun Das,arjun.das2156@example.com,28,Female,Goa,West,2024-11-16,Active
C02157,David Davis,david.davis2157@example.com,31,Male,Jaipur,North,2025-02-25,Active
C02158,Sanjay Sharma,sanjay.sharma2158@example.com,31,Other,Patna,East,2024-09-05,Active
C02159,Sneha Singh,sneha.singh2159@example.com,47,Female,Dehradun,North,2023-07-12,Active
C02160,Arjun Iyer,arjun.iyer2160@example.com,40,Female,Ranchi,East,2024-10-31,Active
C02161,Neha Joshi,neha.joshi2161@example.com,23,Other,Chennai,South,2025-04-20,Active
C02162,Priya Verma,priya.verma2162@example.com,37,Female,Ranchi,East,2024-11-29,Active
C02163,Sophia Reddy,sophia.reddy2163@example.com,39,Female,Chandigarh,North,2024-12-03,Active
C02164,Priya Iyer,priya.iyer2164@example.com,46,Male,Mumbai,West,2024-08-11,Active
C02165,Pooja Miller,pooja.miller2165@example.com,50,Other,Mumbai,West,2024-02-16,Active
C02166,Meera Mehta,meera.mehta2166@example.com,24,Other,Lucknow,North,2024-10-11,Active
C02167,Ishita Anderson,ishita.anderson2167@example.com,26,Female,Goa,West,2024-12-30,Active
C02168,Sophia Verma,sophia.verma2168@example.com,22,Female,Kolkata,East,2024-06-28,Active
C02169,Aarav Iyer,aarav.iyer2169@example.com,32,Other,Jaipur,North,2024-08-27,Active
C02170,Aanya Malhotra,aanya.malhotra2170@example.com,39,Female,Surat,West,2023-02-10,Active
C02171,Ishita Patel,ishita.patel2171@example.com,44,Other,Surat,West,2024-12-03,Active
C02172,Olivia Nair,olivia.nair2172@example.com,34,Male,Ahmedabad,West,2024-07-09,Active
C02173,Meera Sharma,meera.sharma2173@example.com,31,Female,Patna,East,2023-11-29,Active
C02174,Ananya Das,ananya.das2174@example.com,36,Other,Amritsar,North,2023-02-07,Active
C02175,Priya Reddy,priya.reddy2175@example.com,26,Other,Pune,West,2023-04-07,Active
C02176,Pooja Kapoor,pooja.kapoor2176@example.com,55,Female,Mysuru,South,2023-12-20,Inactive
C02177,William Smith,william.smith2177@example.com,18,Other,Mysuru,South,2024-04-14,Active
C02178,Aanya Singh,aanya.singh2178@example.com,36,Other,Patna,East,2025-01-11,Active
C02179,Sanjay Taylor,sanjay.taylor2179@example.com,55,Male,Chandigarh,North,2023-12-12,Inactive
C02180,Karan Sharma,karan.sharma2180@example.com,35,Male,Ranchi,East,2025-02-03,Active
C02181,Ananya Gupta,ananya.gupta2181@example.com,33,Other,Chandigarh,North,2023-09-25,Inactive
C02182,Sophia Patel,sophia.patel2182@example.com,31,Female,Mysuru,South,2024-08-10,Active
C02183,Emma Moore,emma.moore2183@example.com,33,Male,Ahmedabad,West,2023-10-11,Active
C02184,Karan Verma,karan.verma2184@example.com,48,Other,Amritsar,North,2023-10-19,Active
C02185,Aarav Kapoor,aarav.kapoor2185@example.com,18,Other,Pune,West,2023-05-13,Active
C02186,Sophia Miller,sophia.miller2186@example.com,50,Female,Goa,West,2023-04-10,Active
C02187,Aditya Rao,aditya.rao2187@example.com,20,Male,Dehradun,North,2024-09-18,Active
C02188,Meera Miller,meera.miller2188@example.com,32,Other,Goa,West,2023-12-03,Active
C02189,Aarav Iyer,aarav.iyer2189@example.com,30,Female,Goa,West,2023-11-24,Active
C02190,Nikhil Taylor,nikhil.taylor2190@example.com,40,Female,Pune,West,2023-08-04,Active
C02191,Karan Mehta,karan.mehta2191@example.com,19,Female,Mysuru,South,2023-02-03,Active
C02192,Pooja Johnson,pooja.johnson2192@example.com,39,Female,Dehradun,North,2023-03-27,Active
C02193,Neha Anderson,neha.anderson2193@example.com,55,Female,Patna,East,2024-04-07,Active
C02194,Divya Williams,divya.williams2194@example.com,21,Male,Jaipur,North,2024-10-01,Active
C02195,Michael Sharma,michael.sharma2195@example.com,36,Female,Surat,West,2024-07-23,Active
C02196,Mia Johnson,mia.johnson2196@example.com,28,Male,Kochi,South,2024-01-23,Active
C02197,Karan Gupta,karan.gupta2197@example.com,39,Male,Delhi,North,2023-04-24,Active
C02198,Michael Anderson,michael.anderson2198@example.com,35,Other,Bengaluru,South,2024-02-15,Active
C02199,Meera Davis,meera.davis2199@example.com,28,Female,Bhubaneswar,East,2023-11-24,Active
C02200,David Wilson,david.wilson2200@example.com,39,Other,Dehradun,North,2025-02-19,Active
C02201,Isabella Joshi,isabella.joshi2201@example.com,53,Female,Pune,West,2025-02-13,Active
C02202,Mia Verma,mia.verma2202@example.com,33,Female,Pune,West,2023-10-23,Active
C02203,Daniel Verma,daniel.verma2203@example.com,42,Other,Ranchi,East,2023-04-11,Active
C02204,Meera Gupta,meera.gupta2204@example.com,22,Other,Surat,West,2023-01-30,Active
C02205,Divya Smith,divya.smith2205@example.com,25,Male,Coimbatore,South,2024-09-05,Active
C02206,Aditya Davis,aditya.davis2206@example.com,39,Male,Mumbai,West,2023-06-20,Active
C02207,Arjun Das,arjun.das2207@example.com,49,Male,Nagpur,West,2025-01-30,Active
C02208,Sanjay Gupta,sanjay.gupta2208@example.com,38,Male,Goa,West,2024-04-13,Active
C02209,Pooja Moore,pooja.moore2209@example.com,31,Male,Bengaluru,South,2023-11-27,Active
C02210,Rohan Williams,rohan.williams2210@example.com,34,Female,Delhi,North,2024-04-15,Active
C02211,Sophia Verma,sophia.verma2211@example.com,22,Female,Pune,West,2024-05-27,Active
C02212,Sneha Malhotra,sneha.malhotra2212@example.com,41,Other,Bhubaneswar,East,2023-03-13,Active
C02213,Olivia Kapoor,olivia.kapoor2213@example.com,43,Other,Dehradun,North,2024-04-26,Inactive
C02214,Vikram Moore,vikram.moore2214@example.com,30,Other,Chandigarh,North,2023-05-04,Active
C02215,Pooja Taylor,pooja.taylor2215@example.com,30,Male,Chandigarh,North,2023-10-27,Active
C02216,Karan Moore,karan.moore2216@example.com,37,Other,Lucknow,North,2024-10-06,Active
C02217,Ananya Singh,ananya.singh2217@example.com,30,Female,Mumbai,West,2025-02-15,Inactive
C02218,Priya Das,priya.das2218@example.com,34,Female,Dehradun,North,2024-11-03,Active
C02219,Rohan Mehta,rohan.mehta2219@example.com,55,Male,Kochi,South,2023-12-04,Active
C02220,David Moore,david.moore2220@example.com,32,Female,Chandigarh,North,2025-02-09,Active
C02221,Neha Moore,neha.moore2221@example.com,31,Female,Patna,East,2023-12-05,Active
C02222,Vikram Davis,vikram.davis2222@example.com,28,Male,Guwahati,East,2025-02-18,Active
C02223,Sneha Das,sneha.das2223@example.com,42,Other,Kolkata,East,2024-01-07,Active
C02224,Varun Miller,varun.miller2224@example.com,33,Female,Bhubaneswar,East,2024-05-01,Active
C02225,Emma Moore,emma.moore2225@example.com,28,Male,Bhubaneswar,East,2023-05-31,Active
C02226,Daniel Rao,daniel.rao2226@example.com,48,Male,Ahmedabad,West,2025-05-21,Active
C02227,Varun Sharma,varun.sharma2227@example.com,49,Female,Bhubaneswar,East,2024-01-08,Active
C02228,Divya Verma,divya.verma2228@example.com,28,Female,Surat,West,2024-10-21,Active
C02229,Ishita Joshi,ishita.joshi2229@example.com,18,Female,Guwahati,East,2024-10-25,Active
C02230,Pooja Joshi,pooja.joshi2230@example.com,45,Male,Pune,West,2024-11-15,Inactive
C02231,Neha Gupta,neha.gupta2231@example.com,28,Male,Bhubaneswar,East,2023-06-03,Active
C02232,Rohan Das,rohan.das2232@example.com,42,Female,Dehradun,North,2024-04-15,Active
C02233,Isabella Smith,isabella.smith2233@example.com,18,Male,Dehradun,North,2025-01-29,Active
C02234,Daniel Kumar,daniel.kumar2234@example.com,43,Female,Chandigarh,North,2024-06-03,Active
C02235,Nikhil Williams,nikhil.williams2235@example.com,22,Other,Delhi,North,2023-09-11,Active
C02236,Mia Miller,mia.miller2236@example.com,42,Male,Mysuru,South,2023-08-22,Active
C02237,Aanya Davis,aanya.davis2237@example.com,35,Female,Pune,West,2024-07-19,Active
C02238,William Reddy,william.reddy2238@example.com,25,Male,Mysuru,South,2024-06-19,Active
C02239,Sneha Williams,sneha.williams2239@example.com,30,Other,Bengaluru,South,2024-05-03,Active
C02240,Sophia Miller,sophia.miller2240@example.com,41,Male,Lucknow,North,2023-07-21,Active
C02241,Pooja Gupta,pooja.gupta2241@example.com,36,Male,Mumbai,West,2024-07-09,Active
C02242,Varun Sharma,varun.sharma2242@example.com,40,Other,Ahmedabad,West,2024-03-16,Inactive
C02243,David Malhotra,david.malhotra2243@example.com,54,Other,Dehradun,North,2023-07-19,Active
C02244,Vikram Anderson,vikram.anderson2244@example.com,19,Female,Mumbai,West,2024-09-07,Active
C02245,Sanjay Brown,sanjay.brown2245@example.com,51,Other,Chennai,South,2023-10-18,Inactive
C02246,Isabella Johnson,isabella.johnson2246@example.com,36,Male,Patna,East,2023-12-16,Active
C02247,Ananya Anderson,ananya.anderson2247@example.com,26,Male,Ranchi,East,2024-05-14,Active
C02248,Priya Verma,priya.verma2248@example.com,21,Male,Surat,West,2025-02-17,Active
C02249,Mia Malhotra,,33,Female,Kolkata,East,2024-10-15,Active
C02250,Michael Kumar,michael.kumar2250@example.com,44,Male,Bengaluru,South,2023-08-07,Active
C02251,Michael Smith,michael.smith2251@example.com,33,Female,Patna,East,2023-04-16,Active
C02252,Olivia Singh,olivia.singh2252@example.com,50,Female,Coimbatore,South,2023-06-10,Active
C02253,Isabella Verma,isabella.verma2253@example.com,20,Other,Pune,West,2024-11-09,Active
C02254,Divya Kapoor,divya.kapoor2254@example.com,34,Other,Nagpur,West,2023-10-03,Active
C02255,Mia Nair,mia.nair2255@example.com,22,Female,Ranchi,East,2023-05-29,Active
C02256,Nikhil Nair,nikhil.nair2256@example.com,38,Female,Patna,East,2024-07-30,Active
C02257,Michael Joshi,michael.joshi2257@example.com,43,Male,Mumbai,West,2024-02-23,Active
C02258,Michael Mehta,michael.mehta2258@example.com,30,Male,Kochi,South,2025-04-18,Active
C02259,James Mehta,james.mehta2259@example.com,18,Female,Mysuru,South,2025-05-02,Active
C02260,Sophia Joshi,sophia.joshi2260@example.com,36,Female,Ranchi,East,2024-07-25,Active
C02261,Divya Smith,divya.smith2261@example.com,39,Female,Bengaluru,South,2025-05-26,Active
C02262,Priya Iyer,priya.iyer2262@example.com,39,Other,Jaipur,North,2024-05-06,Inactive
C02263,Michael Wilson,michael.wilson2263@example.com,47,Female,Mumbai,West,2024-12-05,Inactive
C02264,Vikram Davis,vikram.davis2264@example.com,24,Other,Pune,West,2024-01-20,Active
C02265,Aditya Mehta,aditya.mehta2265@example.com,41,Other,Dehradun,North,2024-01-14,Active
C02266,Pooja Singh,pooja.singh2266@example.com,46,Other,Kolkata,East,2023-03-17,Active
C02267,Isabella Singh,isabella.singh2267@example.com,18,Other,Pune,West,2023-11-03,Active
C02268,Sneha Iyer,sneha.iyer2268@example.com,38,Other,Chandigarh,North,2024-07-13,Active
C02269,Sanjay Nair,sanjay.nair2269@example.com,29,Other,Guwahati,East,2023-01-23,Active
C02270,James Taylor,james.taylor2270@example.com,34,Female,Dehradun,North,2025-05-23,Active
C02271,David Gupta,david.gupta2271@example.com,38,Male,Nagpur,West,2023-11-25,Active
C02272,Aditya Gupta,aditya.gupta2272@example.com,30,Other,Ahmedabad,West,2024-12-21,Active
C02273,Ananya Miller,ananya.miller2273@example.com,28,Female,Jaipur,North,2024-03-13,Active
C02274,William Smith,william.smith2274@example.com,35,Male,Mumbai,West,2024-06-08,Active
C02275,Sanjay Iyer,sanjay.iyer2275@example.com,24,Other,Mumbai,West,2024-05-18,Active
C02276,Emma Reddy,emma.reddy2276@example.com,24,Other,Kolkata,East,2023-04-05,Inactive
C02277,Priya Smith,priya.smith2277@example.com,41,Male,Amritsar,North,2024-08-10,Inactive
C02278,Michael Wilson,michael.wilson2278@example.com,23,Female,Hyderabad,South,2025-04-17,Active
C02279,Rahul Miller,rahul.miller2279@example.com,41,Female,Nagpur,West,2023-03-16,Active
C02280,Sanjay Anderson,sanjay.anderson2280@example.com,39,Other,Ranchi,East,2025-01-27,Inactive
C02281,Karan Williams,karan.williams2281@example.com,18,Female,Mumbai,West,2023-01-07,Active
C02282,Aarav Rao,aarav.rao2282@example.com,28,Female,Mumbai,West,2024-03-13,Active
C02283,Olivia Anderson,olivia.anderson2283@example.com,46,Female,Coimbatore,South,2024-06-29,Active
C02284,Mia Das,mia.das2284@example.com,25,Other,Coimbatore,South,2025-06-07,Active
C02285,Rohan Nair,rohan.nair2285@example.com,30,Male,Bengaluru,South,2023-04-14,Active
C02286,Kavya Das,kavya.das2286@example.com,39,Male,Jaipur,North,2023-12-02,Inactive
C02287,Rohan Gupta,rohan.gupta2287@example.com,42,Female,Mysuru,South,2023-06-17,Active
C02288,Mia Gupta,mia.gupta2288@example.com,32,Female,Bhubaneswar,East,2023-01-28,Active
C02289,William Joshi,william.joshi2289@example.com,29,Male,Mumbai,West,2024-03-30,Inactive
C02290,Aanya Malhotra,aanya.malhotra2290@example.com,49,Female,Kochi,South,2024-02-13,Active
C02291,William Kumar,william.kumar2291@example.com,52,Male,Goa,West,2023-06-29,Active
C02292,Michael Gupta,michael.gupta2292@example.com,44,Male,Jaipur,North,2024-05-15,Active
C02293,Meera Gupta,meera.gupta2293@example.com,35,Male,Patna,East,2023-04-03,Active
C02294,Vikram Smith,vikram.smith2294@example.com,26,Male,Ranchi,East,2024-04-12,Active
C02295,Karan Kumar,karan.kumar2295@example.com,26,Female,Surat,West,2024-01-05,Inactive
C02296,Isabella Miller,isabella.miller2296@example.com,40,Female,Chandigarh,North,2023-08-23,Inactive
C02297,Daniel Joshi,daniel.joshi2297@example.com,39,Female,Dehradun,North,2023-01-17,Inactive
C02298,Aanya Singh,aanya.singh2298@example.com,49,Male,Patna,East,2023-07-01,Active
C02299,Rahul Singh,rahul.singh2299@example.com,41,Other,Coimbatore,South,2024-04-26,Active
C02300,Sophia Gupta,sophia.gupta2300@example.com,19,Other,Amritsar,North,2024-11-07,Active
C02301,Meera Verma,meera.verma2301@example.com,45,Male,Pune,West,2024-06-15,Inactive
C02302,David Kumar,david.kumar2302@example.com,25,Male,Chennai,South,2023-01-31,Active
C02303,Daniel Das,daniel.das2303@example.com,31,Female,Ranchi,East,2024-09-28,Active
C02304,Aarav Brown,aarav.brown2304@example.com,37,Male,Lucknow,North,2025-01-22,Inactive
C02305,Kavya Joshi,kavya.joshi2305@example.com,54,Other,Mumbai,West,2025-01-09,Active
C02306,Aarav Das,aarav.das2306@example.com,66,Male,Hyderabad,South,2023-04-05,Active
C02307,Pooja Malhotra,pooja.malhotra2307@example.com,41,Female,Delhi,North,2025-05-26,Inactive
C02308,Isabella Davis,isabella.davis2308@example.com,33,Other,Pune,West,2023-01-01,Active
C02309,Rahul Iyer,rahul.iyer2309@example.com,40,Other,Ahmedabad,West,2024-07-06,Active
C02310,Pooja Taylor,pooja.taylor2310@example.com,43,Other,Chandigarh,North,2023-07-20,Active
C02311,Sneha Wilson,sneha.wilson2311@example.com,31,Male,Bengaluru,South,2025-01-31,Active
C02312,David Davis,david.davis2312@example.com,52,Male,Ahmedabad,West,2023-09-13,Active
C02313,Olivia Nair,olivia.nair2313@example.com,37,Female,Mysuru,South,2024-12-28,Inactive
C02314,Aditya Kapoor,aditya.kapoor2314@example.com,39,Female,Bhubaneswar,East,2024-11-08,Active
C02315,David Joshi,david.joshi2315@example.com,41,Other,Dehradun,North,2023-02-19,Active
C02316,Rahul Miller,rahul.miller2316@example.com,39,Male,Hyderabad,South,2025-05-05,Active
C02317,Aditya Sharma,aditya.sharma2317@example.com,43,Other,Kochi,South,2024-05-07,Active
C02318,Daniel Williams,daniel.williams2318@example.com,28,Female,Bhubaneswar,East,2024-04-07,Inactive
C02319,Vikram Johnson,vikram.johnson2319@example.com,29,Female,Goa,West,2023-05-01,Active
C02320,David Verma,david.verma2320@example.com,23,Female,Patna,East,2023-12-16,Active
C02321,Nikhil Wilson,nikhil.wilson2321@example.com,39,Male,Goa,West,2024-11-15,Inactive
C02322,Sophia Das,sophia.das2322@example.com,42,Female,Kolkata,East,2024-10-19,Active
C02323,Sneha Malhotra,sneha.malhotra2323@example.com,39,Male,Hyderabad,South,2023-05-04,Active
C02324,Isabella Das,isabella.das2324@example.com,51,Female,Bhubaneswar,East,2024-04-08,Active
C02325,Priya Joshi,priya.joshi2325@example.com,34,Other,Amritsar,North,2023-07-19,Active
C02326,Rohan Taylor,rohan.taylor2326@example.com,41,Other,Hyderabad,South,2023-12-29,Active
C02327,Isabella Smith,isabella.smith2327@example.com,24,Other,Coimbatore,South,2023-02-18,Active
C02328,Sneha Moore,sneha.moore2328@example.com,31,Other,Guwahati,East,2023-06-20,Active
C02329,Priya Miller,priya.miller2329@example.com,41,Other,Dehradun,North,2025-05-29,Active
C02330,Divya Kapoor,divya.kapoor2330@example.com,43,Male,Coimbatore,South,2023-10-13,Active
C02331,Karan Smith,karan.smith2331@example.com,32,Female,Ahmedabad,West,2024-05-02,Active
C02332,Neha Sharma,neha.sharma2332@example.com,34,Male,Mysuru,South,2023-09-15,Active
C02333,Mia Taylor,mia.taylor2333@example.com,19,Other,Bhubaneswar,East,2024-08-31,Inactive
C02334,Rahul Singh,rahul.singh2334@example.com,31,Female,Chandigarh,North,2025-04-22,Active
C02335,Sophia Verma,sophia.verma2335@example.com,43,Other,Kochi,South,2024-03-05,Active
C02336,William Das,william.das2336@example.com,40,Male,Bengaluru,South,2023-08-20,Inactive
C02337,David Joshi,david.joshi2337@example.com,40,Male,Bhubaneswar,East,2025-01-13,Active
C02338,Nikhil Singh,nikhil.singh2338@example.com,35,Other,Bengaluru,South,2023-10-10,Active
C02339,Ananya Smith,ananya.smith2339@example.com,35,Female,Dehradun,North,2024-06-20,Active
C02340,Olivia Malhotra,olivia.malhotra2340@example.com,28,Female,Pune,West,2025-04-21,Active
C02341,Arjun Anderson,arjun.anderson2341@example.com,41,Other,Pune,West,2023-12-16,Inactive
C02342,William Mehta,william.mehta2342@example.com,39,Male,Chandigarh,North,2024-10-03,Active
C02343,James Brown,james.brown2343@example.com,39,Female,Mysuru,South,2023-08-19,Active
C02344,Divya Davis,divya.davis2344@example.com,29,Female,Dehradun,North,2023-09-05,Inactive
C02345,Meera Kapoor,meera.kapoor2345@example.com,18,Male,Nagpur,West,2024-10-15,Active
C02346,David Mehta,david.mehta2346@example.com,45,Other,Patna,East,2024-06-04,Active
C02347,Arjun Sharma,arjun.sharma2347@example.com,30,Male,Patna,East,2024-12-31,Active
C02348,Pooja Rao,pooja.rao2348@example.com,26,Other,Coimbatore,South,2024-03-20,Active
C02349,Pooja Johnson,pooja.johnson2349@example.com,41,Other,Dehradun,North,2025-05-07,Active
C02350,Divya Kumar,divya.kumar2350@example.com,31,Other,Mumbai,West,2025-05-08,Active
C02351,Ananya Kumar,ananya.kumar2351@example.com,45,Male,Amritsar,North,2024-01-05,Active
C02352,James Taylor,james.taylor2352@example.com,41,Male,Surat,West,2023-12-22,Active
C02353,Varun Smith,varun.smith2353@example.com,41,Male,Surat,West,2024-02-13,Active
C02354,Mia Sharma,mia.sharma2354@example.com,21,Male,Nagpur,West,2024-08-03,Active
C02355,Neha Kapoor,neha.kapoor2355@example.com,47,Male,Kolkata,East,2025-01-16,Active
C02356,William Wilson,william.wilson2356@example.com,37,Female,Patna,East,2023-12-27,Inactive
C02357,Nikhil Patel,nikhil.patel2357@example.com,31,Female,Chennai,South,2024-04-14,Active
C02358,Rohan Johnson,rohan.johnson2358@example.com,36,Other,Bhubaneswar,East,2024-10-25,Active
C02359,Michael Verma,michael.verma2359@example.com,18,Female,Ahmedabad,West,2025-05-27,Active
C02360,Kavya Taylor,kavya.taylor2360@example.com,39,Male,Guwahati,East,2023-11-21,Inactive
C02361,Arjun Miller,arjun.miller2361@example.com,24,Female,Dehradun,North,2023-11-17,Active
C02362,Rohan Mehta,rohan.mehta2362@example.com,21,Other,Kochi,South,2024-05-12,Active
C02363,Michael Verma,michael.verma2363@example.com,19,Male,Ahmedabad,West,2023-11-27,Active
C02364,Neha Smith,neha.smith2364@example.com,46,Other,Coimbatore,South,2024-10-19,Active
C02365,Divya Moore,divya.moore2365@example.com,28,Male,Kochi,South,2023-07-23,Active
C02366,Rahul Moore,rahul.moore2366@example.com,50,Female,Ahmedabad,West,2024-06-29,Active
C02367,Ananya Taylor,ananya.taylor2367@example.com,29,Female,Kochi,South,2024-09-20,Active
C02368,Sneha Malhotra,sneha.malhotra2368@example.com,18,Male,Lucknow,North,2023-09-09,Active
C02369,Pooja Rao,pooja.rao2369@example.com,23,Other,Kolkata,East,2023-08-13,Active
C02370,Daniel Gupta,daniel.gupta2370@example.com,47,Male,Kochi,South,2023-01-13,Active
C02371,Pooja Malhotra,pooja.malhotra2371@example.com,33,Female,Amritsar,North,2024-07-23,Active
C02372,Priya Smith,priya.smith2372@example.com,29,Other,Kochi,South,2024-02-14,Active
C02373,Vikram Moore,vikram.moore2373@example.com,36,Female,Nagpur,West,2025-04-02,Active
C02374,Ishita Rao,ishita.rao2374@example.com,40,Female,Ahmedabad,West,2024-07-07,Active
C02375,Isabella Moore,isabella.moore2375@example.com,46,Male,Chennai,South,2025-03-25,Active
C02376,Mia Smith,mia.smith2376@example.com,49,Other,Hyderabad,South,2024-05-02,Active
C02377,Sneha Taylor,sneha.taylor2377@example.com,31,Female,Amritsar,North,2025-01-04,Active
C02378,Vikram Williams,vikram.williams2378@example.com,21,Male,Kochi,South,2024-04-16,Active
C02379,Meera Reddy,meera.reddy2379@example.com,30,Male,Goa,West,2023-01-23,Active
C02380,Pooja Moore,pooja.moore2380@example.com,37,Male,Lucknow,North,2023-03-07,Active
C02381,Vikram Williams,vikram.williams2381@example.com,25,Female,Dehradun,North,2025-01-15,Active
C02382,James Anderson,james.anderson2382@example.com,25,Male,Surat,West,2024-02-10,Active
C02383,Kavya Moore,kavya.moore2383@example.com,38,Other,Ahmedabad,West,2023-11-08,Active
C02384,Michael Johnson,michael.johnson2384@example.com,34,Other,Pune,West,2024-08-23,Active
C02385,Aanya Moore,aanya.moore2385@example.com,35,Female,Amritsar,North,2024-08-24,Active
C02386,Arjun Smith,arjun.smith2386@example.com,27,Female,Amritsar,North,2025-01-17,Active
C02387,Divya Anderson,divya.anderson2387@example.com,32,Male,Bengaluru,South,2025-05-05,Active
C02388,Ananya Iyer,ananya.iyer2388@example.com,25,Male,Nagpur,West,2023-04-07,Inactive
C02389,Karan Moore,karan.moore2389@example.com,43,Female,Surat,West,2023-05-22,Inactive
C02390,Neha Das,neha.das2390@example.com,45,Male,Hyderabad,South,2024-12-25,Active
C02391,Arjun Verma,arjun.verma2391@example.com,18,Female,Ranchi,East,2024-02-16,Active
C02392,Aditya Malhotra,aditya.malhotra2392@example.com,25,Male,Kolkata,East,2024-06-20,Active
C02393,Aanya Wilson,aanya.wilson2393@example.com,20,Female,Amritsar,North,2023-04-08,Active
C02394,Aditya Joshi,aditya.joshi2394@example.com,28,Female,Delhi,North,2023-01-29,Active
C02395,Priya Gupta,priya.gupta2395@example.com,34,Other,Kolkata,East,2024-09-27,Active
C02396,Ananya Wilson,ananya.wilson2396@example.com,20,Male,Chennai,South,2024-09-06,Active
C02397,James Anderson,james.anderson2397@example.com,25,Male,Kochi,South,2024-06-03,Active
C02398,Divya Patel,divya.patel2398@example.com,24,Other,Mumbai,West,2025-06-28,Inactive
C02399,Mia Nair,mia.nair2399@example.com,37,Male,Lucknow,North,2023-12-24,Active
C02400,Pooja Gupta,pooja.gupta2400@example.com,35,Other,Hyderabad,South,2023-06-08,Inactive
C02401,Mia Wilson,mia.wilson2401@example.com,27,Other,Ranchi,East,2025-05-01,Active
C02402,Olivia Johnson,olivia.johnson2402@example.com,36,Male,Mumbai,West,2023-12-13,Active
C02403,William Brown,william.brown2403@example.com,29,Male,Bengaluru,South,2025-03-24,Active
C02404,Mia Brown,mia.brown2404@example.com,32,Other,Kolkata,East,2024-12-25,Active
C02405,Arjun Wilson,arjun.wilson2405@example.com,51,Other,Amritsar,North,2023-11-25,Inactive
C02406,Daniel Gupta,daniel.gupta2406@example.com,48,Female,Goa,West,2023-11-25,Active
C02407,Daniel Kapoor,daniel.kapoor2407@example.com,22,Female,Chennai,South,2024-03-21,Active
C02408,Pooja Kumar,pooja.kumar2408@example.com,43,Female,Mumbai,West,2024-07-28,Active
C02409,Pooja Anderson,pooja.anderson2409@example.com,43,Female,Ahmedabad,West,2025-02-28,Active
C02410,William Patel,william.patel2410@example.com,23,Male,Amritsar,North,2023-04-02,Active
C02411,Aditya Taylor,aditya.taylor2411@example.com,43,Male,Mysuru,South,2024-07-01,Active
C02412,Rohan Das,rohan.das2412@example.com,50,Other,Ranchi,East,2023-02-23,Inactive
C02413,Sanjay Smith,sanjay.smith2413@example.com,23,Male,Nagpur,West,2024-06-04,Active
C02414,Ananya Malhotra,ananya.malhotra2414@example.com,25,Male,Jaipur,North,2023-08-15,Active
C02415,Rohan Brown,rohan.brown2415@example.com,45,Male,Dehradun,North,2024-08-07,Active
C02416,Mia Joshi,mia.joshi2416@example.com,37,Male,Delhi,North,2024-12-06,Active
C02417,David Rao,david.rao2417@example.com,40,Other,Kolkata,East,2025-04-13,Inactive
C02418,Karan Rao,karan.rao2418@example.com,38,Female,Bhubaneswar,East,2025-05-07,Active
C02419,Divya Rao,divya.rao2419@example.com,38,Other,Bengaluru,South,2024-11-15,Active
C02420,Varun Moore,varun.moore2420@example.com,21,Other,Nagpur,West,2023-11-14,Active
C02421,James Sharma,james.sharma2421@example.com,45,Female,Ranchi,East,2025-04-23,Active
C02422,William Anderson,william.anderson2422@example.com,46,Female,Bhubaneswar,East,2023-09-17,Active
C02423,James Anderson,james.anderson2423@example.com,32,Female,Mumbai,West,2023-05-12,Active
C02424,Daniel Kumar,daniel.kumar2424@example.com,34,Male,Hyderabad,South,2023-06-12,Inactive
C02425,Priya Johnson,priya.johnson2425@example.com,19,Female,Mumbai,West,2023-06-21,Inactive
C02426,Neha Johnson,neha.johnson2426@example.com,40,Female,Ranchi,East,2023-10-19,Inactive
C02427,Michael Kumar,michael.kumar2427@example.com,40,Female,Kolkata,East,2025-04-22,Inactive
C02428,Kavya Brown,kavya.brown2428@example.com,34,Male,Hyderabad,South,2023-05-11,Active
C02429,Pooja Kumar,pooja.kumar2429@example.com,46,Male,Chandigarh,North,2023-08-23,Active
C02430,Arjun Anderson,arjun.anderson2430@example.com,31,Other,Pune,West,2025-04-05,Active
C02431,Ishita Malhotra,ishita.malhotra2431@example.com,40,Other,Goa,West,2023-05-27,Active
C02432,Mia Smith,mia.smith2432@example.com,24,Male,Dehradun,North,2025-02-25,Active
C02433,Varun Sharma,varun.sharma2433@example.com,34,Male,Kolkata,East,2023-12-16,Inactive
C02434,Ishita Malhotra,ishita.malhotra2434@example.com,33,Male,Bhubaneswar,East,2024-10-21,Active
C02435,Neha Smith,neha.smith2435@example.com,37,Male,Pune,West,2023-08-19,Active
C02436,Olivia Taylor,olivia.taylor2436@example.com,31,Female,Chennai,South,2023-01-26,Inactive
C02437,Divya Smith,divya.smith2437@example.com,33,Female,Jaipur,North,2024-07-24,Active
C02438,Ananya Wilson,ananya.wilson2438@example.com,43,Male,Kolkata,East,2024-02-24,Active
C02439,Emma Verma,emma.verma2439@example.com,30,Other,Amritsar,North,2023-11-26,Active
C02440,Olivia Rao,olivia.rao2440@example.com,18,Male,Hyderabad,South,2024-01-26,Active
C02441,Michael Williams,michael.williams2441@example.com,52,Male,Chandigarh,North,2025-05-27,Active
C02442,Kavya Reddy,kavya.reddy2442@example.com,48,Male,Amritsar,North,2024-10-26,Inactive
C02443,Daniel Joshi,daniel.joshi2443@example.com,22,Female,Goa,West,2024-12-03,Active
C02444,Sneha Wilson,sneha.wilson2444@example.com,41,Female,Nagpur,West,2024-09-19,Active
C02445,Mia Singh,mia.singh2445@example.com,29,Female,Surat,West,2024-07-03,Inactive
C02446,Neha Miller,neha.miller2446@example.com,37,Other,Bengaluru,South,2023-06-28,Inactive
C02447,David Verma,david.verma2447@example.com,37,Female,Ahmedabad,West,2025-01-27,Active
C02448,Aanya Malhotra,aanya.malhotra2448@example.com,32,Female,Bhubaneswar,East,2024-12-28,Inactive
C02449,Rahul Miller,rahul.miller2449@example.com,27,Female,Kochi,South,2023-08-02,Inactive
C02450,Nikhil Taylor,nikhil.taylor2450@example.com,28,Female,Surat,West,2024-03-30,Inactive
C02451,Aditya Iyer,aditya.iyer2451@example.com,25,Other,Ahmedabad,West,2024-02-13,Active
C02452,Rohan Moore,rohan.moore2452@example.com,26,Male,Bengaluru,South,2024-08-05,Active
C02453,Kavya Anderson,kavya.anderson2453@example.com,34,Female,Ranchi,East,2024-01-19,Active
C02454,Rahul Brown,rahul.brown2454@example.com,27,Male,Kochi,South,2024-07-09,Active
C02455,Meera Patel,meera.patel2455@example.com,41,Male,Guwahati,East,2023-08-11,Active
C02456,Karan Smith,karan.smith2456@example.com,49,Female,Mysuru,South,2023-07-04,Inactive
C02457,Rohan Joshi,rohan.joshi2457@example.com,29,Other,Dehradun,North,2024-11-14,Active
C02458,Karan Williams,karan.williams2458@example.com,37,Male,Mysuru,South,2023-06-04,Active
C02459,Isabella Taylor,isabella.taylor2459@example.com,39,Male,Pune,West,2025-02-19,Inactive
C02460,Mia Anderson,mia.anderson2460@example.com,39,Other,Guwahati,East,2024-06-27,Active
C02461,Ananya Reddy,ananya.reddy2461@example.com,35,Male,Dehradun,North,2023-01-22,Active
C02462,Isabella Reddy,isabella.reddy2462@example.com,42,Female,Lucknow,North,2024-01-01,Active
C02463,Neha Reddy,neha.reddy2463@example.com,39,Female,Bengaluru,South,2024-09-30,Inactive
C02464,Aditya Moore,aditya.moore2464@example.com,22,Male,Surat,West,2023-10-24,Active
C02465,Priya Kapoor,,43,Male,Bengaluru,South,2024-06-29,Inactive
C02466,Kavya Johnson,kavya.johnson2466@example.com,43,Other,Pune,West,2024-04-25,Active
C02467,Ananya Wilson,ananya.wilson2467@example.com,27,Male,Bhubaneswar,East,2024-03-31,Active
C02468,David Joshi,david.joshi2468@example.com,35,Female,Jaipur,North,2024-01-24,Active
C02469,James Das,james.das2469@example.com,41,Female,Amritsar,North,2024-08-21,Active
C02470,Pooja Wilson,pooja.wilson2470@example.com,32,Other,Mumbai,West,2023-12-19,Inactive
C02471,Arjun Verma,arjun.verma2471@example.com,45,Male,Lucknow,North,2024-10-01,Active
C02472,Ananya Wilson,ananya.wilson2472@example.com,58,Male,Pune,West,2024-10-11,Active
C02473,Divya Brown,divya.brown2473@example.com,27,Male,Lucknow,North,2024-09-28,Inactive
C02474,Ishita Mehta,ishita.mehta2474@example.com,21,Male,Pune,West,2024-06-09,Active
C02475,Aditya Verma,aditya.verma2475@example.com,38,Male,Chandigarh,North,2024-10-26,Active
C02476,Nikhil Kapoor,nikhil.kapoor2476@example.com,42,Female,Patna,East,2023-02-11,Active
C02477,Arjun Iyer,arjun.iyer2477@example.com,32,Other,Nagpur,West,2023-02-02,Active
C02478,Varun Sharma,varun.sharma2478@example.com,49,Female,Dehradun,North,2024-01-25,Active
C02479,Karan Patel,karan.patel2479@example.com,21,Other,Surat,West,2024-11-19,Active
C02480,Ishita Smith,ishita.smith2480@example.com,41,Female,Ahmedabad,West,2024-02-21,Active
C02481,Emma Mehta,emma.mehta2481@example.com,28,Other,Chennai,South,2023-07-17,Active
C02482,Mia Malhotra,mia.malhotra2482@example.com,52,Other,Kolkata,East,2023-03-28,Active
C02483,David Kumar,david.kumar2483@example.com,54,Male,Guwahati,East,2025-04-10,Active
C02484,Arjun Verma,arjun.verma2484@example.com,27,Female,Jaipur,North,2023-03-08,Active
C02485,Isabella Reddy,isabella.reddy2485@example.com,29,Male,Hyderabad,South,2025-01-10,Active
C02486,Arjun Singh,arjun.singh2486@example.com,43,Other,Guwahati,East,2024-10-03,Inactive
C02487,Isabella Iyer,isabella.iyer2487@example.com,31,Other,Nagpur,West,2023-04-19,Active
C02488,Rahul Gupta,rahul.gupta2488@example.com,34,Other,Dehradun,North,2023-03-25,Active
C02489,Meera Wilson,meera.wilson2489@example.com,35,Male,Delhi,North,2023-08-04,Active
C02490,Aditya Miller,aditya.miller2490@example.com,18,Other,Chandigarh,North,2023-07-17,Active
C02491,Pooja Davis,pooja.davis2491@example.com,34,Other,Mysuru,South,2023-07-10,Active
C02492,Priya Smith,priya.smith2492@example.com,28,Male,Chandigarh,North,2023-03-23,Active
C02493,Rahul Johnson,rahul.johnson2493@example.com,30,Other,Chennai,South,2023-07-13,Active
C02494,Priya Iyer,priya.iyer2494@example.com,49,Male,Jaipur,North,2023-06-16,Active
C02495,Meera Smith,meera.smith2495@example.com,22,Other,Guwahati,East,2023-10-20,Active
C02496,Emma Rao,emma.rao2496@example.com,43,Other,Patna,East,2023-01-08,Active
C02497,Michael Verma,michael.verma2497@example.com,32,Male,Patna,East,2023-03-05,Active
C02498,Divya Anderson,divya.anderson2498@example.com,32,Female,Kolkata,East,2023-03-23,Active
C02499,Emma Wilson,emma.wilson2499@example.com,42,Male,Mumbai,West,2023-11-23,Active
C02500,Olivia Reddy,olivia.reddy2500@example.com,38,Other,Guwahati,East,2023-09-26,Active
C02501,Ishita Taylor,ishita.taylor2501@example.com,40,Female,Ranchi,East,2024-01-15,Active
C02502,Kavya Taylor,kavya.taylor2502@example.com,44,Male,Ahmedabad,West,2023-08-22,Active
C02503,Ishita Kapoor,ishita.kapoor2503@example.com,31,Female,Dehradun,North,2025-06-20,Active
C02504,Isabella Malhotra,isabella.malhotra2504@example.com,28,Female,Surat,West,2023-06-06,Active
C02505,Aarav Singh,aarav.singh2505@example.com,24,Female,Surat,West,2024-01-26,Inactive
C02506,Ishita Sharma,ishita.sharma2506@example.com,26,Female,Kochi,South,2025-03-21,Active
C02507,Varun Verma,varun.verma2507@example.com,64,Male,Bengaluru,South,2023-04-08,Active
C02508,Vikram Iyer,vikram.iyer2508@example.com,47,Male,Pune,West,2023-01-23,Active
C02509,William Johnson,william.johnson2509@example.com,21,Female,Chennai,South,2023-08-22,Active
C02510,Meera Verma,meera.verma2510@example.com,21,Female,Surat,West,2024-11-12,Active
C02511,Aditya Moore,aditya.moore2511@example.com,39,Female,Delhi,North,2024-09-14,Active
C02512,Pooja Gupta,pooja.gupta2512@example.com,40,Female,Coimbatore,South,2024-05-17,Active
C02513,Aditya Miller,aditya.miller2513@example.com,40,Female,Bhubaneswar,East,2024-12-01,Active
C02514,Rahul Smith,rahul.smith2514@example.com,32,Female,Amritsar,North,2023-12-16,Active
C02515,Varun Brown,varun.brown2515@example.com,33,Male,Chennai,South,2023-01-19,Active
C02516,Rohan Iyer,rohan.iyer2516@example.com,38,Other,Pune,West,2023-08-28,Inactive
C02517,Sophia Mehta,sophia.mehta2517@example.com,35,Other,Ranchi,East,2023-12-15,Active
C02518,David Singh,david.singh2518@example.com,18,Female,Bhubaneswar,East,2025-03-11,Active
C02519,Varun Davis,varun.davis2519@example.com,32,Male,Mysuru,South,2025-04-12,Active
C02520,Pooja Sharma,pooja.sharma2520@example.com,26,Female,Goa,West,2024-06-07,Inactive
C02521,Divya Iyer,divya.iyer2521@example.com,36,Male,Pune,West,2024-06-25,Active
C02522,Nikhil Joshi,nikhil.joshi2522@example.com,64,Male,Kolkata,East,2025-03-21,Active
C02523,Isabella Anderson,isabella.anderson2523@example.com,38,Male,Chennai,South,2024-04-30,Active
C02524,Ishita Davis,ishita.davis2524@example.com,31,Female,Lucknow,North,2024-07-29,Active
C02525,Pooja Iyer,pooja.iyer2525@example.com,44,Other,Patna,East,2025-06-23,Active
C02526,Divya Kumar,divya.kumar2526@example.com,39,Female,Coimbatore,South,2025-01-21,Active
C02527,Sophia Smith,sophia.smith2527@example.com,39,Female,Coimbatore,South,2023-09-12,Active
C02528,William Sharma,william.sharma2528@example.com,41,Female,Nagpur,West,2023-09-25,Active
C02529,Aarav Miller,aarav.miller2529@example.com,55,Other,Kolkata,East,2025-02-19,Active
C02530,Michael Singh,michael.singh2530@example.com,23,Female,Ranchi,East,2024-10-02,Active
C02531,Nikhil Anderson,nikhil.anderson2531@example.com,39,Female,Coimbatore,South,2023-04-21,Inactive
C02532,Rohan Moore,rohan.moore2532@example.com,25,Other,Ahmedabad,West,2024-04-09,Active
C02533,Aarav Kumar,aarav.kumar2533@example.com,40,Male,Chennai,South,2025-06-07,Active
C02534,Rahul Iyer,rahul.iyer2534@example.com,25,Other,Ahmedabad,West,2024-01-20,Active
C02535,Aditya Joshi,aditya.joshi2535@example.com,30,Male,Nagpur,West,2023-12-01,Active
C02536,Neha Iyer,neha.iyer2536@example.com,32,Other,Dehradun,North,2025-02-13,Active
C02537,James Moore,james.moore2537@example.com,44,Male,Dehradun,North,2024-05-23,Active
C02538,Rahul Kumar,rahul.kumar2538@example.com,44,Other,Jaipur,North,2023-06-17,Inactive
C02539,Michael Das,michael.das2539@example.com,22,Female,Hyderabad,South,2023-12-13,Active
C02540,Pooja Joshi,pooja.joshi2540@example.com,35,Other,Kolkata,East,2023-03-05,Active
C02541,Rahul Johnson,rahul.johnson2541@example.com,27,Male,Nagpur,West,2025-04-13,Active
C02542,Michael Mehta,michael.mehta2542@example.com,22,Male,Hyderabad,South,2023-09-03,Active
C02543,Daniel Moore,daniel.moore2543@example.com,32,Male,Delhi,North,2024-05-05,Active
C02544,Rahul Singh,rahul.singh2544@example.com,31,Other,Bengaluru,South,2023-11-24,Active
C02545,Sanjay Anderson,sanjay.anderson2545@example.com,59,Female,Mumbai,West,2024-05-19,Active
C02546,Arjun Patel,arjun.patel2546@example.com,39,Male,Goa,West,2024-08-26,Active
C02547,Pooja Sharma,pooja.sharma2547@example.com,21,Female,Coimbatore,South,2024-12-19,Active
C02548,David Verma,david.verma2548@example.com,29,Female,Guwahati,East,2023-08-06,Active
C02549,Emma Davis,emma.davis2549@example.com,45,Female,Dehradun,North,2023-09-30,Active
C02550,William Gupta,william.gupta2550@example.com,55,Other,Pune,West,2023-09-20,Active
C02551,Karan Kumar,karan.kumar2551@example.com,19,Other,Patna,East,2023-10-20,Active
C02552,Daniel Wilson,daniel.wilson2552@example.com,18,Other,Goa,West,2025-02-27,Active
C02553,Aanya Joshi,aanya.joshi2553@example.com,53,Male,Hyderabad,South,2025-01-30,Inactive
C02554,Michael Williams,michael.williams2554@example.com,38,Other,Bengaluru,South,2025-02-04,Active
C02555,William Nair,william.nair2555@example.com,26,Female,Coimbatore,South,2024-04-19,Active
C02556,David Mehta,david.mehta2556@example.com,40,Male,Coimbatore,South,2024-06-07,Active
C02557,William Verma,william.verma2557@example.com,18,Female,Jaipur,North,2023-07-31,Active
C02558,Aditya Malhotra,aditya.malhotra2558@example.com,35,Female,Nagpur,West,2024-09-08,Active
C02559,Kavya Davis,kavya.davis2559@example.com,38,Female,Surat,West,2025-03-25,Inactive
C02560,Divya Kumar,divya.kumar2560@example.com,44,Male,Hyderabad,South,2025-05-23,Active
C02561,Vikram Sharma,vikram.sharma2561@example.com,24,Female,Delhi,North,2024-03-31,Active
C02562,Aanya Das,aanya.das2562@example.com,35,Male,Hyderabad,South,2024-10-23,Active
C02563,David Das,david.das2563@example.com,25,Male,Nagpur,West,2023-10-14,Active
C02564,Michael Patel,michael.patel2564@example.com,37,Male,Lucknow,North,2023-11-06,Active
C02565,Ananya Miller,ananya.miller2565@example.com,26,Other,Pune,West,2024-11-29,Active
C02566,Aarav Kumar,aarav.kumar2566@example.com,30,Male,Pune,West,2025-01-12,Active
C02567,Aarav Moore,aarav.moore2567@example.com,25,Other,Patna,East,2024-05-06,Active
C02568,Arjun Joshi,arjun.joshi2568@example.com,41,Other,Bengaluru,South,2024-01-22,Active
C02569,William Malhotra,william.malhotra2569@example.com,43,Female,Surat,West,2023-06-29,Inactive
C02570,Arjun Anderson,arjun.anderson2570@example.com,32,Female,Dehradun,North,2024-12-27,Active
C02571,Sophia Mehta,sophia.mehta2571@example.com,35,Male,Pune,West,2024-11-18,Active
C02572,James Malhotra,james.malhotra2572@example.com,20,Male,Bengaluru,South,2024-10-27,Active
C02573,James Brown,james.brown2573@example.com,32,Male,Goa,West,2025-01-02,Inactive
C02574,Ishita Reddy,ishita.reddy2574@example.com,34,Other,Lucknow,North,2024-01-12,Active
C02575,Priya Das,priya.das2575@example.com,61,Other,Goa,West,2024-01-16,Active
C02576,Emma Miller,emma.miller2576@example.com,23,Female,Chennai,South,2024-02-21,Active
C02577,Nikhil Das,nikhil.das2577@example.com,49,Female,Ahmedabad,West,2023-06-01,Active
C02578,Kavya Kapoor,kavya.kapoor2578@example.com,44,Female,Nagpur,West,2024-03-18,Active
C02579,Aditya Das,aditya.das2579@example.com,37,Other,Bhubaneswar,East,2024-04-22,Active
C02580,Aditya Smith,aditya.smith2580@example.com,52,Other,Hyderabad,South,2023-05-29,Active
C02581,Rahul Gupta,rahul.gupta2581@example.com,38,Other,Coimbatore,South,2024-02-10,Active
C02582,Sanjay Johnson,sanjay.johnson2582@example.com,38,Male,Mumbai,West,2024-06-16,Active
C02583,Mia Johnson,mia.johnson2583@example.com,34,Other,Lucknow,North,2023-06-18,Active
C02584,Ananya Iyer,ananya.iyer2584@example.com,47,Other,Ranchi,East,2025-05-06,Active
C02585,Olivia Joshi,olivia.joshi2585@example.com,45,Male,Goa,West,2024-08-13,Active
C02586,Michael Kumar,michael.kumar2586@example.com,28,Male,Nagpur,West,2024-10-17,Active
C02587,David Anderson,david.anderson2587@example.com,21,Male,Mysuru,South,2025-01-03,Active
C02588,Rahul Reddy,rahul.reddy2588@example.com,32,Other,Chandigarh,North,2023-11-10,Active
C02589,William Gupta,william.gupta2589@example.com,26,Other,Ahmedabad,West,2024-10-15,Active
C02590,Aarav Sharma,aarav.sharma2590@example.com,34,Female,Hyderabad,South,2023-05-04,Active
C02591,Vikram Malhotra,vikram.malhotra2591@example.com,47,Male,Delhi,North,2024-03-08,Inactive
C02592,James Davis,james.davis2592@example.com,30,Female,Mumbai,West,2023-12-18,Active
C02593,Meera Davis,meera.davis2593@example.com,34,Other,Chennai,South,2024-05-04,Active
C02594,Pooja Patel,pooja.patel2594@example.com,35,Female,Dehradun,North,2023-11-24,Active
C02595,Isabella Joshi,isabella.joshi2595@example.com,43,Other,Ranchi,East,2025-02-27,Active
C02596,Aarav Joshi,aarav.joshi2596@example.com,18,Male,Ranchi,East,2024-05-14,Active
C02597,Vikram Johnson,vikram.johnson2597@example.com,28,Male,Chandigarh,North,2023-03-26,Active
C02598,Karan Taylor,karan.taylor2598@example.com,37,Female,Chandigarh,North,2023-09-05,Active
C02599,Aditya Nair,aditya.nair2599@example.com,47,Other,Mumbai,West,2025-03-06,Active
C02600,Divya Kapoor,divya.kapoor2600@example.com,30,Male,Pune,West,2023-01-11,Active
C02601,Nikhil Reddy,nikhil.reddy2601@example.com,18,Other,Amritsar,North,2023-07-05,Active
C02602,Daniel Taylor,daniel.taylor2602@example.com,41,Male,Goa,West,2023-09-17,Active
C02603,David Malhotra,david.malhotra2603@example.com,28,Female,Pune,West,2025-05-24,Active
C02604,Aditya Kapoor,aditya.kapoor2604@example.com,23,Male,Guwahati,East,2024-12-04,Active
C02605,Pooja Brown,pooja.brown2605@example.com,28,Male,Jaipur,North,2023-01-06,Active
C02606,Aanya Nair,aanya.nair2606@example.com,33,Male,Kochi,South,2023-08-17,Active
C02607,James Malhotra,james.malhotra2607@example.com,28,Other,Pune,West,2023-04-29,Active
C02608,Emma Davis,emma.davis2608@example.com,18,Other,Bengaluru,South,2023-01-25,Active
C02609,Aarav Moore,aarav.moore2609@example.com,43,Other,Ranchi,East,2024-12-11,Active
C02610,Pooja Patel,pooja.patel2610@example.com,47,Female,Chandigarh,North,2024-03-22,Active
C02611,Arjun Reddy,arjun.reddy2611@example.com,41,Female,Mumbai,West,2025-06-17,Inactive
C02612,Karan Smith,karan.smith2612@example.com,23,Male,Ranchi,East,2025-06-15,Active
C02613,Arjun Williams,arjun.williams2613@example.com,32,Male,Jaipur,North,2024-11-11,Active
C02614,Vikram Brown,vikram.brown2614@example.com,34,Male,Guwahati,East,2025-03-19,Active
C02615,Kavya Patel,kavya.patel2615@example.com,40,Male,Mumbai,West,2023-07-27,Active
C02616,James Joshi,james.joshi2616@example.com,41,Male,Mysuru,South,2024-01-16,Active
C02617,Sanjay Wilson,sanjay.wilson2617@example.com,27,Female,Delhi,North,2024-08-22,Active
C02618,Aditya Rao,aditya.rao2618@example.com,35,Female,Bhubaneswar,East,2025-03-31,Active
C02619,Pooja Gupta,pooja.gupta2619@example.com,39,Male,Surat,West,2023-06-26,Active
C02620,Olivia Singh,olivia.singh2620@example.com,49,Other,Jaipur,North,2023-05-29,Inactive
C02621,Sanjay Reddy,sanjay.reddy2621@example.com,42,Other,Chandigarh,North,2023-06-18,Active
C02622,Ishita Rao,ishita.rao2622@example.com,42,Female,Nagpur,West,2024-02-21,Active
C02623,Isabella Iyer,isabella.iyer2623@example.com,35,Female,Mumbai,West,2023-01-29,Active
C02624,Nikhil Davis,nikhil.davis2624@example.com,49,Male,Ranchi,East,2025-02-05,Inactive
C02625,Sophia Smith,sophia.smith2625@example.com,39,Female,Goa,West,2024-10-23,Inactive
C02626,Divya Smith,divya.smith2626@example.com,26,Female,Bengaluru,South,2024-05-24,Active
C02627,Aarav Kapoor,aarav.kapoor2627@example.com,49,Male,Goa,West,2024-07-29,Active
C02628,Aanya Das,aanya.das2628@example.com,41,Female,Mysuru,South,2024-02-07,Active
C02629,William Johnson,william.johnson2629@example.com,30,Other,Patna,East,2023-12-01,Inactive
C02630,Pooja Joshi,pooja.joshi2630@example.com,30,Other,Goa,West,2024-08-26,Active
C02631,Aditya Reddy,aditya.reddy2631@example.com,37,Other,Kochi,South,2024-05-16,Inactive
C02632,Daniel Mehta,daniel.mehta2632@example.com,39,Female,Lucknow,North,2025-06-14,Active
C02633,Mia Iyer,mia.iyer2633@example.com,36,Male,Chennai,South,2024-08-02,Active
C02634,William Iyer,william.iyer2634@example.com,38,Other,Bhubaneswar,East,2024-11-23,Active
C02635,Meera Wilson,meera.wilson2635@example.com,51,Other,Guwahati,East,2023-07-12,Active
C02636,Neha Gupta,neha.gupta2636@example.com,45,Other,Mysuru,South,2024-12-03,Active
C02637,Sophia Malhotra,sophia.malhotra2637@example.com,36,Other,Bhubaneswar,East,2024-06-16,Active
C02638,Rohan Davis,rohan.davis2638@example.com,44,Other,Bhubaneswar,East,2025-04-30,Active
C02639,Sneha Joshi,sneha.joshi2639@example.com,24,Female,Ahmedabad,West,2025-01-04,Active
C02640,Aditya Singh,aditya.singh2640@example.com,38,Female,Goa,West,2024-09-12,Active
C02641,William Johnson,william.johnson2641@example.com,53,Female,Chandigarh,North,2023-01-04,Active
C02642,Nikhil Johnson,nikhil.johnson2642@example.com,32,Other,Ranchi,East,2025-04-20,Active
C02643,Vikram Patel,vikram.patel2643@example.com,26,Female,Pune,West,2024-10-05,Inactive
C02644,Meera Joshi,meera.joshi2644@example.com,28,Female,Chandigarh,North,2023-05-03,Active
C02645,Michael Patel,michael.patel2645@example.com,24,Male,Lucknow,North,2025-05-17,Active
C02646,Kavya Mehta,kavya.mehta2646@example.com,27,Male,Amritsar,North,2025-03-13,Active
C02647,Aanya Wilson,aanya.wilson2647@example.com,31,Other,Pune,West,2023-03-03,Active
C02648,Emma Mehta,emma.mehta2648@example.com,20,Female,Guwahati,East,2024-03-16,Active
C02649,Divya Williams,divya.williams2649@example.com,35,Female,Coimbatore,South,2024-07-19,Active
C02650,Aarav Johnson,aarav.johnson2650@example.com,44,Other,Bengaluru,South,2023-11-21,Active
C02651,Rohan Johnson,rohan.johnson2651@example.com,25,Other,Kochi,South,2023-01-18,Inactive
C02652,Emma Davis,emma.davis2652@example.com,50,Female,Amritsar,North,2025-04-08,Active
C02653,Isabella Kapoor,isabella.kapoor2653@example.com,40,Male,Jaipur,North,2023-09-05,Active
C02654,Mia Rao,mia.rao2654@example.com,45,Female,Bengaluru,South,2023-04-20,Active
C02655,Varun Davis,varun.davis2655@example.com,28,Female,Ranchi,East,2024-04-01,Active
C02656,Meera Moore,meera.moore2656@example.com,43,Female,Delhi,North,2024-03-29,Active
C02657,Michael Joshi,michael.joshi2657@example.com,24,Male,Goa,West,2024-07-08,Active
C02658,Pooja Kapoor,pooja.kapoor2658@example.com,43,Other,Mysuru,South,2023-12-17,Active
C02659,Divya Joshi,divya.joshi2659@example.com,36,Female,Goa,West,2024-09-13,Active
C02660,Arjun Davis,arjun.davis2660@example.com,40,Other,Mysuru,South,2024-11-30,Active
C02661,Rohan Iyer,rohan.iyer2661@example.com,23,Female,Pune,West,2024-02-19,Active
C02662,Karan Davis,karan.davis2662@example.com,26,Female,Bhubaneswar,East,2023-01-25,Active
C02663,James Reddy,james.reddy2663@example.com,40,Female,Mysuru,South,2024-12-31,Active
C02664,Ishita Das,ishita.das2664@example.com,25,Female,Goa,West,2023-01-21,Active
C02665,Arjun Kapoor,arjun.kapoor2665@example.com,39,Female,Surat,West,2023-12-23,Active
C02666,Pooja Verma,pooja.verma2666@example.com,21,Male,Patna,East,2023-08-13,Inactive
C02667,Karan Das,karan.das2667@example.com,43,Male,Hyderabad,South,2025-02-17,Active
C02668,Divya Moore,divya.moore2668@example.com,22,Other,Hyderabad,South,2023-02-21,Active
C02669,Rahul Nair,rahul.nair2669@example.com,40,Male,Ranchi,East,2025-05-29,Active
C02670,Meera Nair,meera.nair2670@example.com,41,Male,Bengaluru,South,2024-06-17,Active
C02671,Aanya Williams,aanya.williams2671@example.com,28,Other,Amritsar,North,2025-03-12,Active
C02672,Kavya Brown,kavya.brown2672@example.com,40,Female,Chennai,South,2023-06-21,Active
C02673,James Reddy,james.reddy2673@example.com,37,Male,Coimbatore,South,2025-03-02,Active
C02674,Ananya Anderson,ananya.anderson2674@example.com,29,Female,Coimbatore,South,2024-07-20,Active
C02675,Kavya Verma,kavya.verma2675@example.com,24,Male,Bengaluru,South,2025-03-16,Active
C02676,Sanjay Sharma,sanjay.sharma2676@example.com,18,Other,Chennai,South,2024-05-31,Inactive
C02677,Priya Patel,priya.patel2677@example.com,38,Female,Pune,West,2023-06-09,Inactive
C02678,William Das,william.das2678@example.com,19,Other,Coimbatore,South,2025-03-12,Active
C02679,Priya Moore,priya.moore2679@example.com,35,Male,Kochi,South,2024-12-31,Active
C02680,Karan Singh,karan.singh2680@example.com,32,Male,Delhi,North,2023-10-22,Active
C02681,Michael Joshi,michael.joshi2681@example.com,41,Other,Nagpur,West,2024-07-08,Active
C02682,Sanjay Das,sanjay.das2682@example.com,31,Other,Nagpur,West,2024-08-14,Active
C02683,Sanjay Kapoor,sanjay.kapoor2683@example.com,31,Male,Ahmedabad,West,2024-05-30,Inactive
C02684,Rohan Reddy,rohan.reddy2684@example.com,42,Other,Hyderabad,South,2024-01-12,Inactive
C02685,David Kapoor,david.kapoor2685@example.com,38,Female,Amritsar,North,2024-01-20,Active
C02686,Pooja Gupta,pooja.gupta2686@example.com,38,Male,Lucknow,North,2023-08-09,Active
C02687,Isabella Williams,isabella.williams2687@example.com,39,Other,Kochi,South,2023-05-24,Active
C02688,Sneha Singh,sneha.singh2688@example.com,19,Male,Ranchi,East,2023-08-21,Inactive
C02689,Karan Malhotra,karan.malhotra2689@example.com,42,Other,Ranchi,East,2024-04-21,Active
C02690,Rahul Kapoor,rahul.kapoor2690@example.com,41,Male,Kochi,South,2023-09-09,Inactive
C02691,Ishita Patel,ishita.patel2691@example.com,24,Female,Lucknow,North,2024-04-21,Inactive
C02692,Divya Nair,divya.nair2692@example.com,32,Female,Mumbai,West,2025-04-20,Active
C02693,Mia Brown,mia.brown2693@example.com,34,Male,Mumbai,West,2023-12-27,Active
C02694,Priya Sharma,priya.sharma2694@example.com,33,Male,Guwahati,East,2023-05-30,Active
C02695,Aarav Smith,aarav.smith2695@example.com,38,Male,Kolkata,East,2024-10-07,Active
C02696,Karan Iyer,karan.iyer2696@example.com,49,Other,Chandigarh,North,2024-04-16,Active
C02697,Ishita Patel,ishita.patel2697@example.com,45,Other,Patna,East,2024-08-22,Active
C02698,Meera Anderson,meera.anderson2698@example.com,21,Other,Surat,West,2023-02-07,Active
C02699,Mia Joshi,mia.joshi2699@example.com,41,Female,Jaipur,North,2024-11-07,Active
C02700,Rahul Anderson,rahul.anderson2700@example.com,48,Male,Bhubaneswar,East,2023-04-06,Active
C02701,Sneha Patel,sneha.patel2701@example.com,38,Male,Ranchi,East,2023-11-07,Active
C02702,Meera Williams,meera.williams2702@example.com,45,Male,Bengaluru,South,2024-03-03,Active
C02703,Kavya Williams,kavya.williams2703@example.com,55,Female,Kochi,South,2023-08-04,Active
C02704,Isabella Patel,isabella.patel2704@example.com,45,Female,Jaipur,North,2025-01-14,Active
C02705,Nikhil Verma,nikhil.verma2705@example.com,37,Other,Jaipur,North,2024-05-20,Active
C02706,Divya Taylor,divya.taylor2706@example.com,45,Female,Ahmedabad,West,2025-05-21,Active
C02707,Kavya Johnson,kavya.johnson2707@example.com,36,Other,Guwahati,East,2023-12-05,Active
C02708,Rahul Wilson,rahul.wilson2708@example.com,35,Other,Guwahati,East,2025-05-05,Active
C02709,Michael Rao,michael.rao2709@example.com,31,Male,Guwahati,East,2025-04-14,Active
C02710,Aditya Smith,aditya.smith2710@example.com,50,Female,Ahmedabad,West,2024-05-25,Inactive
C02711,Varun Nair,varun.nair2711@example.com,26,Female,Mumbai,West,2023-04-20,Inactive
C02712,David Rao,david.rao2712@example.com,50,Female,Bengaluru,South,2023-06-06,Inactive
C02713,Emma Joshi,emma.joshi2713@example.com,39,Female,Ranchi,East,2024-08-03,Active
C02714,Priya Davis,priya.davis2714@example.com,21,Female,Jaipur,North,2024-11-09,Active
C02715,Meera Joshi,meera.joshi2715@example.com,38,Female,Kolkata,East,2023-06-07,Active
C02716,Ishita Kumar,ishita.kumar2716@example.com,18,Female,Lucknow,North,2023-08-30,Active
C02717,Varun Gupta,varun.gupta2717@example.com,41,Female,Surat,West,2024-03-16,Inactive
C02718,Divya Verma,divya.verma2718@example.com,43,Female,Bhubaneswar,East,2023-06-13,Active
C02719,Ananya Reddy,ananya.reddy2719@example.com,29,Male,Mumbai,West,2025-03-26,Active
C02720,Meera Brown,meera.brown2720@example.com,36,Male,Coimbatore,South,2025-03-23,Active
C02721,Aarav Brown,aarav.brown2721@example.com,54,Male,Hyderabad,South,2023-02-03,Active
C02722,Olivia Williams,olivia.williams2722@example.com,29,Male,Patna,East,2023-02-11,Active
C02723,Ananya Patel,ananya.patel2723@example.com,24,Other,Patna,East,2023-03-26,Inactive
C02724,Sophia Verma,sophia.verma2724@example.com,49,Female,Jaipur,North,2025-04-23,Inactive
C02725,Varun Nair,varun.nair2725@example.com,54,Other,Lucknow,North,2025-05-06,Active
C02726,Arjun Malhotra,arjun.malhotra2726@example.com,35,Other,Bhubaneswar,East,2025-05-22,Active
C02727,Divya Rao,divya.rao2727@example.com,45,Other,Chandigarh,North,2023-10-18,Active
C02728,James Brown,james.brown2728@example.com,48,Female,Bhubaneswar,East,2024-01-03,Inactive
C02729,Daniel Moore,daniel.moore2729@example.com,27,Female,Patna,East,2024-03-04,Active
C02730,Olivia Iyer,olivia.iyer2730@example.com,30,Male,Chennai,South,2023-09-04,Active
C02731,Arjun Patel,arjun.patel2731@example.com,47,Other,Hyderabad,South,2025-06-15,Active
C02732,Rahul Singh,rahul.singh2732@example.com,51,Other,Chandigarh,North,2023-03-17,Active
C02733,Varun Rao,varun.rao2733@example.com,40,Other,Patna,East,2024-05-08,Active
C02734,Olivia Wilson,olivia.wilson2734@example.com,26,Other,Dehradun,North,2025-01-16,Active
C02735,Daniel Patel,daniel.patel2735@example.com,54,Female,Kochi,South,2023-06-10,Active
C02736,Aanya Patel,aanya.patel2736@example.com,29,Female,Kolkata,East,2024-02-03,Active
C02737,Olivia Joshi,olivia.joshi2737@example.com,31,Other,Surat,West,2025-06-02,Active
C02738,Emma Moore,emma.moore2738@example.com,38,Female,Chennai,South,2024-11-05,Active
C02739,Isabella Verma,isabella.verma2739@example.com,50,Female,Hyderabad,South,2024-03-01,Active
C02740,Aanya Singh,aanya.singh2740@example.com,43,Male,Bhubaneswar,East,2024-06-09,Active
C02741,Emma Verma,emma.verma2741@example.com,39,Female,Bhubaneswar,East,2023-02-09,Active
C02742,Sophia Davis,sophia.davis2742@example.com,39,Female,Patna,East,2023-12-12,Active
C02743,Rohan Gupta,rohan.gupta2743@example.com,35,Male,Goa,West,2023-12-07,Active
C02744,Karan Smith,karan.smith2744@example.com,40,Other,Guwahati,East,2024-09-19,Inactive
C02745,Michael Taylor,michael.taylor2745@example.com,18,Male,Kochi,South,2024-04-10,Inactive
C02746,Michael Malhotra,michael.malhotra2746@example.com,32,Male,Guwahati,East,2023-10-19,Active
C02747,Daniel Reddy,daniel.reddy2747@example.com,37,Female,Goa,West,2025-04-29,Inactive
C02748,Varun Rao,varun.rao2748@example.com,23,Female,Goa,West,2025-05-04,Active
C02749,Neha Miller,neha.miller2749@example.com,38,Male,Ahmedabad,West,2025-04-16,Active
C02750,Vikram Sharma,vikram.sharma2750@example.com,32,Other,Ranchi,East,2023-08-23,Active
C02751,Karan Sharma,karan.sharma2751@example.com,52,Female,Pune,West,2023-02-18,Inactive
C02752,William Johnson,william.johnson2752@example.com,50,Female,Guwahati,East,2023-01-17,Active
C02753,Olivia Patel,olivia.patel2753@example.com,30,Female,Guwahati,East,2024-08-17,Active
C02754,Isabella Rao,isabella.rao2754@example.com,33,Female,Kolkata,East,2024-07-28,Active
C02755,Daniel Gupta,daniel.gupta2755@example.com,34,Male,Coimbatore,South,2024-12-02,Active
C02756,Pooja Sharma,pooja.sharma2756@example.com,30,Male,Bhubaneswar,East,2023-05-13,Inactive
C02757,Olivia Nair,olivia.nair2757@example.com,36,Other,Bhubaneswar,East,2023-09-21,Active
C02758,Emma Verma,emma.verma2758@example.com,27,Female,Pune,West,2023-04-10,Active
C02759,Kavya Moore,kavya.moore2759@example.com,23,Other,Patna,East,2024-10-16,Active
C02760,Isabella Sharma,isabella.sharma2760@example.com,41,Male,Hyderabad,South,2023-03-09,Active
C02761,Ananya Anderson,ananya.anderson2761@example.com,41,Female,Bhubaneswar,East,2023-12-12,Active
C02762,Ananya Brown,ananya.brown2762@example.com,26,Other,Goa,West,2024-09-21,Active
C02763,Sophia Reddy,sophia.reddy2763@example.com,43,Female,Lucknow,North,2023-06-30,Active
C02764,Vikram Taylor,vikram.taylor2764@example.com,28,Male,Coimbatore,South,2024-09-27,Active
C02765,Priya Singh,priya.singh2765@example.com,37,Female,Delhi,North,2023-06-14,Active
C02766,Mia Anderson,mia.anderson2766@example.com,43,Other,Kochi,South,2023-12-26,Active
C02767,Ananya Smith,ananya.smith2767@example.com,34,Female,Surat,West,2023-08-06,Active
C02768,Emma Moore,,39,Male,Goa,West,2025-02-01,Active
C02769,Michael Malhotra,michael.malhotra2769@example.com,29,Female,Goa,West,2023-11-26,Active
C02770,Aanya Malhotra,aanya.malhotra2770@example.com,33,Male,Hyderabad,South,2023-01-04,Active
C02771,Mia Das,mia.das2771@example.com,32,Other,Dehradun,North,2023-12-13,Active
C02772,Isabella Malhotra,isabella.malhotra2772@example.com,27,Male,Lucknow,North,2023-05-18,Inactive
C02773,Rahul Brown,rahul.brown2773@example.com,33,Female,Amritsar,North,2024-07-20,Inactive
C02774,Divya Patel,divya.patel2774@example.com,19,Other,Kolkata,East,2023-11-21,Active
C02775,Aanya Kumar,aanya.kumar2775@example.com,30,Male,Ahmedabad,West,2023-11-04,Active
C02776,Vikram Joshi,vikram.joshi2776@example.com,32,Male,Mysuru,South,2023-10-15,Active
C02777,Sanjay Das,sanjay.das2777@example.com,32,Male,Mumbai,West,2024-05-25,Active
C02778,Aarav Sharma,aarav.sharma2778@example.com,32,Female,Ranchi,East,2023-12-02,Active
C02779,Mia Smith,mia.smith2779@example.com,34,Other,Jaipur,North,2024-09-05,Inactive
C02780,Ananya Mehta,ananya.mehta2780@example.com,39,Female,Kolkata,East,2023-11-22,Inactive
C02781,Rohan Williams,rohan.williams2781@example.com,43,Male,Coimbatore,South,2023-08-26,Active
C02782,Michael Johnson,michael.johnson2782@example.com,28,Male,Guwahati,East,2025-04-11,Active
C02783,Olivia Nair,olivia.nair2783@example.com,22,Male,Guwahati,East,2024-02-18,Active
C02784,Mia Kapoor,mia.kapoor2784@example.com,24,Male,Lucknow,North,2024-11-04,Active
C02785,Arjun Kumar,arjun.kumar2785@example.com,30,Other,Jaipur,North,2023-01-05,Active
C02786,Pooja Das,pooja.das2786@example.com,31,Female,Mumbai,West,2024-07-08,Active
C02787,Kavya Rao,kavya.rao2787@example.com,27,Male,Coimbatore,South,2023-12-09,Active
C02788,Sophia Sharma,sophia.sharma2788@example.com,22,Female,Dehradun,North,2023-08-12,Active
C02789,Emma Wilson,emma.wilson2789@example.com,30,Other,Bengaluru,South,2023-09-02,Inactive
C02790,Sanjay Mehta,sanjay.mehta2790@example.com,36,Other,Dehradun,North,2025-03-24,Active
C02791,Kavya Rao,kavya.rao2791@example.com,40,Male,Kochi,South,2024-03-16,Active
C02792,William Smith,william.smith2792@example.com,29,Female,Pune,West,2023-12-19,Active
C02793,Neha Mehta,neha.mehta2793@example.com,30,Male,Goa,West,2024-09-23,Inactive
C02794,Meera Mehta,meera.mehta2794@example.com,25,Other,Dehradun,North,2024-09-11,Active
C02795,Varun Gupta,varun.gupta2795@example.com,34,Other,Chandigarh,North,2023-09-17,Active
C02796,Varun Kumar,varun.kumar2796@example.com,26,Other,Mysuru,South,2023-09-12,Active
C02797,Sneha Taylor,sneha.taylor2797@example.com,40,Male,Jaipur,North,2025-01-18,Active
C02798,Rohan Mehta,rohan.mehta2798@example.com,18,Male,Pune,West,2024-08-11,Active
C02799,Ananya Moore,ananya.moore2799@example.com,31,Male,Mysuru,South,2024-02-28,Active
C02800,Rahul Singh,rahul.singh2800@example.com,38,Other,Kochi,South,2024-10-25,Active
C02801,Meera Joshi,meera.joshi2801@example.com,36,Other,Patna,East,2024-06-15,Active
C02802,Rohan Miller,rohan.miller2802@example.com,61,Male,Nagpur,West,2023-07-31,Active
C02803,Isabella Wilson,isabella.wilson2803@example.com,38,Male,Mysuru,South,2024-05-16,Active
C02804,Aanya Mehta,aanya.mehta2804@example.com,24,Male,Ranchi,East,2024-03-19,Active
C02805,Emma Malhotra,emma.malhotra2805@example.com,34,Other,Delhi,North,2023-10-24,Active
C02806,Rahul Nair,rahul.nair2806@example.com,18,Female,Lucknow,North,2023-07-01,Active
C02807,Sophia Anderson,sophia.anderson2807@example.com,34,Other,Chandigarh,North,2023-03-08,Active
C02808,Daniel Rao,daniel.rao2808@example.com,26,Female,Patna,East,2023-07-25,Active
C02809,Karan Mehta,karan.mehta2809@example.com,44,Male,Ranchi,East,2024-05-06,Active
C02810,Michael Rao,michael.rao2810@example.com,29,Other,Hyderabad,South,2024-05-12,Active
C02811,Vikram Taylor,vikram.taylor2811@example.com,33,Female,Hyderabad,South,2024-06-18,Active
C02812,Isabella Wilson,isabella.wilson2812@example.com,28,Other,Lucknow,North,2025-03-29,Active
C02813,Arjun Williams,arjun.williams2813@example.com,52,Male,Mumbai,West,2023-09-05,Inactive
C02814,Michael Wilson,michael.wilson2814@example.com,31,Other,Bhubaneswar,East,2025-05-26,Active
C02815,Pooja Smith,pooja.smith2815@example.com,53,Male,Mysuru,South,2023-06-02,Inactive
C02816,Meera Williams,meera.williams2816@example.com,43,Female,Guwahati,East,2023-01-02,Active
C02817,Emma Nair,emma.nair2817@example.com,39,Other,Hyderabad,South,2025-02-21,Active
C02818,Rohan Miller,rohan.miller2818@example.com,38,Female,Guwahati,East,2024-11-16,Inactive
C02819,Karan Brown,karan.brown2819@example.com,38,Other,Kolkata,East,2023-07-20,Inactive
C02820,Isabella Iyer,isabella.iyer2820@example.com,18,Female,Kolkata,East,2024-04-27,Active
C02821,Sneha Kapoor,sneha.kapoor2821@example.com,32,Other,Ranchi,East,2023-01-17,Active
C02822,David Singh,david.singh2822@example.com,43,Male,Amritsar,North,2024-02-25,Inactive
C02823,Meera Johnson,meera.johnson2823@example.com,34,Other,Kochi,South,2023-03-16,Active
C02824,Rahul Rao,rahul.rao2824@example.com,20,Other,Nagpur,West,2023-08-08,Active
C02825,Vikram Sharma,vikram.sharma2825@example.com,34,Other,Delhi,North,2024-02-23,Active
C02826,David Malhotra,david.malhotra2826@example.com,52,Male,Guwahati,East,2023-04-06,Active
C02827,Ananya Reddy,ananya.reddy2827@example.com,47,Female,Coimbatore,South,2025-03-21,Active
C02828,Pooja Moore,pooja.moore2828@example.com,34,Female,Hyderabad,South,2024-07-08,Active
C02829,William Gupta,william.gupta2829@example.com,44,Female,Chandigarh,North,2025-06-27,Active
C02830,Varun Rao,varun.rao2830@example.com,31,Other,Amritsar,North,2023-10-12,Active
C02831,Michael Malhotra,michael.malhotra2831@example.com,18,Other,Patna,East,2024-12-13,Active
C02832,Varun Sharma,varun.sharma2832@example.com,25,Other,Dehradun,North,2023-10-09,Active
C02833,Emma Patel,emma.patel2833@example.com,50,Other,Bengaluru,South,2023-07-03,Active
C02834,Rahul Nair,rahul.nair2834@example.com,32,Female,Bengaluru,South,2023-03-04,Active
C02835,Rahul Patel,rahul.patel2835@example.com,32,Male,Coimbatore,South,2025-01-13,Inactive
C02836,Daniel Anderson,daniel.anderson2836@example.com,32,Female,Chennai,South,2025-05-04,Active
C02837,Arjun Verma,arjun.verma2837@example.com,54,Female,Mysuru,South,2024-01-23,Active
C02838,Kavya Verma,kavya.verma2838@example.com,51,Other,Kolkata,East,2025-05-13,Inactive
C02839,Michael Verma,michael.verma2839@example.com,57,Male,Delhi,North,2023-03-16,Active
C02840,Sneha Moore,,33,Male,Chandigarh,North,2023-09-30,Active
C02841,Priya Davis,priya.davis2841@example.com,37,Other,Ranchi,East,2024-11-07,Active
C02842,Priya Davis,priya.davis2842@example.com,19,Female,Surat,West,2023-10-13,Active
C02843,Sophia Anderson,sophia.anderson2843@example.com,49,Male,Mysuru,South,2023-07-20,Active
C02844,Nikhil Reddy,nikhil.reddy2844@example.com,23,Other,Goa,West,2023-04-29,Active
C02845,Sneha Taylor,sneha.taylor2845@example.com,37,Other,Hyderabad,South,2024-06-30,Inactive
C02846,Pooja Joshi,pooja.joshi2846@example.com,24,Other,Amritsar,North,2024-08-17,Active
C02847,Sanjay Verma,sanjay.verma2847@example.com,29,Other,Hyderabad,South,2025-06-15,Active
C02848,Mia Patel,mia.patel2848@example.com,26,Other,Bengaluru,South,2025-05-28,Active
C02849,Kavya Johnson,kavya.johnson2849@example.com,28,Male,Jaipur,North,2023-12-14,Active
C02850,Vikram Iyer,vikram.iyer2850@example.com,29,Other,Lucknow,North,2023-05-20,Inactive
C02851,Pooja Gupta,pooja.gupta2851@example.com,29,Male,Chandigarh,North,2025-04-02,Active
C02852,Rahul Davis,rahul.davis2852@example.com,43,Female,Amritsar,North,2023-03-15,Active
C02853,Michael Iyer,,23,Female,Dehradun,North,2023-06-18,Active
C02854,Aanya Anderson,aanya.anderson2854@example.com,37,Male,Kolkata,East,2025-03-09,Active
C02855,Aarav Reddy,aarav.reddy2855@example.com,47,Female,Dehradun,North,2023-06-18,Active
C02856,James Gupta,james.gupta2856@example.com,29,Female,Delhi,North,2025-04-04,Active
C02857,Sophia Miller,sophia.miller2857@example.com,27,Other,Kolkata,East,2024-09-11,Active
C02858,Aditya Joshi,aditya.joshi2858@example.com,32,Other,Chennai,South,2023-04-28,Active
C02859,Vikram Verma,vikram.verma2859@example.com,46,Male,Patna,East,2024-07-12,Active
C02860,Pooja Smith,pooja.smith2860@example.com,36,Male,Ahmedabad,West,2023-06-04,Active
C02861,Divya Patel,divya.patel2861@example.com,29,Female,Guwahati,East,2024-01-24,Active
C02862,Aarav Patel,aarav.patel2862@example.com,39,Other,Surat,West,2023-02-20,Active
C02863,Karan Das,karan.das2863@example.com,23,Other,Bhubaneswar,East,2023-12-16,Active
C02864,Rahul Joshi,rahul.joshi2864@example.com,41,Female,Guwahati,East,2024-07-30,Active
C02865,Sophia Mehta,sophia.mehta2865@example.com,39,Other,Pune,West,2023-08-22,Inactive
C02866,Ishita Nair,ishita.nair2866@example.com,31,Male,Kolkata,East,2025-03-14,Active
C02867,James Patel,james.patel2867@example.com,26,Other,Amritsar,North,2024-04-26,Active
C02868,Meera Davis,meera.davis2868@example.com,26,Other,Bengaluru,South,2024-07-25,Active
C02869,Michael Davis,michael.davis2869@example.com,40,Other,Kolkata,East,2025-05-26,Inactive
C02870,Arjun Patel,arjun.patel2870@example.com,47,Female,Bengaluru,South,2025-04-01,Active
C02871,Vikram Smith,vikram.smith2871@example.com,28,Male,Chandigarh,North,2025-06-30,Active
C02872,Daniel Taylor,daniel.taylor2872@example.com,39,Female,Lucknow,North,2025-05-27,Active
C02873,David Rao,david.rao2873@example.com,18,Other,Surat,West,2023-07-18,Active
C02874,Daniel Reddy,daniel.reddy2874@example.com,29,Female,Coimbatore,South,2023-10-02,Active
C02875,James Joshi,james.joshi2875@example.com,34,Other,Jaipur,North,2024-11-25,Active
C02876,Varun Miller,varun.miller2876@example.com,25,Other,Coimbatore,South,2024-11-13,Active
C02877,Priya Sharma,priya.sharma2877@example.com,25,Male,Ahmedabad,West,2025-06-19,Active
C02878,Emma Taylor,emma.taylor2878@example.com,28,Other,Chennai,South,2024-03-17,Active
C02879,Arjun Malhotra,arjun.malhotra2879@example.com,37,Male,Patna,East,2025-04-21,Active
C02880,Ishita Anderson,ishita.anderson2880@example.com,33,Female,Pune,West,2025-02-14,Active
C02881,Karan Rao,karan.rao2881@example.com,18,Other,Jaipur,North,2024-11-22,Active
C02882,Rohan Taylor,rohan.taylor2882@example.com,18,Male,Chennai,South,2024-11-15,Active
C02883,Meera Mehta,meera.mehta2883@example.com,28,Female,Ahmedabad,West,2024-06-09,Active
C02884,Emma Kumar,emma.kumar2884@example.com,39,Female,Jaipur,North,2023-09-05,Active
C02885,Aditya Taylor,aditya.taylor2885@example.com,18,Male,Chennai,South,2024-04-21,Active
C02886,James Iyer,james.iyer2886@example.com,30,Male,Dehradun,North,2023-10-24,Active
C02887,Sneha Gupta,sneha.gupta2887@example.com,29,Male,Lucknow,North,2023-08-02,Inactive
C02888,William Smith,william.smith2888@example.com,48,Female,Bhubaneswar,East,2024-08-24,Active
C02889,Emma Rao,emma.rao2889@example.com,31,Male,Chandigarh,North,2025-04-05,Active
C02890,Divya Malhotra,divya.malhotra2890@example.com,38,Other,Dehradun,North,2024-04-22,Active
C02891,Aanya Davis,aanya.davis2891@example.com,36,Male,Amritsar,North,2023-09-04,Active
C02892,Rohan Singh,rohan.singh2892@example.com,18,Female,Kochi,South,2024-10-21,Active
C02893,David Kapoor,david.kapoor2893@example.com,42,Male,Hyderabad,South,2025-01-10,Active
C02894,Michael Smith,michael.smith2894@example.com,37,Female,Amritsar,North,2025-02-15,Inactive
C02895,Nikhil Smith,nikhil.smith2895@example.com,40,Female,Mumbai,West,2025-03-08,Active
C02896,Mia Verma,mia.verma2896@example.com,70,Male,Delhi,North,2025-04-20,Active
C02897,Ananya Iyer,ananya.iyer2897@example.com,18,Female,Amritsar,North,2023-04-25,Active
C02898,James Joshi,james.joshi2898@example.com,52,Female,Jaipur,North,2024-04-28,Active
C02899,Emma Nair,emma.nair2899@example.com,32,Other,Ahmedabad,West,2023-05-03,Inactive
C02900,David Davis,david.davis2900@example.com,37,Other,Mumbai,West,2023-08-07,Active
C02901,David Patel,david.patel2901@example.com,34,Male,Bhubaneswar,East,2023-11-15,Active
C02902,Daniel Anderson,daniel.anderson2902@example.com,30,Other,Amritsar,North,2023-10-21,Active
C02903,Sneha Joshi,sneha.joshi2903@example.com,29,Other,Bhubaneswar,East,2024-05-03,Active
C02904,Rahul Anderson,rahul.anderson2904@example.com,38,Female,Amritsar,North,2023-07-19,Active
C02905,Divya Davis,divya.davis2905@example.com,19,Other,Bengaluru,South,2023-06-01,Active
C02906,Aditya Iyer,aditya.iyer2906@example.com,42,Female,Ahmedabad,West,2023-03-20,Active
C02907,Emma Taylor,emma.taylor2907@example.com,30,Female,Dehradun,North,2023-05-14,Active
C02908,Aanya Das,aanya.das2908@example.com,23,Other,Nagpur,West,2023-01-22,Active
C02909,Pooja Joshi,pooja.joshi2909@example.com,30,Female,Bhubaneswar,East,2024-03-21,Inactive
C02910,James Kumar,james.kumar2910@example.com,47,Male,Amritsar,North,2025-02-03,Active
C02911,Rohan Patel,rohan.patel2911@example.com,29,Other,Delhi,North,2025-06-25,Active
C02912,David Davis,david.davis2912@example.com,38,Male,Surat,West,2025-04-17,Inactive
C02913,Rahul Wilson,rahul.wilson2913@example.com,27,Female,Chandigarh,North,2023-03-16,Active
C02914,Priya Anderson,priya.anderson2914@example.com,42,Male,Hyderabad,South,2023-09-18,Inactive
C02915,William Kapoor,william.kapoor2915@example.com,41,Other,Kolkata,East,2024-07-17,Active
C02916,Daniel Brown,daniel.brown2916@example.com,53,Female,Chandigarh,North,2025-02-20,Active
C02917,Rohan Smith,rohan.smith2917@example.com,33,Female,Coimbatore,South,2023-10-25,Active
C02918,Sneha Nair,sneha.nair2918@example.com,41,Other,Delhi,North,2023-01-06,Active
C02919,Aditya Nair,aditya.nair2919@example.com,35,Male,Pune,West,2024-05-03,Inactive
C02920,Aanya Gupta,aanya.gupta2920@example.com,47,Male,Kochi,South,2024-10-22,Active
C02921,Ananya Wilson,ananya.wilson2921@example.com,27,Female,Delhi,North,2024-04-07,Active
C02922,William Patel,william.patel2922@example.com,42,Other,Amritsar,North,2024-01-13,Inactive
C02923,Neha Williams,neha.williams2923@example.com,33,Male,Lucknow,North,2023-01-17,Active
C02924,Varun Verma,varun.verma2924@example.com,34,Female,Ahmedabad,West,2025-02-13,Active
C02925,Varun Joshi,varun.joshi2925@example.com,35,Other,Goa,West,2023-10-31,Inactive
C02926,David Smith,david.smith2926@example.com,37,Female,Mumbai,West,2023-05-29,Active
C02927,Karan Miller,karan.miller2927@example.com,33,Other,Guwahati,East,2023-09-12,Active
C02928,Aarav Anderson,aarav.anderson2928@example.com,37,Other,Lucknow,North,2025-06-27,Active
C02929,David Gupta,david.gupta2929@example.com,50,Male,Bengaluru,South,2023-07-09,Inactive
C02930,Michael Singh,michael.singh2930@example.com,44,Female,Chennai,South,2024-02-18,Active
C02931,Divya Moore,divya.moore2931@example.com,43,Male,Chandigarh,North,2024-07-25,Active
C02932,Ananya Malhotra,ananya.malhotra2932@example.com,30,Female,Nagpur,West,2023-02-01,Active
C02933,Rohan Nair,rohan.nair2933@example.com,26,Other,Mysuru,South,2025-01-11,Active
C02934,Olivia Wilson,olivia.wilson2934@example.com,44,Other,Chennai,South,2024-01-06,Active
C02935,David Johnson,david.johnson2935@example.com,43,Male,Mysuru,South,2025-05-06,Active
C02936,David Das,david.das2936@example.com,49,Female,Kolkata,East,2025-06-27,Active
C02937,Varun Davis,varun.davis2937@example.com,28,Female,Mysuru,South,2023-12-16,Active
C02938,Varun Anderson,varun.anderson2938@example.com,32,Female,Kochi,South,2024-07-11,Active
C02939,Vikram Reddy,vikram.reddy2939@example.com,18,Other,Nagpur,West,2024-01-27,Active
C02940,Daniel Reddy,daniel.reddy2940@example.com,31,Male,Ranchi,East,2023-01-16,Active
C02941,Olivia Wilson,olivia.wilson2941@example.com,44,Male,Mumbai,West,2025-02-23,Active
C02942,Aditya Anderson,aditya.anderson2942@example.com,30,Male,Guwahati,East,2023-09-15,Inactive
C02943,Kavya Singh,kavya.singh2943@example.com,41,Male,Ranchi,East,2024-08-24,Active
C02944,Vikram Miller,vikram.miller2944@example.com,33,Male,Guwahati,East,2025-05-25,Active
C02945,Michael Rao,michael.rao2945@example.com,38,Male,Kochi,South,2023-01-07,Active
C02946,Karan Joshi,karan.joshi2946@example.com,23,Male,Goa,West,2023-02-26,Active
C02947,Rohan Reddy,rohan.reddy2947@example.com,35,Male,Goa,West,2024-11-15,Active
C02948,Aanya Reddy,aanya.reddy2948@example.com,18,Female,Kolkata,East,2024-06-24,Active
C02949,Neha Miller,neha.miller2949@example.com,33,Other,Kolkata,East,2023-03-16,Inactive
C02950,Nikhil Kapoor,nikhil.kapoor2950@example.com,18,Male,Kolkata,East,2025-06-02,Active
C02951,Nikhil Miller,nikhil.miller2951@example.com,47,Female,Coimbatore,South,2024-10-04,Active
C02952,Daniel Mehta,daniel.mehta2952@example.com,42,Female,Bhubaneswar,East,2023-01-18,Inactive
C02953,Divya Nair,divya.nair2953@example.com,39,Female,Surat,West,2023-06-16,Active
C02954,Emma Joshi,emma.joshi2954@example.com,50,Female,Pune,West,2024-11-18,Active
C02955,Aarav Johnson,aarav.johnson2955@example.com,25,Male,Chennai,South,2025-02-02,Inactive
C02956,Mia Patel,mia.patel2956@example.com,52,Male,Surat,West,2024-08-01,Active
C02957,Aarav Joshi,aarav.joshi2957@example.com,44,Other,Lucknow,North,2024-11-21,Active
C02958,Rohan Gupta,rohan.gupta2958@example.com,32,Female,Jaipur,North,2023-08-26,Active
C02959,Ishita Moore,ishita.moore2959@example.com,46,Male,Chennai,South,2023-07-27,Active
C02960,Nikhil Johnson,nikhil.johnson2960@example.com,23,Male,Mumbai,West,2024-04-20,Active
C02961,Ananya Reddy,ananya.reddy2961@example.com,26,Other,Mysuru,South,2023-06-17,Active
C02962,Michael Kapoor,michael.kapoor2962@example.com,28,Male,Jaipur,North,2025-04-24,Active
C02963,Nikhil Brown,nikhil.brown2963@example.com,29,Other,Bhubaneswar,East,2024-08-10,Inactive
C02964,Rohan Gupta,rohan.gupta2964@example.com,24,Female,Mumbai,West,2023-03-18,Inactive
C02965,Vikram Williams,vikram.williams2965@example.com,47,Male,Patna,East,2025-01-13,Inactive
C02966,Rahul Joshi,rahul.joshi2966@example.com,32,Female,Kolkata,East,2024-06-06,Active
C02967,Vikram Nair,vikram.nair2967@example.com,38,Male,Chandigarh,North,2023-08-31,Active
C02968,Karan Brown,karan.brown2968@example.com,29,Other,Kolkata,East,2023-04-21,Inactive
C02969,Sophia Brown,sophia.brown2969@example.com,18,Other,Nagpur,West,2024-06-09,Active
C02970,Aarav Verma,aarav.verma2970@example.com,37,Other,Hyderabad,South,2023-04-05,Inactive
C02971,Daniel Gupta,daniel.gupta2971@example.com,18,Female,Hyderabad,South,2024-06-15,Inactive
C02972,Varun Johnson,varun.johnson2972@example.com,34,Female,Pune,West,2025-01-22,Inactive
C02973,Michael Kapoor,michael.kapoor2973@example.com,21,Male,Pune,West,2025-06-14,Inactive
C02974,Isabella Smith,isabella.smith2974@example.com,54,Male,Hyderabad,South,2024-07-10,Active
C02975,Aarav Iyer,aarav.iyer2975@example.com,44,Male,Ranchi,East,2024-08-09,Active
C02976,Sophia Moore,sophia.moore2976@example.com,36,Other,Chandigarh,North,2024-07-11,Active
C02977,Olivia Kumar,olivia.kumar2977@example.com,47,Female,Surat,West,2024-05-04,Active
C02978,Sneha Joshi,sneha.joshi2978@example.com,26,Other,Surat,West,2025-03-09,Active
C02979,Michael Sharma,michael.sharma2979@example.com,40,Female,Lucknow,North,2024-07-07,Active
C02980,Sneha Miller,sneha.miller2980@example.com,36,Female,Bengaluru,South,2023-12-02,Active
C02981,Olivia Wilson,olivia.wilson2981@example.com,37,Female,Chandigarh,North,2023-01-16,Active
C02982,Olivia Mehta,olivia.mehta2982@example.com,47,Female,Mumbai,West,2024-08-06,Active
C02983,Daniel Anderson,daniel.anderson2983@example.com,42,Male,Amritsar,North,2023-03-16,Inactive
C02984,Varun Joshi,varun.joshi2984@example.com,37,Female,Chennai,South,2025-02-12,Active
C02985,Varun Johnson,varun.johnson2985@example.com,18,Other,Amritsar,North,2023-10-02,Active
C02986,Isabella Sharma,isabella.sharma2986@example.com,25,Male,Guwahati,East,2023-05-10,Inactive
C02987,Sophia Patel,sophia.patel2987@example.com,33,Other,Lucknow,North,2024-12-09,Active
C02988,Divya Moore,divya.moore2988@example.com,35,Other,Nagpur,West,2023-09-14,Active
C02989,Neha Davis,neha.davis2989@example.com,23,Female,Bhubaneswar,East,2025-05-16,Active
C02990,Arjun Nair,arjun.nair2990@example.com,59,Female,Dehradun,North,2024-04-07,Active
C02991,James Miller,james.miller2991@example.com,50,Female,Mumbai,West,2023-04-04,Active
C02992,David Johnson,david.johnson2992@example.com,41,Female,Bengaluru,South,2024-04-03,Active
C02993,Michael Wilson,michael.wilson2993@example.com,35,Male,Coimbatore,South,2023-01-27,Inactive
C02994,Karan Anderson,karan.anderson2994@example.com,32,Male,Ahmedabad,West,2024-09-20,Active
C02995,Divya Johnson,divya.johnson2995@example.com,25,Female,Surat,West,2024-01-29,Active
C02996,Pooja Moore,pooja.moore2996@example.com,35,Male,Goa,West,2025-05-07,Inactive
C02997,Varun Gupta,varun.gupta2997@example.com,37,Female,Guwahati,East,2025-02-06,Active
C02998,Aarav Joshi,aarav.joshi2998@example.com,22,Other,Guwahati,East,2023-07-10,Active
C02999,Aanya Moore,aanya.moore2999@example.com,38,Female,Chennai,South,2025-06-23,Active
C03000,Karan Taylor,karan.taylor3000@example.com,33,Other,Ranchi,East,2023-12-06,Active
C03001,Olivia Kumar,olivia.kumar3001@example.com,18,Male,Delhi,North,2023-10-14,Inactive
C03002,Aditya Das,aditya.das3002@example.com,26,Female,Mysuru,South,2023-09-15,Active
C03003,Varun Joshi,varun.joshi3003@example.com,30,Male,Surat,West,2023-05-24,Active
C03004,Daniel Rao,daniel.rao3004@example.com,53,Other,Bhubaneswar,East,2023-05-17,Active
C03005,William Rao,william.rao3005@example.com,40,Male,Ranchi,East,2024-07-13,Inactive
C03006,Karan Verma,karan.verma3006@example.com,21,Female,Lucknow,North,2023-03-23,Active
C03007,Kavya Anderson,kavya.anderson3007@example.com,39,Female,Bhubaneswar,East,2025-01-09,Inactive
C03008,Mia Iyer,mia.iyer3008@example.com,19,Female,Pune,West,2023-06-21,Inactive
C03009,Varun Rao,varun.rao3009@example.com,45,Other,Kochi,South,2023-08-16,Active
C03010,Sneha Smith,sneha.smith3010@example.com,30,Male,Kolkata,East,2024-07-27,Active
C03011,Aarav Miller,aarav.miller3011@example.com,34,Female,Patna,East,2024-06-15,Active
C03012,Aditya Sharma,aditya.sharma3012@example.com,48,Other,Goa,West,2023-11-25,Active
C03013,Sneha Sharma,sneha.sharma3013@example.com,22,Male,Patna,East,2023-11-10,Active
C03014,David Smith,david.smith3014@example.com,21,Other,Dehradun,North,2023-03-18,Inactive
C03015,Divya Brown,divya.brown3015@example.com,29,Male,Chandigarh,North,2023-02-18,Active
C03016,Sneha Mehta,sneha.mehta3016@example.com,45,Male,Guwahati,East,2023-03-30,Inactive
C03017,Neha Reddy,neha.reddy3017@example.com,19,Female,Kochi,South,2023-10-28,Active
C03018,Rohan Kumar,rohan.kumar3018@example.com,18,Male,Patna,East,2025-01-16,Active
C03019,Pooja Taylor,pooja.taylor3019@example.com,30,Other,Kochi,South,2023-04-10,Active
C03020,Isabella Iyer,isabella.iyer3020@example.com,40,Male,Surat,West,2023-01-17,Inactive
C03021,James Miller,james.miller3021@example.com,47,Male,Bhubaneswar,East,2023-10-18,Inactive
C03022,Michael Das,michael.das3022@example.com,30,Male,Delhi,North,2024-04-12,Active
C03023,Varun Smith,varun.smith3023@example.com,30,Female,Dehradun,North,2024-07-28,Active
C03024,Aarav Mehta,aarav.mehta3024@example.com,46,Female,Kochi,South,2023-05-13,Active
C03025,Priya Singh,priya.singh3025@example.com,18,Female,Ranchi,East,2024-07-24,Active
C03026,Aanya Iyer,aanya.iyer3026@example.com,31,Other,Surat,West,2024-06-02,Active
C03027,Nikhil Mehta,nikhil.mehta3027@example.com,36,Female,Goa,West,2025-06-02,Active
C03028,Aditya Smith,aditya.smith3028@example.com,39,Female,Nagpur,West,2025-01-28,Inactive
C03029,Daniel Iyer,daniel.iyer3029@example.com,29,Other,Guwahati,East,2024-08-25,Active
C03030,Sophia Moore,sophia.moore3030@example.com,35,Other,Patna,East,2023-10-22,Active
C03031,Divya Kumar,divya.kumar3031@example.com,18,Male,Chennai,South,2025-04-11,Active
C03032,Rahul Sharma,rahul.sharma3032@example.com,28,Male,Kolkata,East,2023-02-13,Active
C03033,Daniel Rao,daniel.rao3033@example.com,39,Other,Patna,East,2024-10-24,Inactive
C03034,Rahul Miller,rahul.miller3034@example.com,25,Male,Jaipur,North,2025-03-29,Active
C03035,Rohan Sharma,rohan.sharma3035@example.com,35,Female,Kolkata,East,2023-12-15,Active
C03036,Daniel Kapoor,daniel.kapoor3036@example.com,39,Other,Mysuru,South,2025-01-25,Active
C03037,Neha Nair,neha.nair3037@example.com,31,Other,Lucknow,North,2024-06-21,Active
C03038,Divya Moore,divya.moore3038@example.com,36,Female,Goa,West,2023-05-28,Active
C03039,Nikhil Miller,nikhil.miller3039@example.com,25,Female,Kochi,South,2025-01-06,Inactive
C03040,Emma Sharma,emma.sharma3040@example.com,32,Male,Pune,West,2024-01-11,Inactive
C03041,Neha Gupta,neha.gupta3041@example.com,41,Male,Chennai,South,2024-06-22,Active
C03042,Kavya Kumar,kavya.kumar3042@example.com,36,Other,Mysuru,South,2023-05-17,Active
C03043,Rohan Davis,rohan.davis3043@example.com,29,Male,Jaipur,North,2025-06-18,Inactive
C03044,Neha Davis,neha.davis3044@example.com,37,Male,Dehradun,North,2023-03-02,Active
C03045,Sanjay Rao,sanjay.rao3045@example.com,42,Female,Delhi,North,2023-09-26,Active
C03046,Kavya Malhotra,kavya.malhotra3046@example.com,18,Female,Mysuru,South,2023-01-25,Active
C03047,Sanjay Moore,sanjay.moore3047@example.com,46,Male,Surat,West,2024-11-12,Active
C03048,Pooja Malhotra,pooja.malhotra3048@example.com,31,Female,Chennai,South,2023-09-24,Active
C03049,Daniel Mehta,daniel.mehta3049@example.com,39,Female,Guwahati,East,2023-05-19,Active
C03050,Rahul Davis,rahul.davis3050@example.com,46,Male,Lucknow,North,2024-06-07,Active
C03051,David Wilson,david.wilson3051@example.com,21,Other,Surat,West,2023-09-04,Active
C03052,Kavya Verma,kavya.verma3052@example.com,27,Other,Mumbai,West,2024-03-26,Inactive
C03053,Arjun Malhotra,arjun.malhotra3053@example.com,32,Other,Pune,West,2023-08-09,Active
C03054,Daniel Williams,daniel.williams3054@example.com,27,Male,Coimbatore,South,2025-05-07,Inactive
C03055,Priya Singh,priya.singh3055@example.com,52,Other,Bhubaneswar,East,2024-08-03,Inactive
C03056,Meera Verma,meera.verma3056@example.com,26,Male,Mysuru,South,2025-01-20,Active
C03057,Arjun Miller,arjun.miller3057@example.com,29,Female,Guwahati,East,2023-08-30,Active
C03058,David Verma,david.verma3058@example.com,37,Female,Bengaluru,South,2024-10-30,Active
C03059,Isabella Johnson,isabella.johnson3059@example.com,22,Male,Coimbatore,South,2023-11-24,Active
C03060,Meera Kumar,meera.kumar3060@example.com,31,Female,Patna,East,2025-01-12,Active
C03061,Priya Joshi,priya.joshi3061@example.com,38,Female,Pune,West,2023-09-11,Inactive
C03062,Isabella Mehta,isabella.mehta3062@example.com,31,Other,Patna,East,2025-04-10,Inactive
C03063,James Taylor,james.taylor3063@example.com,34,Male,Goa,West,2023-07-04,Inactive
C03064,Priya Williams,priya.williams3064@example.com,29,Male,Mumbai,West,2024-03-26,Active
C03065,Sneha Wilson,sneha.wilson3065@example.com,19,Other,Lucknow,North,2024-04-24,Active
C03066,Ananya Gupta,ananya.gupta3066@example.com,38,Female,Nagpur,West,2024-12-25,Inactive
C03067,Varun Johnson,varun.johnson3067@example.com,52,Other,Bhubaneswar,East,2023-09-06,Active
C03068,Michael Kumar,michael.kumar3068@example.com,35,Male,Dehradun,North,2025-03-23,Active
C03069,Rohan Verma,rohan.verma3069@example.com,37,Male,Amritsar,North,2025-06-23,Active
C03070,Sophia Wilson,sophia.wilson3070@example.com,41,Female,Goa,West,2024-06-15,Active
C03071,Olivia Gupta,olivia.gupta3071@example.com,22,Other,Ahmedabad,West,2025-01-27,Active
C03072,Ishita Verma,ishita.verma3072@example.com,52,Male,Guwahati,East,2024-10-14,Active
C03073,Rohan Sharma,rohan.sharma3073@example.com,37,Female,Delhi,North,2023-11-06,Active
C03074,Arjun Williams,arjun.williams3074@example.com,51,Other,Nagpur,West,2023-11-25,Active
C03075,William Verma,william.verma3075@example.com,27,Male,Lucknow,North,2025-06-11,Active
C03076,Michael Singh,michael.singh3076@example.com,53,Other,Delhi,North,2024-08-14,Active
C03077,Arjun Nair,arjun.nair3077@example.com,42,Male,Kolkata,East,2024-05-04,Active
C03078,Divya Gupta,divya.gupta3078@example.com,40,Male,Hyderabad,South,2024-08-13,Active
C03079,Rohan Wilson,rohan.wilson3079@example.com,37,Other,Mumbai,West,2024-05-26,Active
C03080,Karan Patel,karan.patel3080@example.com,32,Other,Jaipur,North,2023-06-04,Active
C03081,Priya Kumar,priya.kumar3081@example.com,47,Other,Jaipur,North,2024-12-18,Inactive
C03082,Michael Wilson,michael.wilson3082@example.com,36,Male,Surat,West,2023-02-24,Active
C03083,Ananya Joshi,ananya.joshi3083@example.com,18,Female,Delhi,North,2023-04-18,Active
C03084,Ananya Davis,ananya.davis3084@example.com,23,Other,Hyderabad,South,2023-02-02,Active
C03085,Michael Malhotra,michael.malhotra3085@example.com,33,Male,Guwahati,East,2023-07-22,Inactive
C03086,Neha Williams,neha.williams3086@example.com,38,Male,Hyderabad,South,2024-03-17,Active
C03087,Aarav Wilson,aarav.wilson3087@example.com,34,Male,Coimbatore,South,2024-04-11,Active
C03088,Ananya Singh,ananya.singh3088@example.com,47,Female,Guwahati,East,2023-06-30,Active
C03089,Sophia Johnson,sophia.johnson3089@example.com,18,Other,Kolkata,East,2024-02-09,Active
C03090,Isabella Sharma,isabella.sharma3090@example.com,36,Other,Chennai,South,2024-11-11,Active
C03091,Divya Nair,divya.nair3091@example.com,18,Female,Bengaluru,South,2023-05-12,Active
C03092,Isabella Das,isabella.das3092@example.com,42,Female,Mysuru,South,2025-01-08,Active
C03093,Emma Miller,emma.miller3093@example.com,34,Male,Dehradun,North,2025-04-04,Inactive
C03094,Michael Moore,michael.moore3094@example.com,39,Other,Bhubaneswar,East,2024-05-23,Inactive
C03095,Nikhil Kumar,nikhil.kumar3095@example.com,26,Male,Jaipur,North,2023-10-10,Active
C03096,Aditya Johnson,aditya.johnson3096@example.com,47,Female,Guwahati,East,2024-02-01,Active
C03097,Isabella Sharma,isabella.sharma3097@example.com,45,Female,Bengaluru,South,2023-03-18,Inactive
C03098,Rahul Brown,rahul.brown3098@example.com,40,Male,Hyderabad,South,2024-03-08,Active
C03099,Sneha Johnson,sneha.johnson3099@example.com,33,Female,Kochi,South,2023-10-12,Active
C03100,Emma Taylor,emma.taylor3100@example.com,40,Male,Chandigarh,North,2024-03-17,Active
C03101,Sneha Singh,sneha.singh3101@example.com,27,Male,Chandigarh,North,2025-05-30,Active
C03102,Aditya Mehta,aditya.mehta3102@example.com,43,Male,Lucknow,North,2025-04-27,Inactive
C03103,James Moore,james.moore3103@example.com,51,Female,Jaipur,North,2023-02-03,Active
C03104,Divya Das,divya.das3104@example.com,45,Female,Delhi,North,2024-05-23,Active
C03105,Meera Nair,meera.nair3105@example.com,27,Other,Ahmedabad,West,2023-03-08,Active
C03106,Neha Kapoor,neha.kapoor3106@example.com,38,Male,Patna,East,2023-09-10,Active
C03107,William Mehta,william.mehta3107@example.com,22,Female,Jaipur,North,2024-03-20,Active
C03108,Aanya Anderson,aanya.anderson3108@example.com,40,Male,Amritsar,North,2025-03-27,Active
C03109,Rohan Sharma,rohan.sharma3109@example.com,39,Other,Delhi,North,2025-03-22,Active
C03110,Nikhil Joshi,nikhil.joshi3110@example.com,18,Female,Hyderabad,South,2025-02-20,Inactive
C03111,Meera Smith,meera.smith3111@example.com,23,Male,Pune,West,2024-07-11,Active
C03112,Olivia Das,olivia.das3112@example.com,32,Female,Dehradun,North,2023-04-20,Active
C03113,Ananya Iyer,ananya.iyer3113@example.com,31,Other,Dehradun,North,2023-03-04,Active
C03114,Aanya Kapoor,aanya.kapoor3114@example.com,22,Female,Coimbatore,South,2023-04-15,Active
C03115,Sneha Iyer,sneha.iyer3115@example.com,38,Male,Nagpur,West,2023-02-18,Active
C03116,Sanjay Mehta,sanjay.mehta3116@example.com,37,Female,Patna,East,2023-11-04,Active
C03117,Ananya Moore,ananya.moore3117@example.com,33,Male,Pune,West,2023-01-26,Active
C03118,Ishita Johnson,ishita.johnson3118@example.com,27,Other,Pune,West,2024-11-23,Active
C03119,Meera Davis,meera.davis3119@example.com,45,Female,Nagpur,West,2024-05-23,Active
C03120,Aarav Iyer,aarav.iyer3120@example.com,51,Male,Amritsar,North,2024-11-18,Active
C03121,Karan Verma,karan.verma3121@example.com,30,Female,Coimbatore,South,2023-09-18,Inactive
C03122,William Singh,william.singh3122@example.com,28,Male,Surat,West,2023-12-28,Active
C03123,James Brown,james.brown3123@example.com,39,Male,Bengaluru,South,2023-02-02,Active
C03124,Meera Kapoor,meera.kapoor3124@example.com,31,Male,Ranchi,East,2023-11-15,Inactive
C03125,Sophia Kumar,sophia.kumar3125@example.com,33,Male,Delhi,North,2024-04-02,Active
C03126,Mia Mehta,mia.mehta3126@example.com,42,Male,Mumbai,West,2023-01-21,Active
C03127,Sneha Johnson,sneha.johnson3127@example.com,18,Other,Guwahati,East,2023-03-11,Inactive
C03128,Aarav Iyer,aarav.iyer3128@example.com,48,Male,Guwahati,East,2024-11-14,Inactive
C03129,Sophia Verma,sophia.verma3129@example.com,35,Male,Lucknow,North,2023-09-19,Active
C03130,Neha Miller,neha.miller3130@example.com,30,Other,Amritsar,North,2025-04-21,Active
C03131,Sanjay Brown,sanjay.brown3131@example.com,34,Other,Goa,West,2023-08-18,Active
C03132,Varun Malhotra,varun.malhotra3132@example.com,34,Other,Kochi,South,2023-05-04,Active
C03133,Kavya Taylor,kavya.taylor3133@example.com,18,Female,Goa,West,2023-04-15,Active
C03134,Rahul Gupta,rahul.gupta3134@example.com,49,Female,Mumbai,West,2023-10-21,Inactive
C03135,Varun Mehta,varun.mehta3135@example.com,35,Male,Surat,West,2023-08-27,Inactive
C03136,Priya Gupta,priya.gupta3136@example.com,39,Other,Ranchi,East,2024-12-06,Inactive
C03137,Varun Kumar,varun.kumar3137@example.com,44,Other,Guwahati,East,2024-04-01,Active
C03138,William Mehta,william.mehta3138@example.com,24,Male,Dehradun,North,2025-06-23,Active
C03139,Rohan Malhotra,rohan.malhotra3139@example.com,39,Male,Hyderabad,South,2024-06-11,Active
C03140,Arjun Kapoor,arjun.kapoor3140@example.com,32,Male,Hyderabad,South,2025-05-11,Active
C03141,Sophia Wilson,sophia.wilson3141@example.com,43,Other,Dehradun,North,2023-09-23,Active
C03142,Ishita Wilson,ishita.wilson3142@example.com,18,Other,Jaipur,North,2025-02-07,Active
C03143,David Kumar,david.kumar3143@example.com,34,Male,Pune,West,2024-03-31,Inactive
C03144,Aarav Reddy,aarav.reddy3144@example.com,28,Other,Guwahati,East,2024-02-13,Inactive
C03145,Rahul Verma,rahul.verma3145@example.com,39,Male,Guwahati,East,2024-04-07,Inactive
C03146,Sanjay Taylor,sanjay.taylor3146@example.com,39,Male,Guwahati,East,2024-08-07,Inactive
C03147,Mia Sharma,mia.sharma3147@example.com,27,Other,Ranchi,East,2023-06-26,Active
C03148,Kavya Patel,kavya.patel3148@example.com,27,Female,Lucknow,North,2024-04-30,Active
C03149,William Gupta,william.gupta3149@example.com,33,Female,Jaipur,North,2024-07-30,Active
C03150,Michael Miller,michael.miller3150@example.com,26,Other,Mumbai,West,2023-03-28,Inactive
C03151,William Williams,william.williams3151@example.com,43,Female,Nagpur,West,2025-03-21,Active
C03152,David Smith,david.smith3152@example.com,31,Male,Goa,West,2024-04-19,Active
C03153,Olivia Brown,olivia.brown3153@example.com,18,Other,Goa,West,2024-10-12,Active
C03154,Ishita Rao,ishita.rao3154@example.com,31,Other,Amritsar,North,2023-05-01,Active
C03155,Meera Kumar,meera.kumar3155@example.com,24,Female,Amritsar,North,2024-03-13,Active
C03156,Pooja Nair,pooja.nair3156@example.com,18,Other,Bengaluru,South,2025-04-07,Active
C03157,Emma Joshi,emma.joshi3157@example.com,22,Female,Chennai,South,2023-04-20,Active
C03158,Sophia Wilson,sophia.wilson3158@example.com,36,Other,Goa,West,2024-10-18,Active
C03159,David Davis,david.davis3159@example.com,48,Female,Kolkata,East,2024-12-19,Active
C03160,Kavya Rao,kavya.rao3160@example.com,38,Other,Surat,West,2023-09-29,Inactive
C03161,Vikram Malhotra,,28,Other,Mumbai,West,2023-11-16,Active
C03162,Rahul Johnson,rahul.johnson3162@example.com,39,Female,Mumbai,West,2023-04-15,Active
C03163,Varun Anderson,varun.anderson3163@example.com,30,Male,Chennai,South,2025-04-25,Active
C03164,Kavya Singh,kavya.singh3164@example.com,28,Male,Guwahati,East,2024-05-29,Inactive
C03165,Kavya Joshi,kavya.joshi3165@example.com,23,Other,Chennai,South,2024-12-14,Active
C03166,Rahul Mehta,rahul.mehta3166@example.com,18,Female,Chandigarh,North,2024-05-06,Active
C03167,Varun Reddy,varun.reddy3167@example.com,31,Female,Goa,West,2023-01-23,Active
C03168,Neha Reddy,neha.reddy3168@example.com,36,Male,Delhi,North,2025-04-29,Active
C03169,Olivia Anderson,olivia.anderson3169@example.com,34,Other,Chennai,South,2024-10-17,Active
C03170,Meera Kumar,meera.kumar3170@example.com,30,Male,Mysuru,South,2023-08-07,Active
C03171,Aditya Verma,aditya.verma3171@example.com,25,Male,Mumbai,West,2023-02-14,Inactive
C03172,Sanjay Kumar,sanjay.kumar3172@example.com,41,Female,Guwahati,East,2023-12-07,Active
C03173,Ishita Mehta,ishita.mehta3173@example.com,21,Female,Jaipur,North,2024-05-22,Active
C03174,Ananya Kapoor,ananya.kapoor3174@example.com,42,Female,Amritsar,North,2024-10-27,Active
C03175,Neha Mehta,neha.mehta3175@example.com,24,Male,Mysuru,South,2025-03-17,Active
C03176,Pooja Anderson,pooja.anderson3176@example.com,27,Other,Mumbai,West,2024-05-10,Inactive
C03177,Rahul Moore,rahul.moore3177@example.com,20,Female,Amritsar,North,2024-08-31,Active
C03178,Kavya Taylor,kavya.taylor3178@example.com,29,Male,Amritsar,North,2025-06-06,Active
C03179,Vikram Reddy,vikram.reddy3179@example.com,44,Female,Hyderabad,South,2023-10-05,Active
C03180,William Iyer,william.iyer3180@example.com,40,Other,Jaipur,North,2023-07-09,Inactive
C03181,Kavya Kapoor,kavya.kapoor3181@example.com,44,Other,Ahmedabad,West,2024-11-10,Active
C03182,Varun Joshi,varun.joshi3182@example.com,40,Other,Mysuru,South,2024-09-25,Active
C03183,Karan Williams,karan.williams3183@example.com,23,Female,Guwahati,East,2024-12-06,Inactive
C03184,Aditya Williams,aditya.williams3184@example.com,31,Female,Lucknow,North,2023-11-18,Active
C03185,Ananya Davis,ananya.davis3185@example.com,27,Male,Delhi,North,2025-01-09,Active
C03186,Isabella Wilson,isabella.wilson3186@example.com,48,Female,Hyderabad,South,2024-01-05,Active
C03187,Aanya Das,aanya.das3187@example.com,23,Male,Nagpur,West,2023-03-14,Active
C03188,Emma Patel,emma.patel3188@example.com,43,Male,Nagpur,West,2025-05-02,Active
C03189,Meera Iyer,meera.iyer3189@example.com,43,Male,Pune,West,2024-02-25,Inactive
C03190,Sanjay Williams,sanjay.williams3190@example.com,53,Female,Hyderabad,South,2023-12-02,Active
C03191,Pooja Sharma,pooja.sharma3191@example.com,30,Male,Chandigarh,North,2023-01-26,Active
C03192,Neha Smith,neha.smith3192@example.com,42,Other,Bhubaneswar,East,2023-09-14,Active
C03193,Karan Wilson,karan.wilson3193@example.com,57,Female,Ranchi,East,2025-03-15,Inactive
C03194,Pooja Kapoor,pooja.kapoor3194@example.com,28,Male,Surat,West,2023-12-01,Active
C03195,Aarav Nair,aarav.nair3195@example.com,19,Female,Bhubaneswar,East,2024-03-09,Inactive
C03196,Aditya Johnson,aditya.johnson3196@example.com,18,Male,Surat,West,2024-08-07,Active
C03197,Sneha Gupta,sneha.gupta3197@example.com,42,Other,Patna,East,2025-04-04,Active
C03198,Sneha Das,sneha.das3198@example.com,18,Female,Pune,West,2025-03-29,Active
C03199,Isabella Miller,isabella.miller3199@example.com,31,Male,Pune,West,2025-02-27,Active
C03200,Ananya Joshi,ananya.joshi3200@example.com,39,Other,Kolkata,East,2023-12-09,Active
C03201,Mia Patel,mia.patel3201@example.com,36,Male,Bhubaneswar,East,2024-12-12,Inactive
C03202,Isabella Verma,isabella.verma3202@example.com,39,Male,Pune,West,2023-06-29,Active
C03203,Meera Brown,meera.brown3203@example.com,37,Other,Kochi,South,2024-11-03,Active
C03204,Michael Iyer,michael.iyer3204@example.com,47,Other,Pune,West,2023-03-10,Active
C03205,Priya Mehta,priya.mehta3205@example.com,25,Other,Delhi,North,2023-04-13,Active
C03206,Sophia Smith,sophia.smith3206@example.com,28,Other,Guwahati,East,2024-02-02,Inactive
C03207,Aarav Kumar,aarav.kumar3207@example.com,27,Female,Amritsar,North,2024-08-25,Active
C03208,James Brown,james.brown3208@example.com,43,Other,Surat,West,2023-05-11,Active
C03209,Varun Davis,varun.davis3209@example.com,44,Female,Jaipur,North,2024-03-30,Inactive
C03210,Nikhil Singh,nikhil.singh3210@example.com,39,Other,Lucknow,North,2024-02-23,Active
C03211,Sophia Kapoor,sophia.kapoor3211@example.com,46,Male,Mysuru,South,2023-05-31,Active
C03212,Rohan Smith,rohan.smith3212@example.com,23,Female,Hyderabad,South,2023-08-23,Active
C03213,Sneha Kapoor,sneha.kapoor3213@example.com,51,Female,Ahmedabad,West,2024-12-14,Active
C03214,Aanya Malhotra,aanya.malhotra3214@example.com,50,Other,Goa,West,2023-12-25,Inactive
C03215,Vikram Smith,vikram.smith3215@example.com,42,Male,Chennai,South,2023-11-14,Active
C03216,Aditya Mehta,aditya.mehta3216@example.com,52,Female,Coimbatore,South,2025-03-27,Active
C03217,Aanya Wilson,aanya.wilson3217@example.com,18,Female,Kolkata,East,2023-09-18,Active
C03218,Daniel Malhotra,daniel.malhotra3218@example.com,29,Female,Patna,East,2025-01-27,Active
C03219,Ananya Singh,ananya.singh3219@example.com,27,Male,Hyderabad,South,2023-06-07,Inactive
C03220,Michael Johnson,michael.johnson3220@example.com,42,Other,Ahmedabad,West,2025-02-22,Active
C03221,Divya Taylor,divya.taylor3221@example.com,24,Male,Nagpur,West,2024-04-06,Active
C03222,Sneha Wilson,sneha.wilson3222@example.com,42,Female,Pune,West,2024-10-22,Active
C03223,Priya Sharma,priya.sharma3223@example.com,48,Male,Kochi,South,2025-06-07,Inactive
C03224,Priya Reddy,priya.reddy3224@example.com,41,Female,Nagpur,West,2023-12-29,Active
C03225,Divya Joshi,divya.joshi3225@example.com,37,Male,Delhi,North,2025-04-26,Active
C03226,Aanya Joshi,aanya.joshi3226@example.com,25,Other,Bhubaneswar,East,2025-03-22,Inactive
C03227,Sanjay Singh,sanjay.singh3227@example.com,26,Female,Guwahati,East,2024-10-01,Inactive
C03228,David Nair,david.nair3228@example.com,47,Male,Bhubaneswar,East,2023-02-06,Inactive
C03229,Arjun Moore,arjun.moore3229@example.com,42,Female,Amritsar,North,2024-03-27,Active
C03230,David Reddy,david.reddy3230@example.com,34,Female,Guwahati,East,2023-12-20,Inactive
C03231,Vikram Wilson,vikram.wilson3231@example.com,30,Female,Patna,East,2023-09-25,Active
C03232,Rohan Johnson,rohan.johnson3232@example.com,18,Female,Amritsar,North,2024-12-05,Active
C03233,James Johnson,james.johnson3233@example.com,24,Male,Kochi,South,2023-01-16,Active
C03234,Daniel Davis,daniel.davis3234@example.com,54,Male,Bhubaneswar,East,2023-05-31,Active
C03235,Emma Joshi,emma.joshi3235@example.com,22,Other,Guwahati,East,2024-08-04,Active
C03236,Divya Patel,divya.patel3236@example.com,36,Female,Mysuru,South,2023-11-19,Active
C03237,Ananya Mehta,ananya.mehta3237@example.com,45,Female,Kochi,South,2024-11-28,Active
C03238,Aanya Reddy,aanya.reddy3238@example.com,22,Other,Pune,West,2024-09-04,Active
C03239,Vikram Verma,vikram.verma3239@example.com,36,Female,Nagpur,West,2023-05-16,Inactive
C03240,Nikhil Verma,nikhil.verma3240@example.com,44,Other,Coimbatore,South,2023-08-30,Active
C03241,Ananya Miller,ananya.miller3241@example.com,35,Other,Jaipur,North,2024-07-16,Active
C03242,David Williams,david.williams3242@example.com,63,Male,Pune,West,2023-06-26,Active
C03243,Varun Johnson,varun.johnson3243@example.com,18,Male,Dehradun,North,2023-06-21,Active
C03244,Aarav Verma,aarav.verma3244@example.com,45,Male,Delhi,North,2023-06-29,Inactive
C03245,James Smith,james.smith3245@example.com,33,Female,Delhi,North,2024-04-17,Active
C03246,Mia Sharma,mia.sharma3246@example.com,42,Other,Delhi,North,2025-05-11,Active
C03247,Karan Kumar,karan.kumar3247@example.com,39,Male,Nagpur,West,2024-07-14,Active
C03248,Ishita Joshi,ishita.joshi3248@example.com,27,Male,Bhubaneswar,East,2023-10-23,Active
C03249,Neha Iyer,neha.iyer3249@example.com,37,Other,Coimbatore,South,2023-09-07,Active
C03250,Sanjay Anderson,sanjay.anderson3250@example.com,18,Male,Amritsar,North,2025-03-16,Active
C03251,Daniel Singh,daniel.singh3251@example.com,41,Male,Goa,West,2023-11-19,Active
C03252,Aanya Sharma,aanya.sharma3252@example.com,37,Male,Kolkata,East,2025-01-20,Active
C03253,William Anderson,william.anderson3253@example.com,41,Female,Chandigarh,North,2023-07-06,Active
C03254,Emma Williams,emma.williams3254@example.com,45,Female,Patna,East,2024-03-24,Inactive
C03255,David Moore,david.moore3255@example.com,38,Male,Kolkata,East,2024-03-22,Active
C03256,Vikram Reddy,vikram.reddy3256@example.com,36,Male,Surat,West,2023-01-14,Inactive
C03257,Neha Reddy,neha.reddy3257@example.com,26,Other,Ahmedabad,West,2023-04-03,Active
C03258,Aarav Malhotra,aarav.malhotra3258@example.com,27,Other,Chennai,South,2023-11-28,Active
C03259,Pooja Patel,pooja.patel3259@example.com,46,Other,Guwahati,East,2024-09-21,Active
C03260,Meera Johnson,meera.johnson3260@example.com,49,Male,Kochi,South,2023-10-29,Active
C03261,Emma Williams,emma.williams3261@example.com,32,Other,Goa,West,2024-09-28,Active
C03262,Nikhil Sharma,nikhil.sharma3262@example.com,35,Other,Goa,West,2023-08-28,Active
C03263,Sanjay Wilson,sanjay.wilson3263@example.com,25,Other,Chandigarh,North,2024-10-18,Active
C03264,Aarav Das,aarav.das3264@example.com,46,Other,Lucknow,North,2024-03-15,Active
C03265,Varun Malhotra,varun.malhotra3265@example.com,41,Female,Mumbai,West,2023-01-24,Active
C03266,Aarav Reddy,aarav.reddy3266@example.com,54,Male,Bengaluru,South,2024-03-17,Inactive
C03267,Isabella Miller,isabella.miller3267@example.com,26,Other,Ranchi,East,2024-08-14,Active
C03268,Aarav Nair,aarav.nair3268@example.com,31,Male,Kochi,South,2024-07-20,Inactive
C03269,Arjun Malhotra,arjun.malhotra3269@example.com,37,Female,Bhubaneswar,East,2023-12-10,Active
C03270,Pooja Malhotra,pooja.malhotra3270@example.com,41,Female,Chandigarh,North,2024-12-24,Active
C03271,Neha Joshi,neha.joshi3271@example.com,32,Other,Kochi,South,2023-07-09,Active
C03272,Olivia Miller,olivia.miller3272@example.com,26,Other,Amritsar,North,2023-05-29,Active
C03273,Meera Mehta,meera.mehta3273@example.com,43,Male,Pune,West,2023-06-16,Active
C03274,Sanjay Williams,sanjay.williams3274@example.com,42,Male,Ahmedabad,West,2024-04-05,Active
C03275,Vikram Singh,vikram.singh3275@example.com,25,Male,Patna,East,2025-04-23,Active
C03276,Pooja Patel,pooja.patel3276@example.com,48,Female,Patna,East,2024-03-21,Active
C03277,Isabella Williams,isabella.williams3277@example.com,46,Male,Hyderabad,South,2023-05-10,Inactive
C03278,William Sharma,william.sharma3278@example.com,36,Other,Ranchi,East,2024-08-11,Active
C03279,Daniel Joshi,daniel.joshi3279@example.com,35,Male,Delhi,North,2024-12-22,Inactive
C03280,Aanya Malhotra,aanya.malhotra3280@example.com,40,Male,Ahmedabad,West,2023-08-05,Inactive
C03281,Priya Smith,priya.smith3281@example.com,26,Male,Ranchi,East,2024-07-27,Active
C03282,Aanya Reddy,aanya.reddy3282@example.com,35,Female,Kolkata,East,2024-06-16,Active
C03283,James Mehta,james.mehta3283@example.com,18,Other,Bengaluru,South,2024-04-08,Active
C03284,Arjun Joshi,arjun.joshi3284@example.com,43,Other,Kochi,South,2025-03-24,Active
C03285,Arjun Patel,arjun.patel3285@example.com,19,Female,Chandigarh,North,2024-07-29,Active
C03286,Ananya Williams,ananya.williams3286@example.com,50,Female,Delhi,North,2023-01-02,Active
C03287,William Wilson,william.wilson3287@example.com,31,Male,Mumbai,West,2023-11-19,Active
C03288,David Patel,david.patel3288@example.com,32,Other,Dehradun,North,2024-01-07,Active
C03289,William Williams,william.williams3289@example.com,28,Male,Mumbai,West,2023-07-24,Active
C03290,Sophia Kapoor,sophia.kapoor3290@example.com,32,Other,Mumbai,West,2023-11-18,Active
C03291,Vikram Moore,vikram.moore3291@example.com,49,Other,Chandigarh,North,2023-03-30,Inactive
C03292,James Iyer,james.iyer3292@example.com,18,Other,Guwahati,East,2023-10-28,Active
C03293,Sanjay Malhotra,sanjay.malhotra3293@example.com,47,Female,Coimbatore,South,2024-08-30,Active
C03294,Ishita Singh,ishita.singh3294@example.com,38,Other,Kochi,South,2023-09-21,Active
C03295,Meera Taylor,meera.taylor3295@example.com,22,Male,Mumbai,West,2024-10-01,Active
C03296,Rohan Nair,rohan.nair3296@example.com,24,Other,Kochi,South,2023-03-26,Active
C03297,Vikram Iyer,vikram.iyer3297@example.com,51,Male,Delhi,North,2023-06-07,Active
C03298,Olivia Verma,olivia.verma3298@example.com,25,Male,Pune,West,2024-04-24,Inactive
C03299,Ishita Malhotra,ishita.malhotra3299@example.com,23,Female,Mysuru,South,2024-06-20,Active
C03300,Isabella Singh,isabella.singh3300@example.com,46,Female,Chennai,South,2024-06-26,Active
C03301,Meera Patel,meera.patel3301@example.com,38,Other,Guwahati,East,2024-03-15,Active
C03302,Vikram Nair,vikram.nair3302@example.com,25,Other,Mysuru,South,2024-05-30,Active
C03303,Aditya Rao,aditya.rao3303@example.com,37,Female,Bhubaneswar,East,2025-03-27,Inactive
C03304,Mia Singh,mia.singh3304@example.com,24,Other,Ranchi,East,2023-02-18,Active
C03305,William Malhotra,william.malhotra3305@example.com,46,Female,Chandigarh,North,2024-12-22,Active
C03306,Divya Iyer,divya.iyer3306@example.com,45,Female,Ranchi,East,2023-03-23,Active
C03307,Rohan Williams,rohan.williams3307@example.com,40,Male,Pune,West,2025-01-16,Inactive
C03308,Mia Iyer,mia.iyer3308@example.com,38,Female,Amritsar,North,2023-04-20,Active
C03309,Olivia Davis,olivia.davis3309@example.com,52,Male,Kolkata,East,2025-06-29,Active
C03310,Nikhil Anderson,nikhil.anderson3310@example.com,34,Other,Delhi,North,2024-02-02,Active
C03311,Aditya Nair,aditya.nair3311@example.com,23,Other,Jaipur,North,2024-03-31,Active
C03312,James Verma,james.verma3312@example.com,39,Male,Dehradun,North,2024-10-11,Active
C03313,Aditya Mehta,aditya.mehta3313@example.com,55,Other,Bhubaneswar,East,2023-03-27,Active
C03314,Olivia Singh,olivia.singh3314@example.com,24,Male,Delhi,North,2024-03-24,Inactive
C03315,Aarav Verma,aarav.verma3315@example.com,31,Female,Kolkata,East,2025-02-16,Active
C03316,Aditya Kumar,aditya.kumar3316@example.com,39,Female,Delhi,North,2023-08-08,Inactive
C03317,Sophia Miller,sophia.miller3317@example.com,34,Other,Chennai,South,2024-12-03,Active
C03318,David Davis,david.davis3318@example.com,25,Female,Nagpur,West,2023-02-02,Active
C03319,Ananya Anderson,ananya.anderson3319@example.com,46,Female,Chandigarh,North,2024-12-22,Active
C03320,Divya Johnson,divya.johnson3320@example.com,58,Male,Kochi,South,2023-12-29,Active
C03321,Mia Rao,mia.rao3321@example.com,36,Other,Kolkata,East,2025-02-08,Inactive
C03322,Karan Nair,karan.nair3322@example.com,25,Other,Delhi,North,2024-09-28,Active
C03323,Rohan Moore,rohan.moore3323@example.com,19,Other,Kolkata,East,2023-05-02,Active
C03324,Aanya Gupta,aanya.gupta3324@example.com,37,Female,Bhubaneswar,East,2023-02-16,Active
C03325,Arjun Johnson,arjun.johnson3325@example.com,46,Female,Kolkata,East,2024-10-03,Active
C03326,Daniel Iyer,daniel.iyer3326@example.com,39,Other,Jaipur,North,2024-09-23,Inactive
C03327,Michael Anderson,michael.anderson3327@example.com,34,Male,Patna,East,2024-01-18,Active
C03328,Aanya Das,aanya.das3328@example.com,29,Female,Bhubaneswar,East,2023-03-14,Active
C03329,Varun Williams,varun.williams3329@example.com,24,Male,Surat,West,2024-10-21,Active
C03330,Aanya Reddy,aanya.reddy3330@example.com,43,Other,Goa,West,2024-02-01,Active
C03331,Aanya Anderson,aanya.anderson3331@example.com,44,Other,Ahmedabad,West,2023-09-05,Inactive
C03332,James Gupta,james.gupta3332@example.com,19,Other,Bhubaneswar,East,2023-07-18,Active
C03333,Varun Moore,varun.moore3333@example.com,50,Female,Patna,East,2025-06-01,Active
C03334,Pooja Malhotra,pooja.malhotra3334@example.com,40,Female,Chandigarh,North,2025-02-15,Inactive
C03335,Aditya Sharma,aditya.sharma3335@example.com,48,Male,Chennai,South,2023-06-14,Active
C03336,Pooja Gupta,pooja.gupta3336@example.com,21,Female,Delhi,North,2023-11-17,Active
C03337,Neha Kumar,neha.kumar3337@example.com,21,Female,Pune,West,2024-07-04,Active
C03338,Priya Wilson,priya.wilson3338@example.com,33,Other,Dehradun,North,2024-12-20,Active
C03339,Neha Iyer,neha.iyer3339@example.com,40,Male,Bengaluru,South,2023-03-13,Active
C03340,Aanya Miller,aanya.miller3340@example.com,52,Female,Amritsar,North,2025-05-09,Active
C03341,Aarav Miller,aarav.miller3341@example.com,42,Other,Bhubaneswar,East,2024-07-23,Inactive
C03342,Aarav Singh,aarav.singh3342@example.com,32,Male,Bhubaneswar,East,2023-04-01,Active
C03343,Sophia Singh,sophia.singh3343@example.com,24,Other,Pune,West,2023-01-07,Active
C03344,Aditya Anderson,aditya.anderson3344@example.com,47,Other,Ranchi,East,2024-07-23,Active
C03345,Isabella Williams,isabella.williams3345@example.com,25,Male,Ahmedabad,West,2023-03-31,Active
C03346,Priya Joshi,priya.joshi3346@example.com,51,Male,Ahmedabad,West,2023-08-25,Inactive
C03347,Olivia Verma,olivia.verma3347@example.com,32,Male,Kochi,South,2025-06-24,Active
C03348,Ishita Smith,ishita.smith3348@example.com,50,Male,Ahmedabad,West,2023-03-21,Active
C03349,James Davis,james.davis3349@example.com,41,Male,Mumbai,West,2023-01-02,Inactive
C03350,Sophia Das,sophia.das3350@example.com,33,Male,Delhi,North,2023-08-20,Active
C03351,Rohan Kapoor,rohan.kapoor3351@example.com,29,Other,Jaipur,North,2023-06-22,Active
C03352,Ishita Smith,ishita.smith3352@example.com,31,Male,Hyderabad,South,2024-06-18,Active
C03353,Aarav Wilson,aarav.wilson3353@example.com,39,Female,Nagpur,West,2024-08-02,Active
C03354,Sanjay Kapoor,sanjay.kapoor3354@example.com,35,Male,Delhi,North,2024-07-02,Active
C03355,Varun Iyer,varun.iyer3355@example.com,29,Other,Dehradun,North,2025-02-06,Active
C03356,James Moore,james.moore3356@example.com,33,Male,Pune,West,2024-01-26,Active
C03357,Aanya Anderson,aanya.anderson3357@example.com,35,Female,Dehradun,North,2023-08-31,Active
C03358,Kavya Joshi,kavya.joshi3358@example.com,18,Other,Hyderabad,South,2023-06-08,Active
C03359,Sophia Smith,sophia.smith3359@example.com,39,Female,Pune,West,2023-12-06,Inactive
C03360,Olivia Kumar,olivia.kumar3360@example.com,25,Other,Kolkata,East,2023-05-22,Active
C03361,Aarav Patel,aarav.patel3361@example.com,23,Male,Pune,West,2024-07-18,Active
C03362,Rahul Miller,rahul.miller3362@example.com,18,Male,Guwahati,East,2023-05-19,Active
C03363,Vikram Reddy,vikram.reddy3363@example.com,18,Female,Hyderabad,South,2023-10-13,Active
C03364,Emma Singh,emma.singh3364@example.com,21,Other,Bhubaneswar,East,2025-05-30,Active
C03365,Meera Das,meera.das3365@example.com,27,Other,Delhi,North,2024-09-08,Active
C03366,Rahul Taylor,rahul.taylor3366@example.com,54,Other,Dehradun,North,2025-01-22,Active
C03367,Rohan Patel,rohan.patel3367@example.com,29,Female,Dehradun,North,2025-01-01,Active
C03368,Rahul Moore,rahul.moore3368@example.com,36,Female,Bengaluru,South,2024-05-24,Active
C03369,David Kumar,david.kumar3369@example.com,39,Male,Mysuru,South,2024-01-17,Active
C03370,Sanjay Reddy,sanjay.reddy3370@example.com,36,Female,Jaipur,North,2023-12-10,Inactive
C03371,Karan Gupta,karan.gupta3371@example.com,34,Male,Ahmedabad,West,2024-11-29,Inactive
C03372,James Davis,james.davis3372@example.com,23,Male,Lucknow,North,2025-04-28,Active
C03373,Karan Williams,karan.williams3373@example.com,49,Male,Ahmedabad,West,2024-09-17,Active
C03374,Olivia Sharma,olivia.sharma3374@example.com,53,Other,Hyderabad,South,2023-06-15,Inactive
C03375,Olivia Wilson,olivia.wilson3375@example.com,18,Other,Chandigarh,North,2023-03-17,Active
C03376,Aanya Verma,aanya.verma3376@example.com,24,Other,Goa,West,2025-02-06,Inactive
C03377,Sophia Sharma,sophia.sharma3377@example.com,32,Female,Hyderabad,South,2023-09-11,Inactive
C03378,Divya Joshi,divya.joshi3378@example.com,25,Female,Kolkata,East,2023-06-16,Active
C03379,Ananya Kapoor,ananya.kapoor3379@example.com,40,Female,Jaipur,North,2023-01-15,Active
C03380,Kavya Das,kavya.das3380@example.com,27,Female,Ranchi,East,2025-05-11,Inactive
C03381,Michael Patel,michael.patel3381@example.com,56,Female,Surat,West,2023-08-28,Active
C03382,Varun Smith,varun.smith3382@example.com,46,Female,Hyderabad,South,2024-01-06,Active
C03383,Neha Anderson,neha.anderson3383@example.com,37,Female,Guwahati,East,2023-11-04,Active
C03384,Karan Gupta,karan.gupta3384@example.com,45,Other,Surat,West,2023-11-10,Active
C03385,Sneha Williams,sneha.williams3385@example.com,46,Female,Mysuru,South,2023-12-19,Active
C03386,Nikhil Gupta,nikhil.gupta3386@example.com,29,Male,Pune,West,2025-05-16,Active
C03387,David Kumar,david.kumar3387@example.com,26,Male,Kochi,South,2023-10-30,Inactive
C03388,Sophia Kapoor,sophia.kapoor3388@example.com,35,Other,Bhubaneswar,East,2023-05-21,Inactive
C03389,James Iyer,james.iyer3389@example.com,43,Female,Guwahati,East,2024-11-20,Active
C03390,Emma Brown,emma.brown3390@example.com,36,Other,Amritsar,North,2024-12-04,Active
C03391,Daniel Rao,daniel.rao3391@example.com,19,Other,Pune,West,2023-11-15,Inactive
C03392,Divya Williams,divya.williams3392@example.com,26,Other,Dehradun,North,2024-01-25,Active
C03393,Aditya Rao,aditya.rao3393@example.com,34,Male,Coimbatore,South,2025-01-07,Inactive
C03394,Priya Das,priya.das3394@example.com,34,Other,Ranchi,East,2023-02-28,Active
C03395,Sneha Mehta,sneha.mehta3395@example.com,54,Male,Bengaluru,South,2025-04-14,Active
C03396,Arjun Moore,arjun.moore3396@example.com,21,Female,Hyderabad,South,2025-05-18,Active
C03397,Aarav Das,aarav.das3397@example.com,40,Other,Surat,West,2023-10-01,Active
C03398,Karan Moore,karan.moore3398@example.com,49,Other,Nagpur,West,2024-11-22,Active
C03399,Karan Williams,karan.williams3399@example.com,57,Other,Ranchi,East,2025-01-07,Active
C03400,Rohan Das,rohan.das3400@example.com,30,Male,Patna,East,2024-03-23,Active
C03401,Karan Joshi,karan.joshi3401@example.com,39,Other,Ahmedabad,West,2024-08-31,Active
C03402,Meera Gupta,meera.gupta3402@example.com,40,Female,Mumbai,West,2023-05-10,Active
C03403,Ishita Sharma,ishita.sharma3403@example.com,36,Other,Patna,East,2024-12-15,Inactive
C03404,Mia Nair,mia.nair3404@example.com,34,Other,Guwahati,East,2023-03-31,Active
C03405,Divya Singh,divya.singh3405@example.com,39,Female,Kochi,South,2025-03-16,Inactive
C03406,Neha Malhotra,neha.malhotra3406@example.com,18,Male,Surat,West,2023-04-26,Inactive
C03407,Nikhil Mehta,nikhil.mehta3407@example.com,41,Male,Hyderabad,South,2023-09-03,Active
C03408,Priya Joshi,priya.joshi3408@example.com,36,Male,Lucknow,North,2025-04-13,Active
C03409,Varun Gupta,varun.gupta3409@example.com,32,Male,Guwahati,East,2025-03-22,Inactive
C03410,Neha Anderson,neha.anderson3410@example.com,55,Female,Mumbai,West,2025-06-26,Active
C03411,Varun Kapoor,varun.kapoor3411@example.com,28,Male,Chandigarh,North,2024-11-04,Active
C03412,Mia Wilson,mia.wilson3412@example.com,30,Male,Hyderabad,South,2023-01-31,Active
C03413,Sanjay Das,sanjay.das3413@example.com,54,Male,Chandigarh,North,2023-05-26,Inactive
C03414,Emma Johnson,emma.johnson3414@example.com,26,Female,Lucknow,North,2023-04-05,Inactive
C03415,Priya Gupta,priya.gupta3415@example.com,29,Female,Patna,East,2025-04-15,Inactive
C03416,Meera Smith,meera.smith3416@example.com,33,Female,Bhubaneswar,East,2023-09-23,Active
C03417,Ananya Brown,ananya.brown3417@example.com,43,Male,Mumbai,West,2024-10-20,Inactive
C03418,Sanjay Kapoor,sanjay.kapoor3418@example.com,37,Female,Dehradun,North,2025-06-15,Active
C03419,David Malhotra,david.malhotra3419@example.com,22,Female,Bengaluru,South,2024-04-08,Active
C03420,Olivia Iyer,olivia.iyer3420@example.com,29,Female,Surat,West,2023-07-12,Active
C03421,Vikram Patel,vikram.patel3421@example.com,28,Other,Delhi,North,2025-04-27,Active
C03422,William Malhotra,william.malhotra3422@example.com,34,Other,Bhubaneswar,East,2023-03-06,Active
C03423,Daniel Smith,daniel.smith3423@example.com,39,Other,Patna,East,2023-02-16,Active
C03424,Isabella Wilson,isabella.wilson3424@example.com,39,Male,Kochi,South,2025-01-16,Active
C03425,Aditya Malhotra,aditya.malhotra3425@example.com,18,Other,Bhubaneswar,East,2025-05-17,Inactive
C03426,Aarav Davis,aarav.davis3426@example.com,45,Female,Chandigarh,North,2023-08-21,Inactive
C03427,Michael Joshi,michael.joshi3427@example.com,37,Other,Jaipur,North,2025-04-05,Active
C03428,Priya Patel,priya.patel3428@example.com,48,Male,Chandigarh,North,2023-05-05,Active
C03429,James Singh,james.singh3429@example.com,39,Other,Patna,East,2025-03-05,Active
C03430,Daniel Verma,daniel.verma3430@example.com,46,Other,Amritsar,North,2025-01-13,Active
C03431,Ishita Singh,ishita.singh3431@example.com,39,Other,Pune,West,2024-01-18,Inactive
C03432,Mia Rao,mia.rao3432@example.com,48,Male,Bhubaneswar,East,2023-06-23,Active
C03433,James Davis,james.davis3433@example.com,40,Male,Pune,West,2024-06-18,Active
C03434,Neha Das,neha.das3434@example.com,34,Female,Hyderabad,South,2024-12-08,Active
C03435,Sneha Singh,sneha.singh3435@example.com,57,Male,Chennai,South,2024-03-09,Active
C03436,Pooja Joshi,pooja.joshi3436@example.com,43,Male,Kolkata,East,2023-02-20,Active
C03437,Sanjay Verma,sanjay.verma3437@example.com,40,Female,Mumbai,West,2024-09-13,Active
C03438,Sophia Verma,sophia.verma3438@example.com,22,Male,Amritsar,North,2024-01-26,Active
C03439,Ananya Singh,ananya.singh3439@example.com,22,Female,Chandigarh,North,2023-04-13,Active
C03440,Olivia Johnson,olivia.johnson3440@example.com,37,Other,Coimbatore,South,2023-07-07,Active
C03441,Sophia Miller,sophia.miller3441@example.com,36,Female,Nagpur,West,2024-12-25,Active
C03442,Pooja Gupta,pooja.gupta3442@example.com,28,Female,Ranchi,East,2024-03-29,Active
C03443,Rohan Gupta,rohan.gupta3443@example.com,36,Other,Bengaluru,South,2023-06-06,Active
C03444,Sanjay Sharma,sanjay.sharma3444@example.com,50,Other,Mysuru,South,2023-04-19,Active
C03445,Rahul Das,rahul.das3445@example.com,41,Other,Patna,East,2024-11-17,Inactive
C03446,William Wilson,william.wilson3446@example.com,23,Other,Mysuru,South,2024-10-08,Inactive
C03447,Ishita Joshi,ishita.joshi3447@example.com,33,Male,Mysuru,South,2024-01-22,Active
C03448,Ishita Miller,ishita.miller3448@example.com,26,Male,Bhubaneswar,East,2024-02-03,Active
C03449,Arjun Miller,arjun.miller3449@example.com,31,Male,Pune,West,2024-06-28,Active
C03450,Sophia Brown,sophia.brown3450@example.com,30,Female,Nagpur,West,2023-04-18,Inactive
C03451,Olivia Iyer,olivia.iyer3451@example.com,30,Male,Chandigarh,North,2025-05-27,Active
C03452,Daniel Johnson,daniel.johnson3452@example.com,22,Female,Kolkata,East,2023-06-02,Active
C03453,Michael Joshi,michael.joshi3453@example.com,33,Male,Jaipur,North,2024-02-15,Active
C03454,Sneha Williams,sneha.williams3454@example.com,29,Other,Ranchi,East,2024-04-29,Active
C03455,Aditya Taylor,aditya.taylor3455@example.com,18,Female,Mumbai,West,2025-03-20,Active
C03456,Vikram Williams,vikram.williams3456@example.com,55,Male,Patna,East,2025-03-29,Active
C03457,Arjun Kapoor,arjun.kapoor3457@example.com,45,Other,Lucknow,North,2023-10-02,Active
C03458,Meera Mehta,meera.mehta3458@example.com,31,Male,Patna,East,2024-08-06,Inactive
C03459,Emma Joshi,emma.joshi3459@example.com,35,Other,Amritsar,North,2023-08-05,Active
C03460,Pooja Das,pooja.das3460@example.com,23,Male,Goa,West,2023-03-03,Active
C03461,Aarav Mehta,aarav.mehta3461@example.com,51,Male,Jaipur,North,2024-03-21,Inactive
C03462,Divya Miller,divya.miller3462@example.com,53,Female,Delhi,North,2023-04-09,Active
C03463,Neha Reddy,neha.reddy3463@example.com,36,Male,Jaipur,North,2024-08-08,Active
C03464,Karan Malhotra,karan.malhotra3464@example.com,45,Other,Goa,West,2024-08-03,Active
C03465,Varun Smith,varun.smith3465@example.com,36,Female,Mumbai,West,2023-08-09,Active
C03466,David Brown,david.brown3466@example.com,21,Male,Surat,West,2023-03-23,Active
C03467,Nikhil Miller,nikhil.miller3467@example.com,30,Female,Bengaluru,South,2024-11-22,Active
C03468,James Williams,james.williams3468@example.com,36,Other,Ahmedabad,West,2024-07-01,Active
C03469,Sneha Miller,sneha.miller3469@example.com,30,Male,Ahmedabad,West,2024-10-08,Active
C03470,Ananya Davis,ananya.davis3470@example.com,32,Male,Bhubaneswar,East,2024-10-07,Active
C03471,Rohan Sharma,rohan.sharma3471@example.com,34,Other,Patna,East,2024-11-19,Active
C03472,Sneha Kumar,sneha.kumar3472@example.com,34,Male,Bhubaneswar,East,2023-02-16,Active
C03473,William Sharma,william.sharma3473@example.com,35,Female,Lucknow,North,2024-05-12,Active
C03474,Varun Miller,varun.miller3474@example.com,24,Female,Patna,East,2025-03-29,Inactive
C03475,James Patel,james.patel3475@example.com,27,Male,Mumbai,West,2023-05-24,Active
C03476,Neha Nair,neha.nair3476@example.com,22,Other,Surat,West,2024-11-12,Active
C03477,Neha Williams,neha.williams3477@example.com,44,Female,Surat,West,2024-08-30,Active
C03478,Meera Gupta,meera.gupta3478@example.com,18,Female,Kolkata,East,2025-06-30,Active
C03479,Isabella Iyer,isabella.iyer3479@example.com,46,Male,Lucknow,North,2023-01-24,Active
C03480,James Rao,james.rao3480@example.com,48,Female,Patna,East,2023-07-23,Active
C03481,Varun Kapoor,varun.kapoor3481@example.com,31,Other,Ahmedabad,West,2023-07-10,Inactive
C03482,Ananya Miller,ananya.miller3482@example.com,18,Other,Mumbai,West,2024-10-27,Active
C03483,Aditya Gupta,aditya.gupta3483@example.com,31,Male,Pune,West,2024-12-12,Active
C03484,Aarav Verma,aarav.verma3484@example.com,34,Female,Nagpur,West,2023-12-25,Active
C03485,Meera Wilson,meera.wilson3485@example.com,24,Male,Kochi,South,2024-03-12,Active
C03486,Divya Nair,divya.nair3486@example.com,29,Other,Lucknow,North,2024-09-27,Inactive
C03487,Karan Das,karan.das3487@example.com,50,Female,Guwahati,East,2024-02-28,Active
C03488,Aditya Anderson,aditya.anderson3488@example.com,41,Female,Chennai,South,2025-06-14,Inactive
C03489,Neha Moore,neha.moore3489@example.com,25,Female,Bhubaneswar,East,2025-03-15,Active
C03490,Ananya Joshi,ananya.joshi3490@example.com,19,Other,Guwahati,East,2024-09-09,Active
C03491,Isabella Mehta,isabella.mehta3491@example.com,31,Female,Mysuru,South,2024-08-15,Active
C03492,David Mehta,david.mehta3492@example.com,32,Female,Coimbatore,South,2023-09-28,Active
C03493,Sneha Patel,sneha.patel3493@example.com,39,Other,Bengaluru,South,2023-12-03,Active
C03494,Emma Brown,emma.brown3494@example.com,29,Other,Coimbatore,South,2023-08-12,Inactive
C03495,Sneha Verma,sneha.verma3495@example.com,40,Male,Kolkata,East,2023-01-09,Inactive
C03496,Aanya Moore,aanya.moore3496@example.com,54,Male,Pune,West,2023-04-28,Inactive
C03497,Aditya Nair,aditya.nair3497@example.com,43,Other,Chandigarh,North,2023-12-23,Active
C03498,Aditya Brown,aditya.brown3498@example.com,34,Other,Ahmedabad,West,2023-05-16,Inactive
C03499,Sneha Sharma,sneha.sharma3499@example.com,33,Male,Hyderabad,South,2023-11-06,Active
C03500,Karan Reddy,karan.reddy3500@example.com,31,Male,Ahmedabad,West,2025-01-10,Active
C03501,Rahul Taylor,rahul.taylor3501@example.com,46,Female,Delhi,North,2023-04-20,Active
C03502,Emma Malhotra,emma.malhotra3502@example.com,28,Female,Jaipur,North,2025-05-29,Active
C03503,James Davis,james.davis3503@example.com,35,Female,Guwahati,East,2023-07-14,Active
C03504,Aarav Johnson,aarav.johnson3504@example.com,35,Female,Ranchi,East,2025-04-05,Active
C03505,Vikram Moore,vikram.moore3505@example.com,29,Female,Hyderabad,South,2024-07-19,Active
C03506,Karan Joshi,karan.joshi3506@example.com,21,Male,Patna,East,2023-03-28,Active
C03507,David Gupta,david.gupta3507@example.com,38,Female,Kolkata,East,2025-06-30,Active
C03508,Mia Wilson,mia.wilson3508@example.com,34,Other,Pune,West,2023-05-19,Active
C03509,Neha Malhotra,neha.malhotra3509@example.com,40,Female,Bengaluru,South,2023-07-07,Active
C03510,Ananya Sharma,ananya.sharma3510@example.com,29,Female,Mysuru,South,2023-08-26,Active
C03511,Emma Moore,emma.moore3511@example.com,47,Other,Goa,West,2025-03-31,Active
C03512,Kavya Miller,kavya.miller3512@example.com,26,Female,Delhi,North,2024-12-28,Active
C03513,Isabella Mehta,isabella.mehta3513@example.com,52,Female,Coimbatore,South,2025-02-10,Active
C03514,David Miller,david.miller3514@example.com,18,Male,Jaipur,North,2024-10-24,Active
C03515,David Nair,david.nair3515@example.com,39,Male,Surat,West,2024-04-21,Active
C03516,Rohan Iyer,rohan.iyer3516@example.com,39,Male,Lucknow,North,2023-06-08,Active
C03517,Priya Verma,priya.verma3517@example.com,27,Other,Kolkata,East,2024-09-16,Inactive
C03518,Aditya Verma,aditya.verma3518@example.com,39,Female,Surat,West,2025-02-08,Active
C03519,Rohan Singh,rohan.singh3519@example.com,47,Other,Bengaluru,South,2023-06-06,Active
C03520,Rahul Sharma,rahul.sharma3520@example.com,18,Male,Hyderabad,South,2023-12-05,Active
C03521,Rohan Sharma,rohan.sharma3521@example.com,40,Male,Jaipur,North,2023-01-23,Active
C03522,Nikhil Malhotra,nikhil.malhotra3522@example.com,18,Male,Ranchi,East,2025-01-21,Active
C03523,Ishita Sharma,ishita.sharma3523@example.com,25,Female,Surat,West,2025-05-26,Active
C03524,Divya Das,divya.das3524@example.com,51,Female,Goa,West,2023-09-13,Inactive
C03525,Vikram Miller,vikram.miller3525@example.com,29,Female,Jaipur,North,2023-08-04,Active
C03526,Emma Williams,emma.williams3526@example.com,23,Other,Bengaluru,South,2025-02-27,Active
C03527,Sneha Sharma,sneha.sharma3527@example.com,33,Male,Pune,West,2023-10-05,Active
C03528,Rahul Johnson,rahul.johnson3528@example.com,55,Female,Hyderabad,South,2024-04-14,Active
C03529,Nikhil Moore,nikhil.moore3529@example.com,18,Male,Delhi,North,2023-06-17,Active
C03530,Aanya Das,aanya.das3530@example.com,24,Male,Chennai,South,2024-03-25,Active
C03531,Olivia Johnson,olivia.johnson3531@example.com,49,Female,Ahmedabad,West,2025-01-17,Active
C03532,Daniel Miller,daniel.miller3532@example.com,53,Other,Chandigarh,North,2024-05-22,Active
C03533,Ananya Davis,ananya.davis3533@example.com,33,Other,Ranchi,East,2025-06-01,Active
C03534,Karan Das,karan.das3534@example.com,22,Other,Kolkata,East,2024-07-08,Active
C03535,Sophia Wilson,sophia.wilson3535@example.com,55,Female,Pune,West,2024-10-06,Active
C03536,Rahul Iyer,rahul.iyer3536@example.com,50,Other,Jaipur,North,2023-02-11,Active
C03537,Karan Anderson,karan.anderson3537@example.com,41,Other,Ranchi,East,2023-10-16,Active
C03538,Pooja Rao,pooja.rao3538@example.com,26,Other,Bengaluru,South,2023-07-12,Active
C03539,Ananya Singh,ananya.singh3539@example.com,34,Male,Jaipur,North,2023-03-30,Inactive
C03540,Nikhil Smith,nikhil.smith3540@example.com,33,Male,Amritsar,North,2023-08-30,Active
C03541,Divya Patel,divya.patel3541@example.com,38,Other,Nagpur,West,2023-03-17,Active
C03542,Neha Moore,neha.moore3542@example.com,49,Male,Chandigarh,North,2025-03-28,Active
C03543,Rahul Das,rahul.das3543@example.com,43,Male,Coimbatore,South,2024-08-24,Inactive
C03544,Priya Davis,priya.davis3544@example.com,24,Female,Patna,East,2025-01-22,Inactive
C03545,Ananya Verma,ananya.verma3545@example.com,48,Male,Chandigarh,North,2023-05-26,Inactive
C03546,Vikram Rao,vikram.rao3546@example.com,38,Male,Nagpur,West,2024-07-24,Active
C03547,Ishita Nair,ishita.nair3547@example.com,41,Male,Hyderabad,South,2023-05-28,Active
C03548,Olivia Iyer,olivia.iyer3548@example.com,49,Other,Kochi,South,2025-04-10,Active
C03549,Mia Gupta,mia.gupta3549@example.com,23,Other,Pune,West,2025-01-23,Active
C03550,Neha Nair,neha.nair3550@example.com,34,Female,Bengaluru,South,2024-03-29,Inactive
C03551,Sanjay Smith,sanjay.smith3551@example.com,29,Female,Lucknow,North,2024-06-04,Active
C03552,Vikram Malhotra,vikram.malhotra3552@example.com,19,Male,Kolkata,East,2025-04-03,Active
C03553,Olivia Joshi,olivia.joshi3553@example.com,38,Other,Guwahati,East,2024-12-01,Active
C03554,Sophia Wilson,sophia.wilson3554@example.com,60,Female,Bhubaneswar,East,2024-05-23,Active
C03555,Meera Miller,meera.miller3555@example.com,18,Other,Kochi,South,2023-08-03,Active
C03556,Sneha Mehta,sneha.mehta3556@example.com,34,Male,Ranchi,East,2024-04-08,Inactive
C03557,Sophia Verma,sophia.verma3557@example.com,41,Male,Ahmedabad,West,2024-01-03,Active
C03558,Arjun Joshi,arjun.joshi3558@example.com,36,Female,Chandigarh,North,2024-07-09,Active
C03559,Daniel Das,daniel.das3559@example.com,33,Other,Hyderabad,South,2025-01-12,Inactive
C03560,Neha Kumar,neha.kumar3560@example.com,22,Male,Coimbatore,South,2023-11-27,Inactive
C03561,Aanya Singh,aanya.singh3561@example.com,37,Other,Pune,West,2023-11-22,Active
C03562,Meera Rao,meera.rao3562@example.com,27,Female,Pune,West,2024-11-15,Active
C03563,Meera Verma,meera.verma3563@example.com,18,Other,Mysuru,South,2025-01-10,Active
C03564,Meera Joshi,meera.joshi3564@example.com,46,Male,Hyderabad,South,2023-12-10,Active
C03565,Olivia Johnson,olivia.johnson3565@example.com,44,Female,Dehradun,North,2023-04-10,Active
C03566,Daniel Johnson,daniel.johnson3566@example.com,35,Male,Jaipur,North,2023-02-14,Active
C03567,Isabella Verma,isabella.verma3567@example.com,37,Male,Mysuru,South,2025-04-18,Active
C03568,Ananya Verma,ananya.verma3568@example.com,45,Male,Bengaluru,South,2024-01-17,Active
C03569,Ishita Johnson,ishita.johnson3569@example.com,37,Male,Dehradun,North,2025-06-09,Active
C03570,Pooja Joshi,pooja.joshi3570@example.com,44,Female,Goa,West,2023-01-09,Active
C03571,Aditya Mehta,aditya.mehta3571@example.com,32,Other,Amritsar,North,2024-07-04,Active
C03572,Michael Singh,michael.singh3572@example.com,48,Other,Patna,East,2023-01-01,Active
C03573,Varun Smith,varun.smith3573@example.com,38,Female,Pune,West,2024-03-28,Active
C03574,William Iyer,william.iyer3574@example.com,36,Other,Pune,West,2023-12-02,Active
C03575,Karan Nair,karan.nair3575@example.com,22,Female,Nagpur,West,2025-02-05,Active
C03576,Meera Taylor,meera.taylor3576@example.com,37,Male,Amritsar,North,2023-08-11,Active
C03577,Divya Singh,divya.singh3577@example.com,26,Other,Hyderabad,South,2024-03-22,Active
C03578,Rohan Verma,rohan.verma3578@example.com,28,Male,Hyderabad,South,2023-11-09,Active
C03579,Priya Davis,priya.davis3579@example.com,26,Female,Lucknow,North,2024-06-28,Active
C03580,Emma Brown,emma.brown3580@example.com,24,Other,Lucknow,North,2025-06-20,Active
C03581,Pooja Davis,pooja.davis3581@example.com,56,Female,Delhi,North,2023-06-07,Inactive
C03582,Divya Davis,divya.davis3582@example.com,48,Other,Goa,West,2023-10-12,Active
C03583,Priya Smith,priya.smith3583@example.com,54,Other,Dehradun,North,2023-07-23,Active
C03584,Sneha Kapoor,sneha.kapoor3584@example.com,22,Female,Delhi,North,2024-02-24,Active
C03585,Aarav Patel,aarav.patel3585@example.com,35,Male,Mysuru,South,2023-12-23,Inactive
C03586,Aditya Gupta,aditya.gupta3586@example.com,22,Other,Coimbatore,South,2024-02-10,Active
C03587,Aditya Miller,aditya.miller3587@example.com,28,Male,Delhi,North,2023-12-01,Active
C03588,David Smith,david.smith3588@example.com,25,Male,Bhubaneswar,East,2024-07-17,Active
C03589,James Verma,james.verma3589@example.com,47,Female,Guwahati,East,2025-05-12,Active
C03590,Michael Williams,michael.williams3590@example.com,31,Other,Mysuru,South,2023-03-05,Active
C03591,James Kapoor,james.kapoor3591@example.com,45,Male,Goa,West,2025-04-22,Active
C03592,Isabella Rao,isabella.rao3592@example.com,41,Male,Pune,West,2025-05-14,Active
C03593,Divya Joshi,divya.joshi3593@example.com,58,Other,Coimbatore,South,2025-03-19,Inactive
C03594,William Brown,william.brown3594@example.com,20,Female,Bengaluru,South,2025-02-03,Active
C03595,David Miller,david.miller3595@example.com,47,Other,Kolkata,East,2025-04-10,Active
C03596,Karan Malhotra,karan.malhotra3596@example.com,46,Male,Pune,West,2023-09-11,Active
C03597,Aarav Reddy,aarav.reddy3597@example.com,25,Male,Kolkata,East,2023-06-08,Active
C03598,David Rao,david.rao3598@example.com,45,Other,Bengaluru,South,2024-09-15,Active
C03599,David Verma,david.verma3599@example.com,38,Female,Chennai,South,2025-01-24,Active
C03600,Pooja Iyer,pooja.iyer3600@example.com,32,Other,Amritsar,North,2025-02-21,Active
C03601,David Brown,david.brown3601@example.com,26,Female,Chandigarh,North,2024-01-30,Active
C03602,Michael Miller,michael.miller3602@example.com,27,Other,Chandigarh,North,2024-01-15,Inactive
C03603,Daniel Johnson,daniel.johnson3603@example.com,55,Other,Hyderabad,South,2023-04-13,Inactive
C03604,Michael Reddy,michael.reddy3604@example.com,35,Other,Bhubaneswar,East,2023-05-11,Active
C03605,Ananya Malhotra,ananya.malhotra3605@example.com,42,Other,Surat,West,2024-12-12,Active
C03606,Isabella Johnson,isabella.johnson3606@example.com,27,Other,Goa,West,2023-09-10,Active
C03607,Olivia Brown,olivia.brown3607@example.com,27,Male,Patna,East,2025-01-22,Active
C03608,Karan Joshi,karan.joshi3608@example.com,45,Female,Mysuru,South,2024-12-13,Inactive
C03609,Karan Anderson,karan.anderson3609@example.com,21,Male,Goa,West,2024-09-18,Inactive
C03610,Aditya Malhotra,aditya.malhotra3610@example.com,30,Male,Jaipur,North,2023-11-12,Active
C03611,Aditya Rao,aditya.rao3611@example.com,35,Other,Chennai,South,2023-10-07,Active
C03612,Emma Nair,emma.nair3612@example.com,36,Male,Chandigarh,North,2024-08-16,Inactive
C03613,Vikram Miller,vikram.miller3613@example.com,33,Female,Chandigarh,North,2023-05-27,Active
C03614,Varun Nair,varun.nair3614@example.com,38,Male,Surat,West,2025-02-21,Active
C03615,Aarav Johnson,aarav.johnson3615@example.com,41,Male,Surat,West,2024-07-20,Active
C03616,Olivia Wilson,olivia.wilson3616@example.com,42,Female,Ahmedabad,West,2023-09-19,Active
C03617,Vikram Reddy,vikram.reddy3617@example.com,25,Other,Ranchi,East,2023-07-18,Active
C03618,Meera Malhotra,meera.malhotra3618@example.com,32,Male,Kolkata,East,2023-10-23,Inactive
C03619,Karan Taylor,karan.taylor3619@example.com,46,Other,Bhubaneswar,East,2024-07-03,Active
C03620,Neha Anderson,neha.anderson3620@example.com,43,Other,Chandigarh,North,2024-06-30,Active
C03621,Aarav Davis,aarav.davis3621@example.com,21,Male,Patna,East,2024-11-09,Active
C03622,Aditya Verma,aditya.verma3622@example.com,38,Male,Mumbai,West,2025-05-05,Inactive
C03623,Karan Singh,karan.singh3623@example.com,18,Female,Jaipur,North,2023-02-10,Active
C03624,Divya Patel,divya.patel3624@example.com,35,Male,Guwahati,East,2025-05-10,Active
C03625,William Mehta,william.mehta3625@example.com,53,Female,Guwahati,East,2024-06-16,Active
C03626,Kavya Johnson,kavya.johnson3626@example.com,25,Other,Hyderabad,South,2024-07-22,Active
C03627,Pooja Nair,pooja.nair3627@example.com,26,Other,Lucknow,North,2025-04-14,Active
C03628,Divya Taylor,divya.taylor3628@example.com,42,Female,Coimbatore,South,2023-09-26,Inactive
C03629,Ishita Kapoor,ishita.kapoor3629@example.com,19,Male,Amritsar,North,2023-01-15,Active
C03630,Mia Sharma,mia.sharma3630@example.com,28,Male,Ahmedabad,West,2023-01-01,Active
C03631,Michael Wilson,michael.wilson3631@example.com,40,Female,Ranchi,East,2023-04-15,Active
C03632,Aarav Das,aarav.das3632@example.com,28,Female,Bhubaneswar,East,2023-10-27,Active
C03633,Rohan Malhotra,rohan.malhotra3633@example.com,32,Other,Guwahati,East,2024-11-11,Inactive
C03634,Nikhil Williams,nikhil.williams3634@example.com,42,Male,Ranchi,East,2024-05-29,Active
C03635,Ananya Smith,ananya.smith3635@example.com,39,Female,Dehradun,North,2023-06-15,Active
C03636,Ananya Miller,ananya.miller3636@example.com,37,Male,Delhi,North,2024-03-13,Active
C03637,Sneha Mehta,sneha.mehta3637@example.com,31,Female,Delhi,North,2023-11-07,Inactive
C03638,Divya Davis,divya.davis3638@example.com,38,Male,Bhubaneswar,East,2024-02-07,Active
C03639,Kavya Joshi,kavya.joshi3639@example.com,33,Female,Ranchi,East,2023-06-18,Active
C03640,Rahul Anderson,rahul.anderson3640@example.com,39,Male,Chandigarh,North,2023-04-30,Active
C03641,Divya Kapoor,divya.kapoor3641@example.com,30,Female,Guwahati,East,2023-05-21,Active
C03642,Priya Verma,priya.verma3642@example.com,33,Male,Pune,West,2024-09-15,Active
C03643,Mia Miller,mia.miller3643@example.com,25,Other,Bengaluru,South,2024-11-06,Active
C03644,Pooja Nair,pooja.nair3644@example.com,34,Female,Lucknow,North,2024-02-03,Active
C03645,Ishita Davis,ishita.davis3645@example.com,26,Male,Patna,East,2024-09-07,Active
C03646,Isabella Rao,isabella.rao3646@example.com,23,Other,Hyderabad,South,2023-08-19,Active
C03647,Rahul Nair,rahul.nair3647@example.com,37,Female,Mumbai,West,2025-01-16,Active
C03648,James Davis,james.davis3648@example.com,37,Male,Jaipur,North,2023-01-04,Active
C03649,Olivia Verma,olivia.verma3649@example.com,42,Male,Pune,West,2025-06-08,Active
C03650,Mia Anderson,mia.anderson3650@example.com,30,Other,Pune,West,2023-05-27,Active
C03651,Priya Kapoor,priya.kapoor3651@example.com,39,Female,Surat,West,2024-07-02,Active
C03652,Ishita Johnson,ishita.johnson3652@example.com,40,Female,Coimbatore,South,2024-12-30,Active
C03653,Priya Williams,priya.williams3653@example.com,39,Other,Bhubaneswar,East,2023-11-09,Active
C03654,James Iyer,james.iyer3654@example.com,26,Male,Bhubaneswar,East,2024-02-20,Active
C03655,Ishita Davis,ishita.davis3655@example.com,36,Male,Ranchi,East,2024-04-04,Active
C03656,Sanjay Miller,sanjay.miller3656@example.com,38,Male,Kolkata,East,2024-01-07,Active
C03657,Nikhil Malhotra,nikhil.malhotra3657@example.com,35,Female,Lucknow,North,2023-10-03,Active
C03658,Ishita Anderson,ishita.anderson3658@example.com,18,Male,Bhubaneswar,East,2023-11-01,Active
C03659,William Malhotra,william.malhotra3659@example.com,36,Male,Kolkata,East,2023-12-31,Active
C03660,Vikram Nair,vikram.nair3660@example.com,57,Other,Pune,West,2023-07-28,Active
C03661,Sanjay Johnson,sanjay.johnson3661@example.com,31,Male,Kochi,South,2023-08-16,Active
C03662,Arjun Reddy,arjun.reddy3662@example.com,27,Other,Kochi,South,2023-07-25,Active
C03663,Mia Patel,mia.patel3663@example.com,38,Other,Kochi,South,2024-04-30,Active
C03664,Arjun Das,arjun.das3664@example.com,38,Male,Coimbatore,South,2024-05-06,Active
C03665,Neha Johnson,neha.johnson3665@example.com,46,Female,Hyderabad,South,2023-07-08,Active
C03666,Priya Kumar,priya.kumar3666@example.com,22,Female,Lucknow,North,2024-12-09,Active
C03667,Mia Iyer,mia.iyer3667@example.com,42,Other,Bhubaneswar,East,2023-08-20,Active
C03668,Sanjay Williams,sanjay.williams3668@example.com,40,Male,Delhi,North,2023-12-31,Active
C03669,Neha Mehta,neha.mehta3669@example.com,33,Female,Pune,West,2024-05-23,Active
C03670,Emma Joshi,emma.joshi3670@example.com,38,Male,Surat,West,2024-08-29,Active
C03671,Sneha Gupta,sneha.gupta3671@example.com,45,Female,Lucknow,North,2023-05-20,Active
C03672,Daniel Kapoor,daniel.kapoor3672@example.com,43,Female,Ranchi,East,2023-12-16,Active
C03673,Aanya Kumar,aanya.kumar3673@example.com,23,Male,Dehradun,North,2024-06-29,Active
C03674,Sneha Williams,sneha.williams3674@example.com,43,Male,Ranchi,East,2024-06-28,Inactive
C03675,Ananya Moore,ananya.moore3675@example.com,34,Male,Bhubaneswar,East,2024-07-07,Active
C03676,Priya Miller,priya.miller3676@example.com,35,Female,Patna,East,2024-02-04,Active
C03677,Michael Wilson,michael.wilson3677@example.com,35,Other,Guwahati,East,2025-01-11,Active
C03678,Priya Johnson,priya.johnson3678@example.com,33,Female,Ranchi,East,2025-04-23,Active
C03679,Daniel Moore,daniel.moore3679@example.com,46,Other,Ahmedabad,West,2023-12-23,Active
C03680,Emma Kumar,emma.kumar3680@example.com,34,Other,Coimbatore,South,2023-02-22,Active
C03681,Emma Williams,emma.williams3681@example.com,23,Female,Chandigarh,North,2025-01-18,Active
C03682,Neha Smith,neha.smith3682@example.com,31,Other,Jaipur,North,2023-07-12,Active
C03683,Nikhil Sharma,nikhil.sharma3683@example.com,36,Female,Mumbai,West,2025-02-07,Active
C03684,Mia Iyer,mia.iyer3684@example.com,47,Male,Patna,East,2025-03-19,Active
C03685,Pooja Anderson,pooja.anderson3685@example.com,41,Male,Kochi,South,2024-06-19,Inactive
C03686,Priya Taylor,priya.taylor3686@example.com,26,Male,Delhi,North,2024-10-15,Active
C03687,Isabella Johnson,isabella.johnson3687@example.com,59,Male,Ranchi,East,2025-03-04,Active
C03688,Pooja Johnson,pooja.johnson3688@example.com,37,Male,Coimbatore,South,2023-10-09,Inactive
C03689,Aarav Sharma,aarav.sharma3689@example.com,47,Other,Guwahati,East,2025-03-25,Active
C03690,Nikhil Malhotra,nikhil.malhotra3690@example.com,33,Other,Hyderabad,South,2023-02-18,Active
C03691,Isabella Kapoor,isabella.kapoor3691@example.com,40,Female,Coimbatore,South,2024-08-22,Active
C03692,Daniel Wilson,daniel.wilson3692@example.com,43,Female,Kolkata,East,2025-02-01,Active
C03693,Nikhil Taylor,nikhil.taylor3693@example.com,47,Male,Dehradun,North,2025-02-26,Inactive
C03694,Rahul Wilson,rahul.wilson3694@example.com,45,Female,Bhubaneswar,East,2023-01-21,Active
C03695,Varun Rao,varun.rao3695@example.com,43,Other,Delhi,North,2023-03-23,Active
C03696,Pooja Nair,pooja.nair3696@example.com,31,Male,Coimbatore,South,2024-10-23,Inactive
C03697,Sneha Taylor,sneha.taylor3697@example.com,29,Female,Kolkata,East,2023-02-13,Active
C03698,Sophia Kumar,sophia.kumar3698@example.com,38,Other,Guwahati,East,2025-01-04,Active
C03699,Aanya Singh,aanya.singh3699@example.com,44,Female,Patna,East,2023-08-06,Active
C03700,Arjun Iyer,arjun.iyer3700@example.com,32,Other,Kochi,South,2025-03-25,Active
C03701,Karan Anderson,karan.anderson3701@example.com,45,Female,Pune,West,2023-05-24,Inactive
C03702,James Das,james.das3702@example.com,49,Other,Jaipur,North,2025-01-07,Active
C03703,Ishita Rao,ishita.rao3703@example.com,25,Other,Bengaluru,South,2023-03-03,Active
C03704,Aditya Anderson,aditya.anderson3704@example.com,26,Female,Guwahati,East,2023-04-03,Active
C03705,Olivia Rao,olivia.rao3705@example.com,33,Male,Ranchi,East,2024-10-28,Active
C03706,Sneha Williams,sneha.williams3706@example.com,38,Female,Surat,West,2024-08-04,Active
C03707,Ananya Joshi,ananya.joshi3707@example.com,29,Female,Kolkata,East,2023-09-10,Active
C03708,Rahul Smith,rahul.smith3708@example.com,48,Male,Dehradun,North,2024-04-27,Active
C03709,Isabella Verma,isabella.verma3709@example.com,39,Other,Mumbai,West,2024-08-31,Active
C03710,Aarav Iyer,aarav.iyer3710@example.com,35,Male,Surat,West,2023-10-30,Active
C03711,Sophia Mehta,sophia.mehta3711@example.com,20,Female,Chandigarh,North,2023-03-12,Active
C03712,Aanya Kumar,aanya.kumar3712@example.com,21,Other,Mumbai,West,2024-12-14,Active
C03713,Aditya Johnson,aditya.johnson3713@example.com,37,Other,Bhubaneswar,East,2023-11-03,Active
C03714,Ishita Kumar,ishita.kumar3714@example.com,18,Male,Kolkata,East,2023-07-13,Active
C03715,Pooja Gupta,pooja.gupta3715@example.com,45,Male,Jaipur,North,2023-09-28,Active
C03716,Meera Singh,meera.singh3716@example.com,33,Other,Pune,West,2025-06-12,Active
C03717,Nikhil Kumar,nikhil.kumar3717@example.com,67,Other,Patna,East,2025-02-12,Active
C03718,Mia Sharma,mia.sharma3718@example.com,58,Other,Bhubaneswar,East,2024-02-26,Active
C03719,Pooja Joshi,pooja.joshi3719@example.com,33,Female,Chandigarh,North,2024-12-12,Active
C03720,Priya Verma,priya.verma3720@example.com,33,Other,Amritsar,North,2024-07-03,Active
C03721,Sanjay Malhotra,sanjay.malhotra3721@example.com,44,Female,Guwahati,East,2025-06-11,Active
C03722,Isabella Moore,isabella.moore3722@example.com,52,Male,Kolkata,East,2025-05-01,Inactive
C03723,Emma Malhotra,emma.malhotra3723@example.com,18,Male,Guwahati,East,2025-05-16,Active
C03724,David Gupta,david.gupta3724@example.com,18,Male,Ahmedabad,West,2024-10-19,Inactive
C03725,Michael Joshi,michael.joshi3725@example.com,28,Female,Delhi,North,2025-03-05,Active
C03726,Neha Gupta,neha.gupta3726@example.com,40,Other,Jaipur,North,2024-05-30,Active
C03727,Pooja Gupta,pooja.gupta3727@example.com,39,Other,Amritsar,North,2024-04-26,Active
C03728,Sneha Taylor,sneha.taylor3728@example.com,45,Male,Guwahati,East,2023-08-08,Active
C03729,Aarav Mehta,aarav.mehta3729@example.com,23,Male,Surat,West,2023-08-27,Active
C03730,Mia Kumar,mia.kumar3730@example.com,18,Female,Amritsar,North,2023-07-17,Active
C03731,Priya Johnson,priya.johnson3731@example.com,43,Male,Mumbai,West,2024-02-10,Active
C03732,Aanya Mehta,aanya.mehta3732@example.com,26,Male,Bhubaneswar,East,2024-11-01,Inactive
C03733,Divya Patel,divya.patel3733@example.com,18,Other,Hyderabad,South,2024-10-30,Active
C03734,Aarav Mehta,aarav.mehta3734@example.com,36,Female,Pune,West,2023-03-09,Active
C03735,Varun Moore,varun.moore3735@example.com,42,Female,Nagpur,West,2023-04-13,Active
C03736,Ishita Anderson,ishita.anderson3736@example.com,33,Male,Chennai,South,2025-05-10,Active
C03737,Divya Brown,divya.brown3737@example.com,30,Other,Delhi,North,2024-09-22,Active
C03738,Michael Mehta,michael.mehta3738@example.com,33,Other,Bengaluru,South,2024-04-21,Active
C03739,Emma Joshi,emma.joshi3739@example.com,31,Female,Pune,West,2025-06-05,Inactive
C03740,Priya Verma,priya.verma3740@example.com,21,Female,Pune,West,2023-03-22,Inactive
C03741,Priya Nair,priya.nair3741@example.com,27,Male,Bhubaneswar,East,2023-09-29,Inactive
C03742,Meera Kumar,meera.kumar3742@example.com,40,Male,Bengaluru,South,2024-06-30,Inactive
C03743,Rohan Nair,rohan.nair3743@example.com,38,Female,Delhi,North,2024-06-22,Active
C03744,Aanya Brown,aanya.brown3744@example.com,36,Male,Pune,West,2023-06-02,Active
C03745,Daniel Verma,daniel.verma3745@example.com,25,Male,Nagpur,West,2023-06-05,Active
C03746,Aditya Anderson,aditya.anderson3746@example.com,33,Male,Amritsar,North,2024-02-05,Inactive
C03747,Rahul Reddy,rahul.reddy3747@example.com,18,Other,Nagpur,West,2024-01-05,Active
C03748,Aditya Malhotra,aditya.malhotra3748@example.com,36,Female,Delhi,North,2024-09-11,Active
C03749,Pooja Rao,pooja.rao3749@example.com,49,Male,Delhi,North,2023-12-08,Inactive
C03750,Sophia Malhotra,sophia.malhotra3750@example.com,20,Male,Delhi,North,2024-09-22,Active
C03751,Daniel Malhotra,daniel.malhotra3751@example.com,29,Male,Hyderabad,South,2023-06-14,Active
C03752,William Joshi,william.joshi3752@example.com,38,Other,Coimbatore,South,2023-02-12,Active
C03753,Daniel Joshi,daniel.joshi3753@example.com,47,Female,Mumbai,West,2023-05-26,Active
C03754,Aditya Moore,aditya.moore3754@example.com,30,Female,Lucknow,North,2025-01-31,Active
C03755,Ananya Williams,ananya.williams3755@example.com,28,Male,Chandigarh,North,2024-07-14,Active
C03756,William Sharma,william.sharma3756@example.com,18,Female,Chandigarh,North,2023-09-20,Active
C03757,Rahul Rao,rahul.rao3757@example.com,36,Female,Mumbai,West,2023-10-28,Inactive
C03758,Ishita Singh,ishita.singh3758@example.com,55,Male,Bengaluru,South,2024-10-25,Active
C03759,Priya Gupta,priya.gupta3759@example.com,37,Other,Chennai,South,2023-10-04,Active
C03760,Mia Wilson,mia.wilson3760@example.com,34,Other,Mysuru,South,2023-01-18,Active
C03761,Sophia Brown,sophia.brown3761@example.com,38,Male,Ranchi,East,2024-01-20,Active
C03762,Priya Kapoor,priya.kapoor3762@example.com,34,Other,Mysuru,South,2024-10-02,Active
C03763,Mia Singh,mia.singh3763@example.com,26,Female,Jaipur,North,2024-02-23,Active
C03764,William Nair,william.nair3764@example.com,43,Other,Goa,West,2024-07-24,Active
C03765,Ishita Moore,ishita.moore3765@example.com,37,Female,Chennai,South,2024-08-21,Active
C03766,Aanya Singh,aanya.singh3766@example.com,35,Male,Chandigarh,North,2023-04-19,Active
C03767,Mia Johnson,mia.johnson3767@example.com,25,Other,Lucknow,North,2025-05-11,Active
C03768,David Joshi,david.joshi3768@example.com,48,Other,Goa,West,2023-10-20,Active
C03769,Pooja Johnson,pooja.johnson3769@example.com,41,Female,Ahmedabad,West,2025-03-21,Inactive
C03770,Rohan Malhotra,rohan.malhotra3770@example.com,29,Female,Pune,West,2023-03-02,Inactive
C03771,Nikhil Mehta,nikhil.mehta3771@example.com,45,Male,Patna,East,2024-06-07,Active
C03772,Kavya Reddy,kavya.reddy3772@example.com,30,Other,Nagpur,West,2023-04-23,Active
C03773,Divya Williams,divya.williams3773@example.com,27,Male,Ahmedabad,West,2023-03-29,Active
C03774,Karan Williams,karan.williams3774@example.com,27,Other,Delhi,North,2025-01-13,Active
C03775,Divya Taylor,divya.taylor3775@example.com,18,Other,Kochi,South,2023-05-11,Inactive
C03776,Vikram Johnson,vikram.johnson3776@example.com,39,Female,Bhubaneswar,East,2024-06-06,Active
C03777,Sanjay Verma,sanjay.verma3777@example.com,18,Male,Mumbai,West,2023-08-18,Active
C03778,Vikram Kapoor,vikram.kapoor3778@example.com,22,Male,Ahmedabad,West,2023-06-01,Active
C03779,Arjun Verma,arjun.verma3779@example.com,18,Male,Jaipur,North,2025-01-31,Active
C03780,Ishita Iyer,ishita.iyer3780@example.com,34,Male,Hyderabad,South,2025-06-18,Active
C03781,Aanya Sharma,aanya.sharma3781@example.com,33,Male,Hyderabad,South,2024-07-15,Active
C03782,Emma Moore,emma.moore3782@example.com,31,Female,Chennai,South,2024-04-09,Active
C03783,Aarav Sharma,aarav.sharma3783@example.com,24,Other,Amritsar,North,2024-06-17,Active
C03784,Vikram Kumar,vikram.kumar3784@example.com,23,Female,Delhi,North,2025-03-28,Active
C03785,Varun Anderson,varun.anderson3785@example.com,39,Other,Chandigarh,North,2024-10-04,Active
C03786,Olivia Brown,olivia.brown3786@example.com,29,Male,Bengaluru,South,2024-04-12,Active
C03787,James Davis,james.davis3787@example.com,38,Male,Nagpur,West,2024-02-02,Active
C03788,Kavya Reddy,kavya.reddy3788@example.com,26,Other,Patna,East,2024-03-11,Active
C03789,Sneha Patel,sneha.patel3789@example.com,36,Male,Ranchi,East,2023-01-24,Inactive
C03790,Sneha Kapoor,sneha.kapoor3790@example.com,48,Male,Bhubaneswar,East,2025-06-30,Active
C03791,Arjun Kumar,arjun.kumar3791@example.com,40,Other,Kochi,South,2025-06-22,Active
C03792,Divya Johnson,divya.johnson3792@example.com,30,Other,Dehradun,North,2024-01-14,Active
C03793,Rahul Anderson,rahul.anderson3793@example.com,37,Other,Guwahati,East,2025-04-04,Active
C03794,Daniel Mehta,daniel.mehta3794@example.com,32,Other,Jaipur,North,2023-01-13,Active
C03795,Michael Rao,michael.rao3795@example.com,35,Female,Chennai,South,2024-02-27,Active
C03796,Karan Williams,karan.williams3796@example.com,31,Other,Ahmedabad,West,2024-09-03,Active
C03797,Meera Malhotra,meera.malhotra3797@example.com,33,Male,Ranchi,East,2025-01-03,Active
C03798,Rahul Mehta,rahul.mehta3798@example.com,37,Other,Amritsar,North,2025-01-08,Active
C03799,Michael Johnson,michael.johnson3799@example.com,25,Male,Mysuru,South,2024-12-06,Active
C03800,Sneha Smith,sneha.smith3800@example.com,24,Female,Mysuru,South,2024-09-02,Inactive
C03801,Rahul Joshi,rahul.joshi3801@example.com,21,Male,Kolkata,East,2023-02-04,Active
C03802,Vikram Moore,vikram.moore3802@example.com,18,Female,Chandigarh,North,2023-05-20,Active
C03803,Meera Nair,meera.nair3803@example.com,22,Male,Bhubaneswar,East,2023-08-16,Active
C03804,Aarav Nair,aarav.nair3804@example.com,36,Male,Mumbai,West,2023-06-13,Active
C03805,James Iyer,james.iyer3805@example.com,26,Male,Coimbatore,South,2024-07-16,Active
C03806,Daniel Verma,daniel.verma3806@example.com,40,Other,Mumbai,West,2023-12-02,Active
C03807,Olivia Joshi,olivia.joshi3807@example.com,35,Male,Lucknow,North,2025-06-23,Active
C03808,Priya Rao,priya.rao3808@example.com,18,Male,Goa,West,2023-09-28,Active
C03809,Arjun Singh,arjun.singh3809@example.com,41,Other,Delhi,North,2023-09-06,Active
C03810,Aarav Reddy,aarav.reddy3810@example.com,43,Other,Mumbai,West,2025-06-19,Active
C03811,David Singh,david.singh3811@example.com,25,Other,Bengaluru,South,2025-01-22,Inactive
C03812,Ishita Reddy,ishita.reddy3812@example.com,39,Male,Mumbai,West,2023-01-31,Active
C03813,James Das,james.das3813@example.com,26,Male,Guwahati,East,2024-05-24,Active
C03814,Sneha Anderson,sneha.anderson3814@example.com,35,Other,Ahmedabad,West,2025-02-11,Active
C03815,Aanya Nair,aanya.nair3815@example.com,22,Other,Nagpur,West,2023-07-01,Inactive
C03816,Sneha Miller,sneha.miller3816@example.com,18,Female,Surat,West,2024-01-28,Inactive
C03817,Divya Reddy,divya.reddy3817@example.com,31,Female,Delhi,North,2023-08-31,Active
C03818,Emma Miller,emma.miller3818@example.com,33,Male,Nagpur,West,2025-01-19,Active
C03819,Sneha Das,sneha.das3819@example.com,31,Other,Chennai,South,2024-03-07,Active
C03820,Priya Verma,priya.verma3820@example.com,23,Female,Goa,West,2025-02-14,Active
C03821,Olivia Verma,olivia.verma3821@example.com,31,Female,Kochi,South,2024-04-08,Inactive
C03822,James Joshi,james.joshi3822@example.com,37,Female,Surat,West,2024-12-16,Active
C03823,Vikram Reddy,vikram.reddy3823@example.com,34,Other,Bengaluru,South,2025-06-19,Active
C03824,Nikhil Smith,nikhil.smith3824@example.com,36,Female,Goa,West,2025-03-20,Active
C03825,William Reddy,william.reddy3825@example.com,28,Other,Surat,West,2023-06-13,Active
C03826,Aarav Patel,aarav.patel3826@example.com,46,Female,Chennai,South,2023-04-22,Active
C03827,Varun Brown,varun.brown3827@example.com,23,Female,Guwahati,East,2023-05-30,Active
C03828,Sophia Gupta,sophia.gupta3828@example.com,39,Female,Patna,East,2023-02-24,Active
C03829,Michael Joshi,,46,Other,Nagpur,West,2023-06-06,Inactive
C03830,Aditya Miller,aditya.miller3830@example.com,39,Female,Hyderabad,South,2025-05-13,Active
C03831,Ishita Mehta,ishita.mehta3831@example.com,32,Other,Bhubaneswar,East,2025-03-15,Active
C03832,James Mehta,james.mehta3832@example.com,29,Female,Nagpur,West,2024-10-20,Active
C03833,Olivia Moore,olivia.moore3833@example.com,45,Other,Delhi,North,2024-05-19,Active
C03834,Rahul Malhotra,rahul.malhotra3834@example.com,20,Male,Amritsar,North,2023-01-03,Inactive
C03835,Neha Rao,neha.rao3835@example.com,25,Female,Pune,West,2024-11-24,Active
C03836,Isabella Smith,isabella.smith3836@example.com,31,Male,Guwahati,East,2025-01-11,Active
C03837,Sophia Kapoor,sophia.kapoor3837@example.com,47,Other,Guwahati,East,2023-01-24,Inactive
C03838,Isabella Anderson,isabella.anderson3838@example.com,38,Male,Ahmedabad,West,2023-12-22,Inactive
C03839,Priya Reddy,priya.reddy3839@example.com,25,Male,Delhi,North,2025-04-14,Inactive
C03840,Olivia Taylor,olivia.taylor3840@example.com,31,Female,Bhubaneswar,East,2023-03-26,Active
C03841,Isabella Sharma,isabella.sharma3841@example.com,28,Male,Bengaluru,South,2024-12-26,Active
C03842,Emma Smith,emma.smith3842@example.com,27,Female,Guwahati,East,2023-01-05,Inactive
C03843,Rahul Kumar,rahul.kumar3843@example.com,44,Other,Kochi,South,2025-01-17,Active
C03844,Aanya Gupta,aanya.gupta3844@example.com,21,Male,Mumbai,West,2023-03-05,Inactive
C03845,Divya Malhotra,divya.malhotra3845@example.com,51,Other,Hyderabad,South,2025-04-27,Active
C03846,Arjun Mehta,arjun.mehta3846@example.com,43,Male,Delhi,North,2023-01-14,Active
C03847,Sneha Kumar,sneha.kumar3847@example.com,45,Other,Mumbai,West,2024-05-23,Active
C03848,Kavya Kapoor,kavya.kapoor3848@example.com,30,Male,Nagpur,West,2025-03-10,Active
C03849,Michael Das,michael.das3849@example.com,33,Other,Pune,West,2025-01-02,Active
C03850,Sanjay Mehta,sanjay.mehta3850@example.com,20,Male,Dehradun,North,2024-08-18,Active
C03851,Aditya Das,aditya.das3851@example.com,29,Male,Goa,West,2024-10-05,Active
C03852,Aditya Rao,aditya.rao3852@example.com,39,Female,Kochi,South,2024-06-26,Active
C03853,Pooja Verma,pooja.verma3853@example.com,47,Other,Delhi,North,2024-06-25,Active
C03854,Emma Sharma,emma.sharma3854@example.com,23,Female,Goa,West,2023-05-21,Active
C03855,Sneha Malhotra,sneha.malhotra3855@example.com,31,Male,Dehradun,North,2024-03-01,Active
C03856,James Smith,james.smith3856@example.com,33,Male,Amritsar,North,2025-03-08,Active
C03857,David Gupta,david.gupta3857@example.com,21,Other,Bengaluru,South,2024-09-02,Inactive
C03858,Pooja Brown,pooja.brown3858@example.com,40,Male,Ahmedabad,West,2024-07-02,Active
C03859,Aanya Malhotra,aanya.malhotra3859@example.com,27,Female,Bhubaneswar,East,2024-07-27,Inactive
C03860,Sophia Nair,sophia.nair3860@example.com,33,Other,Jaipur,North,2023-01-16,Active
C03861,Nikhil Smith,nikhil.smith3861@example.com,30,Male,Patna,East,2023-01-16,Active
C03862,Rohan Anderson,rohan.anderson3862@example.com,27,Male,Patna,East,2023-08-07,Inactive
C03863,William Kumar,william.kumar3863@example.com,34,Female,Bengaluru,South,2024-08-22,Active
C03864,Olivia Anderson,olivia.anderson3864@example.com,32,Female,Goa,West,2024-07-18,Active
C03865,Karan Wilson,karan.wilson3865@example.com,31,Female,Ahmedabad,West,2023-01-21,Active
C03866,Olivia Das,olivia.das3866@example.com,27,Male,Nagpur,West,2024-03-23,Active
C03867,Varun Das,varun.das3867@example.com,38,Other,Jaipur,North,2025-02-05,Inactive
C03868,Aditya Patel,aditya.patel3868@example.com,51,Other,Hyderabad,South,2023-04-29,Inactive
C03869,Karan Reddy,karan.reddy3869@example.com,36,Male,Bhubaneswar,East,2024-05-06,Inactive
C03870,Ishita Patel,ishita.patel3870@example.com,44,Other,Bengaluru,South,2024-06-19,Active
C03871,Isabella Gupta,isabella.gupta3871@example.com,21,Other,Chennai,South,2025-02-05,Active
C03872,Rahul Nair,rahul.nair3872@example.com,36,Other,Coimbatore,South,2025-05-25,Active
C03873,Aarav Sharma,aarav.sharma3873@example.com,24,Female,Jaipur,North,2023-04-20,Active
C03874,Aditya Rao,aditya.rao3874@example.com,20,Male,Delhi,North,2023-05-31,Active
C03875,Pooja Taylor,pooja.taylor3875@example.com,27,Female,Chandigarh,North,2025-02-20,Active
C03876,Neha Joshi,neha.joshi3876@example.com,46,Other,Nagpur,West,2025-03-24,Active
C03877,Neha Johnson,neha.johnson3877@example.com,44,Male,Bhubaneswar,East,2023-04-06,Active
C03878,David Anderson,david.anderson3878@example.com,37,Female,Delhi,North,2024-05-25,Active
C03879,Sanjay Williams,sanjay.williams3879@example.com,19,Female,Kochi,South,2025-05-26,Inactive
C03880,Sneha Johnson,sneha.johnson3880@example.com,33,Female,Ranchi,East,2023-11-25,Active
C03881,Kavya Anderson,kavya.anderson3881@example.com,38,Male,Jaipur,North,2024-04-04,Inactive
C03882,Rahul Rao,rahul.rao3882@example.com,36,Other,Kolkata,East,2024-01-17,Active
C03883,Ananya Iyer,ananya.iyer3883@example.com,18,Female,Goa,West,2023-09-23,Active
C03884,Sophia Davis,sophia.davis3884@example.com,26,Female,Dehradun,North,2023-06-14,Active
C03885,Rahul Nair,rahul.nair3885@example.com,34,Female,Mumbai,West,2024-03-21,Active
C03886,Meera Anderson,meera.anderson3886@example.com,40,Female,Patna,East,2024-04-24,Active
C03887,Nikhil Kumar,nikhil.kumar3887@example.com,18,Male,Kolkata,East,2024-04-16,Active
C03888,Ishita Joshi,ishita.joshi3888@example.com,33,Female,Mumbai,West,2025-02-11,Active
C03889,Olivia Taylor,olivia.taylor3889@example.com,36,Male,Kochi,South,2023-08-10,Active
C03890,Sneha Smith,sneha.smith3890@example.com,43,Male,Patna,East,2025-03-05,Active
C03891,William Reddy,william.reddy3891@example.com,41,Female,Ahmedabad,West,2024-05-30,Inactive
C03892,Priya Joshi,priya.joshi3892@example.com,40,Male,Nagpur,West,2023-06-15,Active
C03893,Michael Anderson,michael.anderson3893@example.com,27,Female,Patna,East,2024-12-02,Active
C03894,Priya Johnson,priya.johnson3894@example.com,18,Other,Kochi,South,2025-05-03,Active
C03895,Meera Kapoor,meera.kapoor3895@example.com,31,Female,Chandigarh,North,2023-05-20,Active
C03896,Rohan Singh,rohan.singh3896@example.com,45,Female,Nagpur,West,2023-03-11,Inactive
C03897,Rohan Taylor,rohan.taylor3897@example.com,48,Other,Chennai,South,2024-02-15,Active
C03898,Divya Singh,divya.singh3898@example.com,42,Male,Chennai,South,2024-06-25,Active
C03899,Aanya Kapoor,aanya.kapoor3899@example.com,39,Other,Goa,West,2024-12-11,Active
C03900,Mia Smith,mia.smith3900@example.com,38,Female,Guwahati,East,2024-08-28,Active
C03901,James Iyer,james.iyer3901@example.com,29,Female,Hyderabad,South,2025-03-07,Active
C03902,Sophia Sharma,sophia.sharma3902@example.com,33,Other,Lucknow,North,2024-06-21,Inactive
C03903,Rohan Williams,rohan.williams3903@example.com,51,Female,Kochi,South,2025-01-30,Active
C03904,Isabella Malhotra,isabella.malhotra3904@example.com,25,Female,Guwahati,East,2023-09-21,Active
C03905,Olivia Miller,olivia.miller3905@example.com,51,Other,Bhubaneswar,East,2023-11-26,Active
C03906,Pooja Smith,pooja.smith3906@example.com,31,Other,Dehradun,North,2025-06-21,Active
C03907,Vikram Verma,vikram.verma3907@example.com,48,Female,Patna,East,2025-05-20,Active
C03908,William Smith,william.smith3908@example.com,20,Female,Jaipur,North,2023-05-31,Inactive
C03909,Isabella Joshi,isabella.joshi3909@example.com,40,Other,Pune,West,2025-05-07,Active
C03910,Aanya Moore,aanya.moore3910@example.com,27,Male,Bengaluru,South,2023-06-29,Inactive
C03911,Ananya Kumar,ananya.kumar3911@example.com,20,Male,Kochi,South,2025-05-05,Active
C03912,Meera Davis,meera.davis3912@example.com,37,Male,Ranchi,East,2024-05-18,Active
C03913,Michael Nair,michael.nair3913@example.com,45,Male,Hyderabad,South,2024-09-23,Inactive
C03914,Neha Mehta,neha.mehta3914@example.com,26,Other,Kolkata,East,2024-02-18,Active
C03915,Ishita Verma,ishita.verma3915@example.com,20,Male,Hyderabad,South,2025-05-05,Active
C03916,Varun Verma,varun.verma3916@example.com,34,Male,Jaipur,North,2023-01-31,Inactive
C03917,Sophia Johnson,sophia.johnson3917@example.com,34,Male,Goa,West,2023-04-08,Inactive
C03918,Olivia Joshi,olivia.joshi3918@example.com,40,Female,Bhubaneswar,East,2024-05-22,Inactive
C03919,Kavya Sharma,kavya.sharma3919@example.com,44,Male,Chandigarh,North,2024-04-06,Active
C03920,Sophia Reddy,sophia.reddy3920@example.com,34,Female,Jaipur,North,2023-07-18,Active
C03921,Olivia Sharma,olivia.sharma3921@example.com,53,Male,Lucknow,North,2023-10-26,Active
C03922,Meera Malhotra,meera.malhotra3922@example.com,37,Male,Bengaluru,South,2023-09-17,Inactive
C03923,Sneha Kumar,sneha.kumar3923@example.com,31,Female,Goa,West,2023-06-13,Active
C03924,Sneha Johnson,sneha.johnson3924@example.com,18,Male,Surat,West,2024-07-06,Active
C03925,Karan Anderson,karan.anderson3925@example.com,32,Female,Dehradun,North,2023-09-24,Active
C03926,Emma Davis,emma.davis3926@example.com,31,Other,Guwahati,East,2023-11-29,Active
C03927,Divya Rao,divya.rao3927@example.com,44,Male,Mysuru,South,2024-04-18,Active
C03928,Kavya Reddy,kavya.reddy3928@example.com,39,Male,Pune,West,2024-08-09,Active
C03929,Ishita Miller,,23,Male,Pune,West,2023-11-02,Inactive
C03930,Rahul Kapoor,rahul.kapoor3930@example.com,36,Other,Mumbai,West,2024-03-05,Active
C03931,Nikhil Verma,nikhil.verma3931@example.com,41,Other,Bhubaneswar,East,2024-10-21,Active
C03932,Pooja Mehta,pooja.mehta3932@example.com,50,Other,Coimbatore,South,2025-02-05,Active
C03933,Nikhil Taylor,nikhil.taylor3933@example.com,43,Male,Kolkata,East,2024-06-01,Inactive
C03934,William Sharma,william.sharma3934@example.com,42,Female,Ahmedabad,West,2025-02-05,Active
C03935,Isabella Sharma,isabella.sharma3935@example.com,35,Male,Ranchi,East,2023-02-15,Active
C03936,William Verma,william.verma3936@example.com,38,Other,Amritsar,North,2023-02-17,Active
C03937,Michael Nair,michael.nair3937@example.com,47,Male,Lucknow,North,2024-09-26,Active
C03938,Varun Patel,varun.patel3938@example.com,21,Other,Guwahati,East,2023-08-19,Active
C03939,Rohan Rao,rohan.rao3939@example.com,31,Male,Chennai,South,2023-06-27,Active
C03940,Ishita Reddy,ishita.reddy3940@example.com,27,Male,Bengaluru,South,2023-06-07,Active
C03941,Isabella Patel,isabella.patel3941@example.com,38,Male,Patna,East,2024-09-25,Inactive
C03942,Neha Iyer,neha.iyer3942@example.com,47,Other,Chennai,South,2024-11-30,Inactive
C03943,Varun Smith,varun.smith3943@example.com,29,Other,Kochi,South,2025-04-07,Active
C03944,Rohan Anderson,rohan.anderson3944@example.com,18,Male,Coimbatore,South,2023-07-17,Inactive
C03945,Karan Verma,karan.verma3945@example.com,30,Other,Bhubaneswar,East,2024-03-12,Active
C03946,Varun Taylor,varun.taylor3946@example.com,44,Other,Lucknow,North,2024-07-05,Inactive
C03947,Rahul Mehta,rahul.mehta3947@example.com,40,Female,Hyderabad,South,2023-04-03,Active
C03948,Michael Iyer,michael.iyer3948@example.com,39,Other,Chandigarh,North,2024-02-07,Active
C03949,Ananya Singh,ananya.singh3949@example.com,32,Male,Hyderabad,South,2024-05-23,Active
C03950,Nikhil Nair,nikhil.nair3950@example.com,22,Other,Chandigarh,North,2024-01-16,Active
C03951,Karan Verma,karan.verma3951@example.com,40,Other,Delhi,North,2025-03-04,Inactive
C03952,Rohan Malhotra,rohan.malhotra3952@example.com,26,Female,Amritsar,North,2024-09-29,Inactive
C03953,Rahul Verma,rahul.verma3953@example.com,56,Female,Amritsar,North,2024-04-02,Active
C03954,Pooja Das,pooja.das3954@example.com,40,Male,Hyderabad,South,2025-01-09,Active
C03955,Pooja Iyer,pooja.iyer3955@example.com,29,Male,Ahmedabad,West,2024-11-14,Inactive
C03956,Karan Kumar,karan.kumar3956@example.com,28,Male,Ahmedabad,West,2024-12-19,Active
C03957,Nikhil Anderson,nikhil.anderson3957@example.com,34,Male,Mumbai,West,2023-01-28,Active
C03958,Emma Johnson,emma.johnson3958@example.com,32,Female,Mysuru,South,2023-11-19,Inactive
C03959,Rohan Verma,rohan.verma3959@example.com,46,Other,Kolkata,East,2023-04-19,Active
C03960,Ishita Sharma,ishita.sharma3960@example.com,36,Female,Chennai,South,2023-04-07,Active
C03961,Varun Miller,varun.miller3961@example.com,27,Male,Hyderabad,South,2023-11-03,Active
C03962,Isabella Malhotra,isabella.malhotra3962@example.com,53,Female,Amritsar,North,2024-08-28,Active
C03963,Nikhil Davis,nikhil.davis3963@example.com,35,Male,Chennai,South,2024-01-19,Active
C03964,Rahul Reddy,rahul.reddy3964@example.com,42,Other,Bhubaneswar,East,2024-07-12,Active
C03965,James Johnson,james.johnson3965@example.com,28,Male,Patna,East,2024-08-27,Active
C03966,Michael Johnson,michael.johnson3966@example.com,38,Female,Lucknow,North,2024-05-19,Active
C03967,Karan Williams,karan.williams3967@example.com,38,Male,Nagpur,West,2023-08-02,Inactive
C03968,Varun Johnson,varun.johnson3968@example.com,18,Female,Coimbatore,South,2023-12-29,Active
C03969,Aditya Malhotra,aditya.malhotra3969@example.com,55,Other,Jaipur,North,2024-07-09,Active
C03970,Aanya Smith,aanya.smith3970@example.com,47,Female,Ahmedabad,West,2024-10-13,Active
C03971,Sanjay Gupta,sanjay.gupta3971@example.com,31,Other,Guwahati,East,2024-07-08,Active
C03972,James Brown,james.brown3972@example.com,23,Male,Ranchi,East,2024-02-19,Active
C03973,Sanjay Mehta,sanjay.mehta3973@example.com,38,Female,Dehradun,North,2024-05-08,Active
C03974,Neha Gupta,neha.gupta3974@example.com,35,Other,Chennai,South,2025-06-14,Active
C03975,Sophia Williams,sophia.williams3975@example.com,38,Female,Kolkata,East,2023-06-22,Active
C03976,Isabella Das,isabella.das3976@example.com,36,Male,Bengaluru,South,2025-02-12,Active
C03977,Emma Wilson,emma.wilson3977@example.com,40,Other,Chennai,South,2024-02-20,Active
C03978,Priya Johnson,priya.johnson3978@example.com,49,Female,Ranchi,East,2023-07-13,Active
C03979,Daniel Sharma,daniel.sharma3979@example.com,40,Male,Bhubaneswar,East,2025-05-21,Inactive
C03980,Mia Mehta,mia.mehta3980@example.com,24,Male,Bengaluru,South,2023-10-22,Active
C03981,Aarav Sharma,aarav.sharma3981@example.com,48,Other,Coimbatore,South,2024-12-20,Active
C03982,William Moore,william.moore3982@example.com,51,Female,Pune,West,2023-02-10,Active
C03983,Vikram Iyer,vikram.iyer3983@example.com,66,Male,Mumbai,West,2024-08-17,Active
C03984,Arjun Brown,arjun.brown3984@example.com,23,Female,Bengaluru,South,2024-10-24,Active
C03985,Arjun Patel,arjun.patel3985@example.com,37,Other,Coimbatore,South,2025-02-17,Active
C03986,Ishita Anderson,ishita.anderson3986@example.com,18,Male,Bengaluru,South,2024-07-05,Active
C03987,Neha Malhotra,neha.malhotra3987@example.com,40,Male,Bengaluru,South,2023-03-30,Inactive
C03988,Isabella Sharma,isabella.sharma3988@example.com,29,Other,Kochi,South,2023-02-17,Active
C03989,Rahul Malhotra,rahul.malhotra3989@example.com,54,Female,Amritsar,North,2024-11-05,Active
C03990,Karan Kumar,karan.kumar3990@example.com,27,Other,Ahmedabad,West,2025-02-05,Active
C03991,Meera Singh,meera.singh3991@example.com,18,Female,Chandigarh,North,2023-10-16,Active
C03992,Aarav Williams,aarav.williams3992@example.com,30,Female,Kolkata,East,2023-08-22,Active
C03993,Meera Reddy,meera.reddy3993@example.com,18,Female,Chennai,South,2025-04-25,Active
C03994,Olivia Kumar,olivia.kumar3994@example.com,42,Male,Bengaluru,South,2025-06-07,Inactive
C03995,Aarav Miller,aarav.miller3995@example.com,18,Other,Mumbai,West,2023-09-23,Active
C03996,Neha Singh,neha.singh3996@example.com,35,Male,Chandigarh,North,2025-01-02,Active
C03997,David Nair,david.nair3997@example.com,18,Male,Patna,East,2025-02-05,Active
C03998,Pooja Wilson,pooja.wilson3998@example.com,31,Female,Kochi,South,2024-06-19,Active
C03999,Meera Moore,meera.moore3999@example.com,51,Male,Mumbai,West,2025-03-20,Active
C04000,Divya Patel,divya.patel4000@example.com,38,Female,Bhubaneswar,East,2025-06-20,Active
C04001,Aditya Iyer,aditya.iyer4001@example.com,26,Male,Chandigarh,North,2024-06-07,Active
C04002,William Brown,william.brown4002@example.com,34,Other,Delhi,North,2024-09-22,Active
C04003,James Verma,james.verma4003@example.com,35,Male,Chennai,South,2025-06-22,Active
C04004,Neha Mehta,neha.mehta4004@example.com,39,Female,Kochi,South,2023-03-21,Active
C04005,Vikram Das,vikram.das4005@example.com,21,Female,Bengaluru,South,2025-03-10,Active
C04006,William Joshi,william.joshi4006@example.com,40,Other,Coimbatore,South,2023-09-19,Active
C04007,Ishita Nair,ishita.nair4007@example.com,18,Other,Jaipur,North,2024-01-14,Active
C04008,Meera Johnson,meera.johnson4008@example.com,28,Other,Pune,West,2023-02-12,Active
C04009,Rohan Smith,rohan.smith4009@example.com,30,Female,Pune,West,2025-01-21,Active
C04010,Aarav Sharma,aarav.sharma4010@example.com,41,Other,Dehradun,North,2023-12-14,Active
C04011,Pooja Taylor,pooja.taylor4011@example.com,35,Female,Patna,East,2023-06-28,Active
C04012,Aditya Anderson,aditya.anderson4012@example.com,20,Other,Bhubaneswar,East,2024-09-09,Active
C04013,Michael Rao,michael.rao4013@example.com,25,Female,Amritsar,North,2024-06-30,Active
C04014,Neha Brown,neha.brown4014@example.com,36,Other,Mumbai,West,2024-10-12,Active
C04015,Sneha Malhotra,,34,Other,Lucknow,North,2024-06-19,Active
C04016,Aanya Joshi,aanya.joshi4016@example.com,29,Other,Kochi,South,2024-01-20,Active
C04017,Isabella Das,isabella.das4017@example.com,30,Female,Nagpur,West,2023-09-20,Inactive
C04018,Olivia Joshi,olivia.joshi4018@example.com,41,Male,Pune,West,2024-02-18,Active
C04019,Olivia Nair,olivia.nair4019@example.com,29,Other,Lucknow,North,2023-03-31,Active
C04020,Rahul Malhotra,rahul.malhotra4020@example.com,34,Female,Delhi,North,2024-12-13,Active
C04021,Michael Smith,michael.smith4021@example.com,56,Female,Delhi,North,2023-12-09,Active
C04022,William Johnson,william.johnson4022@example.com,20,Female,Nagpur,West,2023-01-21,Active
C04023,Meera Anderson,meera.anderson4023@example.com,18,Female,Chennai,South,2023-02-04,Active
C04024,James Rao,james.rao4024@example.com,42,Female,Jaipur,North,2023-10-01,Inactive
C04025,Aarav Joshi,aarav.joshi4025@example.com,28,Female,Bengaluru,South,2024-10-22,Active
C04026,William Joshi,william.joshi4026@example.com,31,Female,Hyderabad,South,2024-12-18,Active
C04027,Mia Singh,mia.singh4027@example.com,27,Male,Amritsar,North,2025-01-22,Active
C04028,Mia Williams,mia.williams4028@example.com,32,Other,Surat,West,2023-10-15,Active
C04029,Nikhil Smith,nikhil.smith4029@example.com,50,Other,Amritsar,North,2024-06-03,Active
C04030,Michael Iyer,michael.iyer4030@example.com,43,Other,Coimbatore,South,2024-09-04,Active
C04031,Pooja Anderson,pooja.anderson4031@example.com,43,Male,Chandigarh,North,2024-08-09,Active
C04032,James Smith,james.smith4032@example.com,20,Other,Bhubaneswar,East,2024-09-24,Inactive
C04033,Aarav Taylor,aarav.taylor4033@example.com,23,Female,Surat,West,2025-03-28,Inactive
C04034,Isabella Wilson,isabella.wilson4034@example.com,18,Other,Kolkata,East,2023-11-06,Active
C04035,James Malhotra,james.malhotra4035@example.com,26,Male,Hyderabad,South,2023-09-26,Active
C04036,Michael Reddy,michael.reddy4036@example.com,44,Other,Nagpur,West,2025-06-04,Active
C04037,Meera Joshi,meera.joshi4037@example.com,40,Male,Mumbai,West,2023-07-11,Inactive
C04038,Michael Verma,michael.verma4038@example.com,32,Other,Chandigarh,North,2024-11-23,Inactive
C04039,Rohan Williams,rohan.williams4039@example.com,34,Other,Chandigarh,North,2023-07-01,Active
C04040,Varun Johnson,varun.johnson4040@example.com,28,Male,Dehradun,North,2024-05-17,Active
C04041,James Iyer,james.iyer4041@example.com,37,Male,Kochi,South,2025-03-02,Active
C04042,Nikhil Taylor,nikhil.taylor4042@example.com,42,Male,Mumbai,West,2024-06-30,Active
C04043,Vikram Verma,vikram.verma4043@example.com,18,Female,Guwahati,East,2024-08-24,Active
C04044,James Moore,james.moore4044@example.com,37,Other,Jaipur,North,2024-07-02,Active
C04045,Olivia Anderson,olivia.anderson4045@example.com,44,Male,Hyderabad,South,2023-12-01,Active
C04046,Neha Das,neha.das4046@example.com,30,Other,Delhi,North,2024-09-17,Inactive
C04047,Karan Davis,karan.davis4047@example.com,42,Male,Mumbai,West,2023-03-07,Active
C04048,Aarav Das,aarav.das4048@example.com,63,Female,Pune,West,2024-09-13,Active
C04049,Kavya Smith,kavya.smith4049@example.com,33,Other,Bhubaneswar,East,2025-03-05,Active
C04050,James Singh,james.singh4050@example.com,38,Other,Hyderabad,South,2024-11-25,Inactive
C04051,Emma Johnson,emma.johnson4051@example.com,27,Male,Chandigarh,North,2024-02-29,Active
C04052,Daniel Joshi,daniel.joshi4052@example.com,36,Other,Chandigarh,North,2023-10-05,Active
C04053,David Miller,david.miller4053@example.com,39,Other,Lucknow,North,2024-08-16,Inactive
C04054,Karan Miller,karan.miller4054@example.com,36,Female,Delhi,North,2025-06-22,Active
C04055,Sanjay Reddy,,24,Female,Mysuru,South,2023-01-02,Active
C04056,Ananya Brown,ananya.brown4056@example.com,37,Male,Mumbai,West,2024-09-05,Inactive
C04057,Neha Patel,neha.patel4057@example.com,49,Female,Nagpur,West,2025-06-19,Active
C04058,Daniel Johnson,daniel.johnson4058@example.com,39,Male,Amritsar,North,2024-06-14,Active
C04059,Priya Joshi,priya.joshi4059@example.com,44,Male,Chandigarh,North,2024-06-25,Active
C04060,Priya Miller,priya.miller4060@example.com,32,Female,Goa,West,2025-05-02,Active
C04061,Olivia Sharma,olivia.sharma4061@example.com,42,Female,Kolkata,East,2023-05-31,Active
C04062,Priya Miller,priya.miller4062@example.com,37,Other,Guwahati,East,2024-04-23,Active
C04063,Meera Johnson,meera.johnson4063@example.com,25,Male,Delhi,North,2024-03-09,Inactive
C04064,Divya Joshi,divya.joshi4064@example.com,38,Male,Dehradun,North,2023-06-25,Active
C04065,Rahul Sharma,rahul.sharma4065@example.com,25,Other,Surat,West,2023-02-03,Active
C04066,Divya Kumar,divya.kumar4066@example.com,28,Female,Jaipur,North,2023-02-28,Active
C04067,Rohan Wilson,rohan.wilson4067@example.com,36,Female,Kochi,South,2023-10-15,Active
C04068,Karan Miller,karan.miller4068@example.com,37,Other,Guwahati,East,2023-07-08,Active
C04069,Olivia Brown,olivia.brown4069@example.com,23,Male,Guwahati,East,2023-03-25,Active
C04070,Neha Verma,neha.verma4070@example.com,45,Other,Bhubaneswar,East,2025-06-16,Active
C04071,Aarav Williams,aarav.williams4071@example.com,40,Male,Goa,West,2023-06-09,Inactive
C04072,Sneha Sharma,sneha.sharma4072@example.com,27,Male,Ahmedabad,West,2024-07-18,Inactive
C04073,William Moore,william.moore4073@example.com,19,Male,Surat,West,2023-09-13,Active
C04074,Rahul Anderson,rahul.anderson4074@example.com,33,Female,Mumbai,West,2023-09-06,Active
C04075,Neha Patel,neha.patel4075@example.com,30,Female,Mysuru,South,2023-12-30,Active
C04076,Sanjay Anderson,sanjay.anderson4076@example.com,36,Male,Ahmedabad,West,2024-12-17,Active
C04077,Michael Mehta,michael.mehta4077@example.com,31,Other,Ahmedabad,West,2023-01-17,Inactive
C04078,Vikram Smith,vikram.smith4078@example.com,18,Other,Nagpur,West,2023-05-31,Active
C04079,Sneha Smith,sneha.smith4079@example.com,31,Female,Surat,West,2023-10-11,Inactive
C04080,Rahul Gupta,rahul.gupta4080@example.com,31,Male,Surat,West,2023-08-25,Active
C04081,Sophia Malhotra,sophia.malhotra4081@example.com,41,Other,Surat,West,2025-03-05,Active
C04082,Varun Reddy,varun.reddy4082@example.com,28,Male,Ahmedabad,West,2024-01-17,Active
C04083,David Verma,david.verma4083@example.com,51,Male,Nagpur,West,2025-02-05,Active
C04084,Divya Smith,divya.smith4084@example.com,18,Female,Bhubaneswar,East,2023-07-08,Active
C04085,Divya Singh,divya.singh4085@example.com,48,Male,Goa,West,2024-01-29,Active
C04086,Mia Williams,mia.williams4086@example.com,32,Other,Chandigarh,North,2024-02-22,Active
C04087,Divya Williams,divya.williams4087@example.com,43,Other,Ranchi,East,2024-11-04,Inactive
C04088,Aditya Anderson,aditya.anderson4088@example.com,35,Other,Bengaluru,South,2025-01-22,Active
C04089,Sanjay Malhotra,sanjay.malhotra4089@example.com,46,Other,Goa,West,2024-05-22,Active
C04090,Mia Anderson,mia.anderson4090@example.com,31,Female,Chennai,South,2023-01-13,Active
C04091,Sanjay Verma,sanjay.verma4091@example.com,24,Male,Chennai,South,2024-06-19,Inactive
C04092,William Rao,william.rao4092@example.com,49,Male,Guwahati,East,2023-12-02,Active
C04093,Arjun Singh,arjun.singh4093@example.com,33,Male,Coimbatore,South,2024-02-17,Active
C04094,Neha Nair,neha.nair4094@example.com,37,Male,Delhi,North,2024-10-30,Inactive
C04095,Rahul Davis,rahul.davis4095@example.com,47,Other,Surat,West,2025-02-03,Inactive
C04096,Isabella Patel,isabella.patel4096@example.com,24,Female,Bhubaneswar,East,2025-01-18,Inactive
C04097,Neha Kumar,neha.kumar4097@example.com,40,Male,Jaipur,North,2023-07-29,Active
C04098,Rahul Miller,rahul.miller4098@example.com,29,Other,Ahmedabad,West,2024-04-26,Active
C04099,Aditya Wilson,aditya.wilson4099@example.com,33,Female,Nagpur,West,2023-11-01,Active
C04100,Mia Sharma,mia.sharma4100@example.com,35,Female,Chennai,South,2024-09-27,Inactive
C04101,Sanjay Verma,sanjay.verma4101@example.com,19,Male,Hyderabad,South,2023-12-11,Inactive
C04102,Mia Brown,mia.brown4102@example.com,27,Female,Amritsar,North,2024-03-14,Active
C04103,Vikram Johnson,vikram.johnson4103@example.com,48,Other,Amritsar,North,2024-02-15,Active
C04104,Isabella Das,isabella.das4104@example.com,43,Female,Dehradun,North,2024-06-30,Active
C04105,Pooja Wilson,pooja.wilson4105@example.com,34,Female,Delhi,North,2023-09-09,Active
C04106,Divya Kapoor,divya.kapoor4106@example.com,37,Female,Chandigarh,North,2023-04-13,Inactive
C04107,Aditya Brown,aditya.brown4107@example.com,32,Male,Goa,West,2025-02-14,Active
C04108,Neha Rao,neha.rao4108@example.com,48,Female,Kolkata,East,2024-05-17,Active
C04109,Sneha Reddy,sneha.reddy4109@example.com,32,Other,Chennai,South,2023-07-18,Active
C04110,Ananya Sharma,ananya.sharma4110@example.com,37,Male,Ranchi,East,2024-05-23,Active
C04111,Priya Reddy,priya.reddy4111@example.com,46,Female,Mysuru,South,2023-12-25,Active
C04112,Michael Williams,michael.williams4112@example.com,27,Other,Mumbai,West,2023-07-03,Inactive
C04113,Aditya Davis,aditya.davis4113@example.com,50,Other,Mysuru,South,2025-05-05,Active
C04114,Rohan Smith,rohan.smith4114@example.com,19,Female,Amritsar,North,2023-07-18,Active
C04115,Neha Taylor,neha.taylor4115@example.com,51,Male,Jaipur,North,2025-04-09,Active
C04116,Isabella Malhotra,isabella.malhotra4116@example.com,31,Female,Patna,East,2024-07-17,Active
C04117,Meera Sharma,meera.sharma4117@example.com,32,Female,Ranchi,East,2025-02-06,Inactive
C04118,Michael Rao,michael.rao4118@example.com,18,Female,Pune,West,2023-03-09,Inactive
C04119,William Brown,william.brown4119@example.com,30,Female,Dehradun,North,2023-11-26,Active
C04120,Daniel Patel,daniel.patel4120@example.com,24,Other,Chandigarh,North,2024-07-24,Inactive
C04121,Pooja Moore,pooja.moore4121@example.com,28,Male,Kolkata,East,2024-11-04,Active
C04122,Vikram Das,vikram.das4122@example.com,33,Female,Kolkata,East,2023-07-17,Inactive
C04123,William Reddy,william.reddy4123@example.com,44,Other,Amritsar,North,2025-03-24,Active
C04124,Ishita Johnson,ishita.johnson4124@example.com,37,Other,Lucknow,North,2023-03-22,Active
C04125,David Malhotra,david.malhotra4125@example.com,38,Female,Lucknow,North,2023-10-05,Active
C04126,Ishita Rao,ishita.rao4126@example.com,24,Other,Nagpur,West,2024-11-13,Active
C04127,Daniel Brown,daniel.brown4127@example.com,26,Female,Mumbai,West,2023-01-03,Active
C04128,Sneha Sharma,sneha.sharma4128@example.com,52,Other,Amritsar,North,2023-11-15,Active
C04129,Kavya Mehta,kavya.mehta4129@example.com,27,Male,Kolkata,East,2025-02-18,Active
C04130,Arjun Johnson,arjun.johnson4130@example.com,51,Male,Bengaluru,South,2024-11-28,Active
C04131,Michael Verma,michael.verma4131@example.com,32,Other,Surat,West,2025-01-18,Active
C04132,Kavya Joshi,kavya.joshi4132@example.com,35,Other,Guwahati,East,2023-10-13,Active
C04133,Nikhil Johnson,nikhil.johnson4133@example.com,45,Other,Dehradun,North,2023-01-13,Active
C04134,Divya Moore,divya.moore4134@example.com,47,Female,Bhubaneswar,East,2023-04-03,Inactive
C04135,James Kapoor,james.kapoor4135@example.com,33,Other,Ahmedabad,West,2024-09-06,Active
C04136,Sneha Iyer,sneha.iyer4136@example.com,31,Other,Mysuru,South,2024-03-03,Active
C04137,Divya Malhotra,divya.malhotra4137@example.com,34,Female,Jaipur,North,2023-09-27,Inactive
C04138,Pooja Patel,pooja.patel4138@example.com,38,Other,Chandigarh,North,2025-01-07,Inactive
C04139,Divya Verma,divya.verma4139@example.com,43,Male,Mumbai,West,2024-11-26,Active
C04140,William Taylor,william.taylor4140@example.com,35,Other,Amritsar,North,2024-10-06,Inactive
C04141,Arjun Reddy,arjun.reddy4141@example.com,41,Male,Bhubaneswar,East,2024-11-28,Inactive
C04142,Karan Kumar,karan.kumar4142@example.com,51,Male,Kochi,South,2023-12-10,Active
C04143,Aanya Iyer,aanya.iyer4143@example.com,38,Male,Guwahati,East,2025-03-30,Active
C04144,Ananya Kumar,ananya.kumar4144@example.com,38,Other,Mysuru,South,2024-11-02,Active
C04145,Sophia Wilson,sophia.wilson4145@example.com,19,Other,Ranchi,East,2023-06-12,Active
C04146,Divya Brown,divya.brown4146@example.com,18,Other,Bhubaneswar,East,2023-01-08,Active
C04147,James Mehta,james.mehta4147@example.com,38,Female,Patna,East,2024-05-06,Active
C04148,Olivia Wilson,olivia.wilson4148@example.com,34,Male,Amritsar,North,2024-10-17,Inactive
C04149,Michael Reddy,michael.reddy4149@example.com,29,Female,Chandigarh,North,2024-02-04,Active
C04150,Varun Mehta,varun.mehta4150@example.com,37,Female,Bhubaneswar,East,2025-06-16,Active
C04151,Rahul Kapoor,rahul.kapoor4151@example.com,34,Male,Surat,West,2023-09-12,Active
C04152,Ishita Rao,ishita.rao4152@example.com,46,Male,Mumbai,West,2023-05-22,Active
C04153,Kavya Nair,kavya.nair4153@example.com,35,Male,Dehradun,North,2023-05-13,Active
C04154,Rohan Joshi,rohan.joshi4154@example.com,27,Other,Mumbai,West,2024-02-15,Active
C04155,Sneha Patel,sneha.patel4155@example.com,44,Female,Chandigarh,North,2024-02-10,Active
C04156,Aanya Singh,aanya.singh4156@example.com,32,Other,Lucknow,North,2024-06-27,Inactive
C04157,Daniel Kapoor,daniel.kapoor4157@example.com,40,Female,Dehradun,North,2025-05-07,Active
C04158,Isabella Gupta,isabella.gupta4158@example.com,30,Other,Delhi,North,2023-02-14,Active
C04159,Sophia Taylor,sophia.taylor4159@example.com,28,Male,Hyderabad,South,2024-10-16,Active
C04160,Aarav Davis,aarav.davis4160@example.com,35,Female,Bhubaneswar,East,2023-12-14,Active
C04161,Michael Das,michael.das4161@example.com,35,Other,Kochi,South,2024-04-23,Active
C04162,Isabella Kumar,isabella.kumar4162@example.com,39,Other,Bhubaneswar,East,2024-10-26,Inactive
C04163,Aanya Davis,aanya.davis4163@example.com,32,Other,Mumbai,West,2024-06-30,Active
C04164,Ishita Brown,ishita.brown4164@example.com,18,Female,Kochi,South,2024-11-08,Active
C04165,Rahul Patel,rahul.patel4165@example.com,30,Female,Guwahati,East,2023-10-20,Active
C04166,Mia Iyer,mia.iyer4166@example.com,42,Male,Patna,East,2024-06-10,Active
C04167,Kavya Kumar,kavya.kumar4167@example.com,32,Other,Dehradun,North,2024-07-15,Active
C04168,Sanjay Gupta,sanjay.gupta4168@example.com,32,Female,Patna,East,2025-06-26,Inactive
C04169,Karan Joshi,karan.joshi4169@example.com,44,Male,Patna,East,2025-06-06,Active
C04170,Ananya Brown,ananya.brown4170@example.com,27,Other,Bhubaneswar,East,2024-05-21,Active
C04171,Aarav Rao,aarav.rao4171@example.com,19,Female,Surat,West,2023-04-16,Active
C04172,Kavya Kapoor,kavya.kapoor4172@example.com,33,Male,Chennai,South,2024-04-03,Active
C04173,Rahul Anderson,rahul.anderson4173@example.com,30,Female,Nagpur,West,2024-02-20,Active
C04174,Sophia Reddy,sophia.reddy4174@example.com,25,Female,Chennai,South,2024-05-31,Active
C04175,Rohan Wilson,rohan.wilson4175@example.com,33,Male,Lucknow,North,2023-03-11,Active
C04176,Pooja Kumar,pooja.kumar4176@example.com,39,Female,Chandigarh,North,2024-03-09,Active
C04177,Aanya Das,aanya.das4177@example.com,34,Male,Goa,West,2023-07-03,Active
C04178,Sneha Williams,sneha.williams4178@example.com,38,Female,Jaipur,North,2023-11-11,Active
C04179,James Joshi,james.joshi4179@example.com,53,Female,Kolkata,East,2025-01-19,Active
C04180,Olivia Iyer,olivia.iyer4180@example.com,31,Other,Hyderabad,South,2024-04-23,Active
C04181,Ananya Williams,ananya.williams4181@example.com,37,Other,Ranchi,East,2023-03-23,Active
C04182,Emma Nair,emma.nair4182@example.com,29,Other,Surat,West,2024-02-19,Active
C04183,Karan Kumar,karan.kumar4183@example.com,26,Other,Ahmedabad,West,2023-08-29,Active
C04184,Pooja Mehta,pooja.mehta4184@example.com,29,Other,Guwahati,East,2024-11-17,Active
C04185,Aarav Das,aarav.das4185@example.com,30,Other,Goa,West,2024-04-24,Active
C04186,Emma Moore,emma.moore4186@example.com,38,Female,Bengaluru,South,2025-05-17,Active
C04187,Vikram Rao,vikram.rao4187@example.com,58,Male,Amritsar,North,2025-04-05,Active
C04188,Aarav Davis,aarav.davis4188@example.com,27,Female,Bengaluru,South,2024-03-18,Active
C04189,Isabella Singh,isabella.singh4189@example.com,30,Other,Bengaluru,South,2024-12-24,Active
C04190,Sophia Wilson,sophia.wilson4190@example.com,34,Male,Pune,West,2023-08-04,Active
C04191,Vikram Patel,vikram.patel4191@example.com,38,Male,Ahmedabad,West,2025-06-08,Active
C04192,Sneha Anderson,sneha.anderson4192@example.com,37,Male,Chennai,South,2025-04-15,Active
C04193,Divya Williams,divya.williams4193@example.com,47,Other,Surat,West,2023-07-11,Active
C04194,Mia Rao,mia.rao4194@example.com,18,Other,Surat,West,2024-12-27,Active
C04195,Aanya Singh,aanya.singh4195@example.com,18,Male,Bhubaneswar,East,2024-12-03,Active
C04196,James Sharma,james.sharma4196@example.com,30,Male,Lucknow,North,2024-03-09,Active
C04197,Sanjay Mehta,sanjay.mehta4197@example.com,45,Female,Bengaluru,South,2023-05-22,Active
C04198,Olivia Reddy,olivia.reddy4198@example.com,19,Other,Ranchi,East,2024-08-28,Active
C04199,Pooja Iyer,pooja.iyer4199@example.com,18,Female,Dehradun,North,2025-06-01,Active
C04200,Rahul Joshi,rahul.joshi4200@example.com,40,Male,Patna,East,2024-03-29,Active
C04201,Kavya Rao,kavya.rao4201@example.com,37,Male,Jaipur,North,2023-01-31,Active
C04202,Sneha Gupta,sneha.gupta4202@example.com,24,Other,Ahmedabad,West,2023-06-08,Active
C04203,Emma Anderson,emma.anderson4203@example.com,25,Male,Nagpur,West,2023-05-12,Active
C04204,Rohan Gupta,rohan.gupta4204@example.com,25,Male,Surat,West,2024-02-29,Inactive
C04205,Karan Nair,karan.nair4205@example.com,36,Other,Chandigarh,North,2024-05-04,Active
C04206,Rohan Johnson,rohan.johnson4206@example.com,28,Female,Mumbai,West,2023-02-23,Active
C04207,Divya Iyer,divya.iyer4207@example.com,39,Male,Lucknow,North,2024-09-30,Active
C04208,Daniel Nair,daniel.nair4208@example.com,18,Male,Bhubaneswar,East,2025-01-15,Inactive
C04209,Neha Taylor,neha.taylor4209@example.com,26,Male,Nagpur,West,2023-05-16,Inactive
C04210,Olivia Miller,olivia.miller4210@example.com,23,Female,Kolkata,East,2024-04-29,Active
C04211,Priya Kapoor,priya.kapoor4211@example.com,32,Female,Guwahati,East,2024-03-06,Active
C04212,William Verma,william.verma4212@example.com,29,Male,Chandigarh,North,2025-05-12,Active
C04213,Sophia Smith,sophia.smith4213@example.com,42,Other,Pune,West,2024-01-01,Active
C04214,Meera Taylor,meera.taylor4214@example.com,18,Male,Ahmedabad,West,2023-10-17,Active
C04215,Divya Brown,divya.brown4215@example.com,35,Other,Patna,East,2024-08-23,Active
C04216,James Anderson,james.anderson4216@example.com,40,Other,Coimbatore,South,2024-11-26,Active
C04217,Sophia Reddy,sophia.reddy4217@example.com,53,Female,Guwahati,East,2024-09-05,Inactive
C04218,Varun Taylor,varun.taylor4218@example.com,30,Other,Mumbai,West,2025-06-29,Active
C04219,Isabella Nair,isabella.nair4219@example.com,38,Other,Kolkata,East,2024-12-20,Active
C04220,William Kapoor,william.kapoor4220@example.com,18,Female,Bengaluru,South,2023-10-31,Active
C04221,Sneha Williams,sneha.williams4221@example.com,18,Female,Mysuru,South,2024-01-26,Active
C04222,James Johnson,james.johnson4222@example.com,43,Other,Jaipur,North,2024-12-21,Inactive
C04223,Isabella Kumar,isabella.kumar4223@example.com,34,Female,Dehradun,North,2024-09-22,Active
C04224,Vikram Sharma,vikram.sharma4224@example.com,46,Male,Bhubaneswar,East,2024-12-17,Active
C04225,Emma Moore,emma.moore4225@example.com,21,Male,Surat,West,2023-05-21,Inactive
C04226,Neha Verma,neha.verma4226@example.com,40,Other,Ranchi,East,2023-06-15,Active
C04227,Sanjay Moore,sanjay.moore4227@example.com,53,Female,Nagpur,West,2023-03-07,Inactive
C04228,Rohan Malhotra,rohan.malhotra4228@example.com,39,Other,Bengaluru,South,2024-10-20,Active
C04229,Aditya Wilson,aditya.wilson4229@example.com,37,Other,Mumbai,West,2025-05-18,Active
C04230,Aanya Joshi,aanya.joshi4230@example.com,35,Other,Goa,West,2023-03-20,Inactive
C04231,Emma Mehta,emma.mehta4231@example.com,19,Other,Mysuru,South,2024-10-19,Active
C04232,Emma Williams,emma.williams4232@example.com,48,Other,Ranchi,East,2024-07-03,Inactive
C04233,Aarav Anderson,aarav.anderson4233@example.com,28,Other,Ranchi,East,2023-11-29,Active
C04234,Vikram Williams,vikram.williams4234@example.com,40,Female,Goa,West,2023-07-17,Inactive
C04235,Isabella Davis,isabella.davis4235@example.com,19,Female,Hyderabad,South,2023-06-07,Active
C04236,William Johnson,william.johnson4236@example.com,23,Male,Delhi,North,2024-08-10,Inactive
C04237,Karan Joshi,karan.joshi4237@example.com,49,Male,Mumbai,West,2023-01-08,Active
C04238,David Iyer,david.iyer4238@example.com,31,Other,Patna,East,2024-04-05,Active
C04239,Aditya Brown,aditya.brown4239@example.com,49,Other,Ahmedabad,West,2024-06-19,Inactive
C04240,Michael Anderson,michael.anderson4240@example.com,34,Female,Patna,East,2025-06-28,Active
C04241,Vikram Brown,vikram.brown4241@example.com,18,Female,Jaipur,North,2023-10-09,Active
C04242,Sanjay Malhotra,sanjay.malhotra4242@example.com,43,Female,Chandigarh,North,2024-06-17,Active
C04243,Isabella Singh,isabella.singh4243@example.com,29,Female,Goa,West,2024-11-30,Active
C04244,Karan Das,karan.das4244@example.com,41,Female,Chandigarh,North,2023-11-29,Active
C04245,Isabella Nair,isabella.nair4245@example.com,35,Female,Chennai,South,2023-03-12,Active
C04246,Aarav Singh,aarav.singh4246@example.com,19,Male,Ahmedabad,West,2023-07-26,Active
C04247,Sanjay Anderson,sanjay.anderson4247@example.com,36,Male,Mumbai,West,2025-05-06,Active
C04248,Emma Reddy,emma.reddy4248@example.com,56,Female,Mumbai,West,2023-01-21,Inactive
C04249,Aanya Davis,aanya.davis4249@example.com,39,Female,Pune,West,2025-04-09,Inactive
C04250,Sanjay Miller,sanjay.miller4250@example.com,34,Female,Bengaluru,South,2023-03-04,Active
C04251,Kavya Davis,kavya.davis4251@example.com,45,Other,Kolkata,East,2024-07-01,Active
C04252,Rohan Mehta,rohan.mehta4252@example.com,37,Other,Kolkata,East,2024-08-15,Active
C04253,Arjun Davis,arjun.davis4253@example.com,37,Female,Nagpur,West,2024-09-02,Active
C04254,William Mehta,william.mehta4254@example.com,24,Female,Pune,West,2023-06-06,Active
C04255,Ishita Joshi,ishita.joshi4255@example.com,37,Other,Jaipur,North,2023-10-04,Active
C04256,Mia Patel,mia.patel4256@example.com,45,Female,Patna,East,2023-07-29,Active
C04257,Pooja Nair,pooja.nair4257@example.com,26,Other,Nagpur,West,2023-01-15,Active
C04258,Daniel Rao,daniel.rao4258@example.com,49,Other,Nagpur,West,2023-09-15,Active
C04259,William Miller,william.miller4259@example.com,34,Other,Guwahati,East,2023-02-16,Active
C04260,Priya Moore,priya.moore4260@example.com,26,Other,Mumbai,West,2023-09-14,Active
C04261,Arjun Das,arjun.das4261@example.com,44,Other,Jaipur,North,2024-09-06,Inactive
C04262,Sanjay Mehta,sanjay.mehta4262@example.com,32,Other,Chennai,South,2025-05-11,Inactive
C04263,Isabella Nair,isabella.nair4263@example.com,42,Male,Pune,West,2023-02-11,Active
C04264,Nikhil Brown,nikhil.brown4264@example.com,32,Female,Nagpur,West,2024-06-29,Active
C04265,Ishita Kumar,ishita.kumar4265@example.com,34,Other,Guwahati,East,2023-11-13,Active
C04266,Vikram Wilson,vikram.wilson4266@example.com,39,Other,Nagpur,West,2025-01-08,Active
C04267,Sanjay Anderson,sanjay.anderson4267@example.com,37,Other,Amritsar,North,2023-05-13,Inactive
C04268,Isabella Joshi,isabella.joshi4268@example.com,18,Other,Guwahati,East,2024-06-10,Active
C04269,Varun Kapoor,varun.kapoor4269@example.com,23,Male,Kolkata,East,2023-09-08,Active
C04270,David Kapoor,david.kapoor4270@example.com,44,Male,Bengaluru,South,2025-01-24,Active
C04271,Divya Anderson,divya.anderson4271@example.com,33,Female,Nagpur,West,2023-06-19,Active
C04272,Mia Smith,mia.smith4272@example.com,29,Male,Ahmedabad,West,2023-04-12,Inactive
C04273,James Sharma,james.sharma4273@example.com,21,Female,Pune,West,2024-02-17,Active
C04274,Daniel Wilson,daniel.wilson4274@example.com,24,Male,Mysuru,South,2024-01-16,Active
C04275,Kavya Smith,kavya.smith4275@example.com,18,Male,Chandigarh,North,2023-10-29,Active
C04276,William Iyer,william.iyer4276@example.com,33,Other,Ahmedabad,West,2023-11-16,Active
C04277,Mia Singh,mia.singh4277@example.com,29,Male,Chandigarh,North,2023-05-17,Active
C04278,Daniel Brown,daniel.brown4278@example.com,25,Male,Bengaluru,South,2024-04-06,Active
C04279,David Verma,david.verma4279@example.com,34,Male,Jaipur,North,2024-04-27,Active
C04280,James Anderson,james.anderson4280@example.com,38,Female,Delhi,North,2023-11-20,Inactive
C04281,Olivia Johnson,olivia.johnson4281@example.com,55,Female,Mumbai,West,2025-04-09,Active
C04282,Aditya Moore,aditya.moore4282@example.com,19,Female,Goa,West,2023-03-14,Active
C04283,Pooja Iyer,pooja.iyer4283@example.com,46,Female,Surat,West,2023-07-27,Active
C04284,Kavya Davis,kavya.davis4284@example.com,44,Other,Amritsar,North,2023-02-10,Inactive
C04285,Sanjay Reddy,sanjay.reddy4285@example.com,27,Female,Kochi,South,2024-08-20,Active
C04286,Aanya Johnson,aanya.johnson4286@example.com,37,Other,Goa,West,2023-11-06,Active
C04287,Karan Johnson,karan.johnson4287@example.com,30,Male,Pune,West,2024-06-01,Active
C04288,Rohan Smith,rohan.smith4288@example.com,36,Male,Surat,West,2025-05-31,Active
C04289,Pooja Joshi,pooja.joshi4289@example.com,50,Male,Dehradun,North,2023-06-04,Active
C04290,Ananya Verma,ananya.verma4290@example.com,41,Male,Nagpur,West,2024-10-08,Active
C04291,Isabella Iyer,isabella.iyer4291@example.com,40,Other,Dehradun,North,2023-04-01,Active
C04292,Mia Williams,mia.williams4292@example.com,30,Other,Jaipur,North,2025-03-19,Active
C04293,Sophia Anderson,sophia.anderson4293@example.com,20,Male,Nagpur,West,2024-06-07,Active
C04294,William Brown,william.brown4294@example.com,32,Male,Dehradun,North,2024-02-16,Active
C04295,Aanya Malhotra,aanya.malhotra4295@example.com,47,Other,Delhi,North,2023-05-16,Active
C04296,Kavya Singh,kavya.singh4296@example.com,19,Female,Coimbatore,South,2024-07-20,Active
C04297,Vikram Moore,vikram.moore4297@example.com,24,Other,Bengaluru,South,2024-11-09,Inactive
C04298,Neha Davis,neha.davis4298@example.com,36,Female,Nagpur,West,2023-02-17,Active
C04299,Meera Brown,meera.brown4299@example.com,25,Female,Kolkata,East,2024-04-16,Active
C04300,Sophia Taylor,sophia.taylor4300@example.com,27,Male,Goa,West,2023-07-15,Active
C04301,Sophia Brown,sophia.brown4301@example.com,30,Female,Mumbai,West,2023-08-30,Active
C04302,David Gupta,david.gupta4302@example.com,21,Male,Mysuru,South,2023-11-27,Active
C04303,Isabella Anderson,isabella.anderson4303@example.com,25,Female,Dehradun,North,2024-03-26,Active
C04304,Rahul Miller,rahul.miller4304@example.com,42,Male,Lucknow,North,2024-06-21,Active
C04305,Vikram Moore,vikram.moore4305@example.com,21,Female,Coimbatore,South,2023-09-27,Active
C04306,Kavya Gupta,kavya.gupta4306@example.com,19,Male,Guwahati,East,2023-03-20,Active
C04307,Aanya Miller,aanya.miller4307@example.com,28,Other,Ranchi,East,2023-04-15,Active
C04308,Sophia Iyer,sophia.iyer4308@example.com,42,Male,Mysuru,South,2023-07-23,Active
C04309,Aditya Miller,aditya.miller4309@example.com,33,Female,Mumbai,West,2025-04-18,Inactive
C04310,Aanya Williams,aanya.williams4310@example.com,30,Other,Dehradun,North,2024-03-24,Inactive
C04311,Nikhil Johnson,nikhil.johnson4311@example.com,35,Male,Goa,West,2025-06-13,Inactive
C04312,Neha Anderson,neha.anderson4312@example.com,18,Other,Mysuru,South,2023-10-01,Active
C04313,Meera Brown,meera.brown4313@example.com,39,Other,Patna,East,2025-04-09,Active
C04314,Emma Kapoor,emma.kapoor4314@example.com,38,Female,Kochi,South,2025-04-13,Active
C04315,Rahul Davis,rahul.davis4315@example.com,30,Female,Pune,West,2024-05-06,Active
C04316,Olivia Gupta,olivia.gupta4316@example.com,45,Male,Goa,West,2023-12-30,Active
C04317,Nikhil Moore,nikhil.moore4317@example.com,23,Male,Ahmedabad,West,2024-09-07,Inactive
C04318,Nikhil Rao,nikhil.rao4318@example.com,46,Male,Mysuru,South,2024-06-05,Active
C04319,Aanya Singh,aanya.singh4319@example.com,36,Other,Mysuru,South,2025-04-29,Active
C04320,Daniel Verma,daniel.verma4320@example.com,31,Male,Patna,East,2023-08-21,Active
C04321,Isabella Taylor,isabella.taylor4321@example.com,34,Female,Chandigarh,North,2023-03-12,Active
C04322,Sneha Williams,sneha.williams4322@example.com,33,Female,Guwahati,East,2025-03-27,Active
C04323,Neha Nair,neha.nair4323@example.com,47,Female,Pune,West,2025-05-16,Active
C04324,Priya Taylor,priya.taylor4324@example.com,24,Male,Ranchi,East,2023-12-20,Active
C04325,Neha Miller,neha.miller4325@example.com,27,Male,Guwahati,East,2024-10-04,Active
C04326,Arjun Malhotra,arjun.malhotra4326@example.com,45,Male,Chandigarh,North,2023-12-11,Active
C04327,Arjun Smith,arjun.smith4327@example.com,29,Other,Bengaluru,South,2023-04-07,Active
C04328,William Nair,william.nair4328@example.com,44,Male,Dehradun,North,2023-08-22,Active
C04329,Olivia Brown,olivia.brown4329@example.com,51,Female,Patna,East,2024-12-16,Inactive
C04330,Rohan Moore,rohan.moore4330@example.com,30,Female,Guwahati,East,2025-04-10,Active
C04331,Rahul Williams,rahul.williams4331@example.com,41,Other,Dehradun,North,2025-05-30,Active
C04332,Olivia Miller,olivia.miller4332@example.com,23,Male,Ahmedabad,West,2023-07-26,Active
C04333,Meera Miller,meera.miller4333@example.com,42,Female,Jaipur,North,2025-02-06,Active
C04334,William Verma,william.verma4334@example.com,36,Male,Nagpur,West,2024-07-25,Inactive
C04335,Nikhil Malhotra,nikhil.malhotra4335@example.com,39,Male,Surat,West,2024-09-06,Active
C04336,Meera Reddy,meera.reddy4336@example.com,28,Male,Surat,West,2023-05-23,Inactive
C04337,Vikram Verma,vikram.verma4337@example.com,18,Male,Pune,West,2023-05-18,Active
C04338,Olivia Moore,olivia.moore4338@example.com,40,Male,Bengaluru,South,2023-10-03,Active
C04339,David Gupta,david.gupta4339@example.com,18,Other,Delhi,North,2024-03-24,Inactive
C04340,Pooja Das,pooja.das4340@example.com,31,Other,Kochi,South,2025-01-28,Active
C04341,Divya Reddy,divya.reddy4341@example.com,44,Female,Surat,West,2023-06-03,Active
C04342,Ananya Mehta,ananya.mehta4342@example.com,36,Female,Ranchi,East,2023-01-28,Active
C04343,Michael Das,michael.das4343@example.com,54,Male,Bengaluru,South,2024-04-13,Active
C04344,Meera Nair,meera.nair4344@example.com,45,Male,Ahmedabad,West,2025-06-08,Active
C04345,Kavya Joshi,kavya.joshi4345@example.com,28,Male,Delhi,North,2024-05-16,Active
C04346,Arjun Williams,arjun.williams4346@example.com,35,Other,Pune,West,2025-03-12,Active
C04347,Daniel Iyer,daniel.iyer4347@example.com,34,Female,Goa,West,2024-08-19,Active
C04348,Olivia Malhotra,olivia.malhotra4348@example.com,19,Female,Kochi,South,2025-05-21,Inactive
C04349,Divya Patel,divya.patel4349@example.com,25,Male,Lucknow,North,2023-08-10,Inactive
C04350,Priya Taylor,priya.taylor4350@example.com,29,Female,Kolkata,East,2023-12-18,Active
C04351,Michael Nair,michael.nair4351@example.com,18,Other,Chennai,South,2023-09-19,Inactive
C04352,Rahul Verma,rahul.verma4352@example.com,35,Other,Surat,West,2024-07-02,Active
C04353,Pooja Anderson,pooja.anderson4353@example.com,32,Male,Lucknow,North,2023-08-28,Active
C04354,Karan Taylor,karan.taylor4354@example.com,18,Other,Patna,East,2024-12-13,Active
C04355,Varun Gupta,varun.gupta4355@example.com,39,Male,Ahmedabad,West,2024-01-02,Active
C04356,Nikhil Smith,nikhil.smith4356@example.com,42,Other,Guwahati,East,2024-04-22,Active
C04357,Arjun Singh,arjun.singh4357@example.com,37,Other,Bhubaneswar,East,2023-01-09,Active
C04358,Sneha Malhotra,sneha.malhotra4358@example.com,31,Female,Patna,East,2024-10-28,Active
C04359,Rohan Patel,rohan.patel4359@example.com,40,Other,Amritsar,North,2024-06-25,Active
C04360,Ananya Taylor,ananya.taylor4360@example.com,41,Other,Delhi,North,2024-07-02,Active
C04361,Neha Gupta,neha.gupta4361@example.com,38,Other,Hyderabad,South,2023-03-28,Active
C04362,Sneha Kapoor,sneha.kapoor4362@example.com,26,Female,Lucknow,North,2024-07-01,Active
C04363,Pooja Johnson,pooja.johnson4363@example.com,37,Male,Delhi,North,2024-07-15,Active
C04364,Olivia Joshi,olivia.joshi4364@example.com,46,Other,Amritsar,North,2024-06-21,Active
C04365,Aditya Anderson,aditya.anderson4365@example.com,29,Female,Bhubaneswar,East,2025-05-09,Active
C04366,Isabella Kapoor,isabella.kapoor4366@example.com,55,Other,Jaipur,North,2024-11-03,Active
C04367,Vikram Verma,vikram.verma4367@example.com,29,Other,Lucknow,North,2025-01-30,Active
C04368,Aanya Verma,aanya.verma4368@example.com,35,Male,Mumbai,West,2023-02-25,Active
C04369,Daniel Moore,daniel.moore4369@example.com,28,Female,Ahmedabad,West,2024-12-13,Active
C04370,Priya Nair,priya.nair4370@example.com,37,Other,Bhubaneswar,East,2023-04-08,Active
C04371,Karan Kapoor,karan.kapoor4371@example.com,18,Female,Hyderabad,South,2023-02-07,Active
C04372,Aditya Taylor,aditya.taylor4372@example.com,29,Other,Lucknow,North,2024-08-02,Active
C04373,Meera Rao,meera.rao4373@example.com,24,Male,Chandigarh,North,2025-05-19,Active
C04374,Rahul Singh,rahul.singh4374@example.com,36,Female,Bengaluru,South,2023-02-08,Active
C04375,Isabella Williams,isabella.williams4375@example.com,44,Male,Bhubaneswar,East,2023-07-08,Active
C04376,Karan Singh,karan.singh4376@example.com,41,Other,Lucknow,North,2023-01-29,Active
C04377,Ananya Anderson,ananya.anderson4377@example.com,18,Male,Delhi,North,2023-09-20,Active
C04378,Varun Kumar,varun.kumar4378@example.com,55,Male,Bengaluru,South,2023-08-22,Active
C04379,Sanjay Joshi,sanjay.joshi4379@example.com,37,Male,Bhubaneswar,East,2025-03-26,Active
C04380,Divya Mehta,divya.mehta4380@example.com,27,Female,Mysuru,South,2025-05-02,Inactive
C04381,Rahul Gupta,rahul.gupta4381@example.com,36,Female,Patna,East,2023-07-10,Active
C04382,Divya Malhotra,divya.malhotra4382@example.com,36,Female,Patna,East,2025-03-23,Active
C04383,Sanjay Kapoor,sanjay.kapoor4383@example.com,28,Female,Guwahati,East,2023-07-17,Active
C04384,Sophia Williams,sophia.williams4384@example.com,36,Female,Dehradun,North,2023-09-11,Active
C04385,Olivia Brown,olivia.brown4385@example.com,28,Other,Nagpur,West,2025-06-06,Inactive
C04386,Kavya Miller,kavya.miller4386@example.com,30,Other,Guwahati,East,2024-01-05,Active
C04387,Ishita Joshi,ishita.joshi4387@example.com,28,Male,Pune,West,2023-12-09,Active
C04388,Ishita Iyer,ishita.iyer4388@example.com,20,Other,Surat,West,2025-05-17,Active
C04389,Priya Das,priya.das4389@example.com,36,Male,Surat,West,2025-06-12,Active
C04390,Mia Kapoor,mia.kapoor4390@example.com,40,Female,Amritsar,North,2023-11-04,Active
C04391,Sneha Rao,sneha.rao4391@example.com,40,Female,Ahmedabad,West,2025-05-19,Active
C04392,Neha Malhotra,neha.malhotra4392@example.com,43,Female,Bhubaneswar,East,2025-02-22,Active
C04393,Aditya Gupta,aditya.gupta4393@example.com,38,Other,Bhubaneswar,East,2024-08-17,Active
C04394,Michael Miller,michael.miller4394@example.com,29,Other,Pune,West,2024-07-18,Inactive
C04395,Neha Gupta,neha.gupta4395@example.com,43,Other,Bengaluru,South,2025-02-12,Inactive
C04396,Rahul Nair,rahul.nair4396@example.com,21,Male,Goa,West,2023-12-13,Active
C04397,Nikhil Miller,nikhil.miller4397@example.com,25,Other,Mysuru,South,2024-03-04,Inactive
C04398,Vikram Gupta,vikram.gupta4398@example.com,25,Other,Chennai,South,2023-10-21,Active
C04399,Emma Kapoor,emma.kapoor4399@example.com,45,Male,Guwahati,East,2024-11-15,Active
C04400,Karan Taylor,karan.taylor4400@example.com,44,Other,Mumbai,West,2023-05-31,Active
C04401,Daniel Rao,daniel.rao4401@example.com,39,Other,Goa,West,2024-09-15,Active
C04402,Ananya Das,ananya.das4402@example.com,45,Male,Chandigarh,North,2024-11-20,Inactive
C04403,Karan Smith,karan.smith4403@example.com,26,Other,Delhi,North,2023-07-21,Active
C04404,Sneha Sharma,sneha.sharma4404@example.com,38,Female,Delhi,North,2025-04-05,Active
C04405,Aanya Brown,aanya.brown4405@example.com,33,Other,Kochi,South,2023-06-20,Active
C04406,Vikram Johnson,vikram.johnson4406@example.com,43,Other,Delhi,North,2024-03-09,Active
C04407,David Singh,david.singh4407@example.com,33,Female,Amritsar,North,2025-01-19,Active
C04408,Rahul Kumar,rahul.kumar4408@example.com,31,Female,Hyderabad,South,2024-02-12,Active
C04409,Karan Verma,karan.verma4409@example.com,40,Female,Ranchi,East,2024-10-19,Active
C04410,Varun Miller,varun.miller4410@example.com,43,Male,Mysuru,South,2024-02-02,Inactive
C04411,Michael Joshi,michael.joshi4411@example.com,28,Male,Patna,East,2025-04-15,Active
C04412,Rahul Taylor,,34,Other,Chandigarh,North,2025-05-31,Active
C04413,Rohan Joshi,rohan.joshi4413@example.com,24,Other,Kolkata,East,2023-09-26,Active
C04414,Ananya Verma,ananya.verma4414@example.com,18,Other,Dehradun,North,2024-02-28,Active
C04415,Neha Williams,neha.williams4415@example.com,37,Female,Nagpur,West,2023-04-01,Active
C04416,Aarav Kapoor,aarav.kapoor4416@example.com,41,Other,Nagpur,West,2025-06-29,Active
C04417,Sneha Davis,sneha.davis4417@example.com,37,Male,Chennai,South,2023-02-03,Active
C04418,Priya Das,priya.das4418@example.com,18,Other,Mumbai,West,2023-01-29,Active
C04419,Divya Mehta,divya.mehta4419@example.com,31,Other,Coimbatore,South,2024-08-22,Active
C04420,Sneha Rao,sneha.rao4420@example.com,18,Female,Jaipur,North,2023-10-06,Active
C04421,Olivia Gupta,olivia.gupta4421@example.com,48,Other,Surat,West,2023-10-08,Active
C04422,Aanya Williams,aanya.williams4422@example.com,24,Other,Lucknow,North,2025-03-27,Active
C04423,Aanya Reddy,aanya.reddy4423@example.com,47,Female,Dehradun,North,2024-05-20,Active
C04424,Vikram Johnson,vikram.johnson4424@example.com,44,Male,Delhi,North,2023-04-17,Active
C04425,Daniel Moore,daniel.moore4425@example.com,25,Other,Guwahati,East,2024-11-09,Active
C04426,Isabella Nair,isabella.nair4426@example.com,23,Other,Delhi,North,2023-06-15,Inactive
C04427,Sanjay Johnson,sanjay.johnson4427@example.com,38,Female,Jaipur,North,2025-05-23,Active
C04428,Mia Johnson,mia.johnson4428@example.com,26,Male,Chandigarh,North,2025-02-04,Inactive
C04429,Neha Singh,neha.singh4429@example.com,36,Male,Jaipur,North,2025-05-15,Active
C04430,David Taylor,david.taylor4430@example.com,30,Female,Guwahati,East,2023-11-06,Active
C04431,Rohan Iyer,rohan.iyer4431@example.com,18,Male,Hyderabad,South,2023-03-18,Active
C04432,Olivia Kumar,olivia.kumar4432@example.com,18,Female,Goa,West,2025-05-07,Inactive
C04433,Mia Johnson,mia.johnson4433@example.com,37,Female,Jaipur,North,2023-03-02,Active
C04434,Isabella Moore,isabella.moore4434@example.com,29,Male,Mumbai,West,2025-03-20,Active
C04435,Sophia Moore,sophia.moore4435@example.com,29,Male,Bengaluru,South,2024-08-19,Active
C04436,Neha Malhotra,neha.malhotra4436@example.com,41,Other,Jaipur,North,2025-06-07,Active
C04437,Arjun Kumar,arjun.kumar4437@example.com,46,Male,Lucknow,North,2025-05-10,Active
C04438,Rahul Brown,rahul.brown4438@example.com,32,Other,Patna,East,2023-03-18,Active
C04439,Pooja Smith,pooja.smith4439@example.com,31,Female,Kochi,South,2024-05-17,Active
C04440,Divya Reddy,divya.reddy4440@example.com,40,Male,Pune,West,2024-07-21,Active
C04441,Mia Miller,mia.miller4441@example.com,21,Female,Delhi,North,2023-11-05,Active
C04442,Karan Kumar,karan.kumar4442@example.com,37,Other,Dehradun,North,2023-10-21,Active
C04443,Ishita Nair,ishita.nair4443@example.com,40,Male,Hyderabad,South,2023-03-19,Active
C04444,Rohan Iyer,rohan.iyer4444@example.com,41,Male,Lucknow,North,2024-02-25,Active
C04445,Priya Joshi,priya.joshi4445@example.com,18,Male,Nagpur,West,2024-02-21,Active
C04446,Priya Iyer,priya.iyer4446@example.com,27,Male,Patna,East,2025-02-14,Active
C04447,Aarav Singh,aarav.singh4447@example.com,26,Other,Kolkata,East,2024-01-08,Active
C04448,Nikhil Williams,nikhil.williams4448@example.com,35,Other,Dehradun,North,2024-09-03,Active
C04449,Sanjay Das,sanjay.das4449@example.com,39,Female,Guwahati,East,2024-02-04,Active
C04450,Aarav Das,aarav.das4450@example.com,49,Male,Hyderabad,South,2024-08-28,Inactive
C04451,Nikhil Das,nikhil.das4451@example.com,30,Other,Ranchi,East,2024-02-16,Active
C04452,Neha Singh,neha.singh4452@example.com,30,Male,Guwahati,East,2024-04-04,Active
C04453,Rahul Joshi,rahul.joshi4453@example.com,46,Female,Chandigarh,North,2023-05-17,Active
C04454,Ishita Sharma,ishita.sharma4454@example.com,37,Female,Ranchi,East,2024-01-27,Inactive
C04455,Olivia Patel,olivia.patel4455@example.com,47,Male,Mumbai,West,2023-10-29,Inactive
C04456,William Rao,william.rao4456@example.com,37,Male,Kolkata,East,2025-04-18,Active
C04457,Vikram Patel,vikram.patel4457@example.com,23,Other,Pune,West,2024-06-08,Active
C04458,Aarav Miller,aarav.miller4458@example.com,21,Female,Delhi,North,2024-02-23,Active
C04459,Vikram Anderson,vikram.anderson4459@example.com,19,Male,Dehradun,North,2024-05-12,Active
C04460,Pooja Kapoor,pooja.kapoor4460@example.com,41,Male,Hyderabad,South,2023-07-16,Active
C04461,Ishita Wilson,ishita.wilson4461@example.com,46,Male,Delhi,North,2023-05-24,Active
C04462,Priya Johnson,priya.johnson4462@example.com,53,Male,Bengaluru,South,2023-10-18,Active
C04463,Aditya Singh,aditya.singh4463@example.com,43,Other,Ranchi,East,2023-07-17,Active
C04464,Aarav Mehta,aarav.mehta4464@example.com,46,Male,Kolkata,East,2023-02-09,Active
C04465,Divya Kumar,divya.kumar4465@example.com,29,Male,Ranchi,East,2024-01-17,Inactive
C04466,Ananya Rao,ananya.rao4466@example.com,23,Female,Dehradun,North,2024-11-14,Active
C04467,Aditya Anderson,aditya.anderson4467@example.com,43,Female,Bhubaneswar,East,2023-05-30,Active
C04468,Sophia Kapoor,sophia.kapoor4468@example.com,39,Female,Hyderabad,South,2023-05-01,Active
C04469,Kavya Patel,kavya.patel4469@example.com,36,Other,Ranchi,East,2025-02-16,Active
C04470,Rahul Johnson,rahul.johnson4470@example.com,38,Male,Hyderabad,South,2025-05-21,Active
C04471,Divya Nair,divya.nair4471@example.com,38,Other,Kolkata,East,2023-12-04,Active
C04472,Aditya Anderson,aditya.anderson4472@example.com,47,Male,Amritsar,North,2025-03-16,Active
C04473,Vikram Nair,vikram.nair4473@example.com,47,Female,Dehradun,North,2024-07-23,Active
C04474,Emma Miller,emma.miller4474@example.com,40,Male,Ahmedabad,West,2024-07-17,Active
C04475,Sanjay Wilson,sanjay.wilson4475@example.com,43,Other,Dehradun,North,2024-09-16,Active
C04476,Michael Das,michael.das4476@example.com,40,Female,Pune,West,2024-07-26,Active
C04477,Sneha Malhotra,sneha.malhotra4477@example.com,30,Other,Dehradun,North,2024-08-22,Active
C04478,Sneha Wilson,sneha.wilson4478@example.com,42,Other,Hyderabad,South,2025-01-12,Inactive
C04479,Mia Rao,mia.rao4479@example.com,21,Other,Ahmedabad,West,2024-02-17,Active
C04480,William Iyer,william.iyer4480@example.com,45,Other,Lucknow,North,2023-11-27,Inactive
C04481,Varun Williams,varun.williams4481@example.com,23,Female,Ahmedabad,West,2024-12-15,Active
C04482,Varun Taylor,varun.taylor4482@example.com,37,Male,Bhubaneswar,East,2025-05-04,Active
C04483,Daniel Patel,daniel.patel4483@example.com,26,Other,Goa,West,2023-11-02,Active
C04484,Divya Johnson,divya.johnson4484@example.com,40,Female,Coimbatore,South,2023-01-16,Active
C04485,Aditya Kapoor,aditya.kapoor4485@example.com,34,Female,Chandigarh,North,2023-09-04,Active
C04486,Nikhil Patel,nikhil.patel4486@example.com,19,Male,Patna,East,2024-02-13,Active
C04487,Arjun Rao,arjun.rao4487@example.com,39,Female,Surat,West,2024-11-10,Active
C04488,David Johnson,david.johnson4488@example.com,29,Male,Guwahati,East,2023-05-24,Active
C04489,Vikram Gupta,vikram.gupta4489@example.com,43,Female,Amritsar,North,2025-01-10,Active
C04490,Divya Joshi,divya.joshi4490@example.com,35,Female,Mysuru,South,2023-10-03,Active
C04491,Aditya Sharma,aditya.sharma4491@example.com,38,Other,Pune,West,2023-10-16,Active
C04492,Rahul Mehta,rahul.mehta4492@example.com,25,Male,Mysuru,South,2023-08-06,Active
C04493,Vikram Reddy,vikram.reddy4493@example.com,29,Female,Delhi,North,2024-12-27,Active
C04494,Aditya Iyer,aditya.iyer4494@example.com,30,Male,Dehradun,North,2025-06-13,Active
C04495,Kavya Iyer,kavya.iyer4495@example.com,43,Female,Lucknow,North,2024-04-14,Active
C04496,Priya Brown,priya.brown4496@example.com,51,Other,Chandigarh,North,2025-04-08,Active
C04497,Priya Das,priya.das4497@example.com,26,Female,Chennai,South,2023-03-04,Active
C04498,Olivia Singh,olivia.singh4498@example.com,45,Other,Bengaluru,South,2025-03-24,Active
C04499,Priya Rao,priya.rao4499@example.com,18,Male,Patna,East,2023-11-26,Active
C04500,Karan Rao,karan.rao4500@example.com,23,Male,Coimbatore,South,2023-10-14,Active
C04501,Meera Joshi,meera.joshi4501@example.com,25,Male,Coimbatore,South,2025-06-21,Active
C04502,Priya Kumar,priya.kumar4502@example.com,21,Female,Chandigarh,North,2023-10-30,Inactive
C04503,Aarav Nair,aarav.nair4503@example.com,19,Male,Bengaluru,South,2024-02-22,Active
C04504,Ishita Wilson,ishita.wilson4504@example.com,39,Male,Hyderabad,South,2024-08-27,Active
C04505,Divya Gupta,divya.gupta4505@example.com,32,Female,Surat,West,2025-05-29,Inactive
C04506,Sneha Singh,sneha.singh4506@example.com,38,Female,Chandigarh,North,2025-02-08,Active
C04507,William Rao,william.rao4507@example.com,41,Other,Hyderabad,South,2023-06-10,Active
C04508,Michael Das,michael.das4508@example.com,37,Male,Guwahati,East,2023-07-09,Active
C04509,Olivia Williams,olivia.williams4509@example.com,41,Male,Mumbai,West,2023-04-19,Active
C04510,Ishita Davis,ishita.davis4510@example.com,34,Male,Bengaluru,South,2024-05-16,Active
C04511,Aanya Sharma,aanya.sharma4511@example.com,23,Male,Amritsar,North,2024-10-23,Active
C04512,Ananya Joshi,ananya.joshi4512@example.com,45,Male,Ranchi,East,2023-07-08,Inactive
C04513,James Wilson,james.wilson4513@example.com,29,Female,Nagpur,West,2024-12-17,Active
C04514,Divya Nair,divya.nair4514@example.com,25,Male,Patna,East,2025-01-14,Active
C04515,Aarav Nair,aarav.nair4515@example.com,33,Female,Bengaluru,South,2025-01-14,Active
C04516,Emma Rao,emma.rao4516@example.com,25,Male,Bengaluru,South,2024-01-30,Active
C04517,Mia Johnson,mia.johnson4517@example.com,30,Male,Surat,West,2023-10-19,Active
C04518,Emma Nair,emma.nair4518@example.com,38,Male,Ranchi,East,2024-03-30,Active
C04519,Neha Anderson,neha.anderson4519@example.com,38,Female,Amritsar,North,2023-07-20,Active
C04520,Olivia Malhotra,olivia.malhotra4520@example.com,26,Female,Delhi,North,2024-03-14,Inactive
C04521,Aanya Das,aanya.das4521@example.com,30,Male,Ahmedabad,West,2024-11-05,Active
C04522,Rahul Sharma,rahul.sharma4522@example.com,45,Other,Mumbai,West,2023-06-13,Active
C04523,Kavya Patel,kavya.patel4523@example.com,39,Female,Ranchi,East,2024-11-09,Active
C04524,Rahul Rao,rahul.rao4524@example.com,55,Male,Jaipur,North,2024-11-22,Active
C04525,Kavya Wilson,kavya.wilson4525@example.com,46,Female,Nagpur,West,2023-01-25,Active
C04526,Meera Gupta,meera.gupta4526@example.com,46,Female,Nagpur,West,2023-09-09,Active
C04527,Pooja Kumar,pooja.kumar4527@example.com,21,Other,Mysuru,South,2023-12-31,Active
C04528,Karan Miller,karan.miller4528@example.com,42,Other,Jaipur,North,2025-01-07,Active
C04529,Sneha Brown,sneha.brown4529@example.com,34,Male,Ranchi,East,2023-03-27,Active
C04530,Neha Gupta,neha.gupta4530@example.com,29,Male,Coimbatore,South,2023-02-11,Active
C04531,William Iyer,william.iyer4531@example.com,36,Male,Kochi,South,2024-08-06,Active
C04532,James Moore,james.moore4532@example.com,44,Male,Bengaluru,South,2023-08-01,Active
C04533,Divya Wilson,divya.wilson4533@example.com,40,Other,Ahmedabad,West,2024-05-29,Inactive
C04534,Rohan Singh,rohan.singh4534@example.com,26,Female,Goa,West,2025-02-12,Inactive
C04535,Pooja Wilson,pooja.wilson4535@example.com,42,Other,Kolkata,East,2023-07-26,Active
C04536,Aditya Williams,aditya.williams4536@example.com,28,Male,Surat,West,2025-06-22,Inactive
C04537,Rahul Patel,rahul.patel4537@example.com,37,Male,Coimbatore,South,2023-04-11,Active
C04538,Sophia Das,sophia.das4538@example.com,31,Male,Chandigarh,North,2024-12-18,Active
C04539,Meera Malhotra,meera.malhotra4539@example.com,32,Male,Bhubaneswar,East,2025-06-11,Inactive
C04540,Pooja Verma,pooja.verma4540@example.com,42,Female,Jaipur,North,2023-11-20,Inactive
C04541,Pooja Das,pooja.das4541@example.com,24,Other,Bengaluru,South,2024-02-06,Active
C04542,Pooja Kapoor,pooja.kapoor4542@example.com,54,Female,Goa,West,2024-06-25,Active
C04543,Meera Verma,meera.verma4543@example.com,18,Male,Guwahati,East,2023-10-13,Active
C04544,William Kumar,william.kumar4544@example.com,29,Male,Patna,East,2023-11-11,Active
C04545,Aarav Kapoor,aarav.kapoor4545@example.com,38,Other,Chennai,South,2023-05-13,Inactive
C04546,Karan Johnson,karan.johnson4546@example.com,40,Female,Ahmedabad,West,2025-05-29,Active
C04547,Michael Singh,michael.singh4547@example.com,33,Female,Chandigarh,North,2025-06-15,Active
C04548,Divya Rao,divya.rao4548@example.com,34,Other,Pune,West,2023-11-24,Active
C04549,Michael Gupta,michael.gupta4549@example.com,39,Female,Goa,West,2024-12-02,Inactive
C04550,Rahul Williams,rahul.williams4550@example.com,32,Male,Hyderabad,South,2023-11-05,Active
C04551,Priya Singh,priya.singh4551@example.com,48,Male,Kolkata,East,2023-10-27,Inactive
C04552,Isabella Moore,isabella.moore4552@example.com,43,Other,Goa,West,2024-11-15,Active
C04553,Mia Das,mia.das4553@example.com,43,Female,Lucknow,North,2025-01-10,Active
C04554,Ananya Smith,ananya.smith4554@example.com,25,Female,Chennai,South,2024-12-15,Active
C04555,Rohan Rao,rohan.rao4555@example.com,34,Other,Mumbai,West,2024-09-17,Active
C04556,Nikhil Johnson,nikhil.johnson4556@example.com,31,Other,Lucknow,North,2025-05-11,Inactive
C04557,Rohan Malhotra,rohan.malhotra4557@example.com,24,Other,Bengaluru,South,2025-01-18,Inactive
C04558,James Moore,james.moore4558@example.com,38,Female,Amritsar,North,2023-11-21,Active
C04559,Karan Anderson,karan.anderson4559@example.com,29,Other,Surat,West,2024-03-31,Active
C04560,Daniel Rao,daniel.rao4560@example.com,41,Other,Kochi,South,2023-05-24,Inactive
C04561,Aarav Kumar,aarav.kumar4561@example.com,24,Male,Pune,West,2023-05-22,Inactive
C04562,William Patel,william.patel4562@example.com,52,Other,Hyderabad,South,2024-11-23,Active
C04563,Karan Mehta,karan.mehta4563@example.com,26,Other,Bhubaneswar,East,2023-07-28,Active
C04564,Isabella Malhotra,isabella.malhotra4564@example.com,37,Other,Kochi,South,2024-08-13,Active
C04565,Kavya Davis,kavya.davis4565@example.com,42,Female,Mysuru,South,2024-05-25,Active
C04566,Rohan Joshi,rohan.joshi4566@example.com,29,Male,Dehradun,North,2025-05-22,Active
C04567,Mia Nair,mia.nair4567@example.com,43,Female,Guwahati,East,2025-06-16,Inactive
C04568,Kavya Das,kavya.das4568@example.com,22,Female,Hyderabad,South,2023-10-14,Active
C04569,Isabella Gupta,isabella.gupta4569@example.com,49,Male,Delhi,North,2023-09-25,Active
C04570,Mia Gupta,mia.gupta4570@example.com,35,Female,Amritsar,North,2023-02-21,Inactive
C04571,Ananya Iyer,ananya.iyer4571@example.com,29,Female,Delhi,North,2024-02-05,Active
C04572,James Moore,james.moore4572@example.com,32,Other,Guwahati,East,2024-10-19,Active
C04573,Sanjay Taylor,sanjay.taylor4573@example.com,43,Other,Jaipur,North,2024-08-13,Active
C04574,Vikram Miller,vikram.miller4574@example.com,29,Male,Lucknow,North,2023-03-04,Active
C04575,Arjun Das,arjun.das4575@example.com,27,Female,Bhubaneswar,East,2024-01-30,Inactive
C04576,Olivia Gupta,olivia.gupta4576@example.com,32,Female,Kolkata,East,2023-07-15,Active
C04577,Sanjay Miller,sanjay.miller4577@example.com,23,Male,Lucknow,North,2024-05-03,Active
C04578,Sanjay Patel,sanjay.patel4578@example.com,53,Male,Patna,East,2023-02-13,Active
C04579,Mia Joshi,mia.joshi4579@example.com,29,Other,Delhi,North,2023-11-22,Active
C04580,Pooja Malhotra,pooja.malhotra4580@example.com,43,Other,Mumbai,West,2023-09-26,Active
C04581,David Malhotra,david.malhotra4581@example.com,37,Other,Jaipur,North,2023-04-16,Active
C04582,James Kumar,james.kumar4582@example.com,25,Female,Kochi,South,2023-04-06,Active
C04583,Sophia Smith,sophia.smith4583@example.com,34,Female,Surat,West,2023-04-26,Active
C04584,Nikhil Das,nikhil.das4584@example.com,42,Other,Surat,West,2025-01-23,Active
C04585,Rohan Verma,rohan.verma4585@example.com,33,Female,Mysuru,South,2023-03-09,Active
C04586,Aditya Sharma,aditya.sharma4586@example.com,46,Female,Dehradun,North,2024-07-03,Active
C04587,Ishita Miller,ishita.miller4587@example.com,45,Other,Chennai,South,2023-03-10,Active
C04588,Nikhil Moore,nikhil.moore4588@example.com,44,Male,Ahmedabad,West,2024-07-12,Active
C04589,Sneha Williams,sneha.williams4589@example.com,30,Other,Bhubaneswar,East,2024-08-30,Active
C04590,Priya Joshi,priya.joshi4590@example.com,24,Female,Chennai,South,2024-11-06,Active
C04591,Pooja Iyer,pooja.iyer4591@example.com,28,Other,Nagpur,West,2023-02-14,Active
C04592,William Mehta,william.mehta4592@example.com,36,Female,Guwahati,East,2024-03-14,Active
C04593,William Anderson,william.anderson4593@example.com,40,Male,Hyderabad,South,2023-01-07,Active
C04594,Priya Malhotra,priya.malhotra4594@example.com,18,Male,Bhubaneswar,East,2024-05-05,Active
C04595,Kavya Miller,kavya.miller4595@example.com,34,Male,Goa,West,2023-09-19,Active
C04596,Priya Iyer,priya.iyer4596@example.com,36,Male,Kolkata,East,2025-06-14,Active
C04597,Ananya Rao,ananya.rao4597@example.com,32,Male,Ranchi,East,2025-04-03,Active
C04598,Kavya Williams,kavya.williams4598@example.com,47,Female,Hyderabad,South,2023-05-09,Inactive
C04599,Nikhil Anderson,nikhil.anderson4599@example.com,39,Male,Dehradun,North,2024-07-22,Inactive
C04600,Sophia Brown,sophia.brown4600@example.com,48,Female,Kochi,South,2024-04-11,Inactive
C04601,David Anderson,david.anderson4601@example.com,32,Other,Delhi,North,2023-10-27,Active
C04602,Emma Brown,emma.brown4602@example.com,44,Other,Mysuru,South,2024-05-31,Inactive
C04603,Michael Davis,michael.davis4603@example.com,51,Male,Hyderabad,South,2023-01-09,Active
C04604,Arjun Patel,arjun.patel4604@example.com,48,Male,Jaipur,North,2025-01-03,Inactive
C04605,Neha Wilson,neha.wilson4605@example.com,24,Female,Bengaluru,South,2024-05-15,Active
C04606,Emma Wilson,emma.wilson4606@example.com,32,Female,Lucknow,North,2025-05-19,Inactive
C04607,Ananya Anderson,ananya.anderson4607@example.com,31,Other,Surat,West,2025-05-04,Inactive
C04608,Olivia Williams,olivia.williams4608@example.com,39,Other,Mumbai,West,2024-10-08,Active
C04609,James Davis,james.davis4609@example.com,41,Female,Ahmedabad,West,2023-12-25,Active
C04610,Meera Nair,meera.nair4610@example.com,26,Male,Surat,West,2024-09-13,Active
C04611,Isabella Rao,isabella.rao4611@example.com,35,Male,Goa,West,2023-10-22,Active
C04612,Divya Moore,divya.moore4612@example.com,18,Female,Delhi,North,2023-06-05,Active
C04613,Olivia Joshi,olivia.joshi4613@example.com,49,Other,Bhubaneswar,East,2024-12-30,Active
C04614,Rohan Moore,rohan.moore4614@example.com,29,Male,Goa,West,2023-05-11,Inactive
C04615,Sneha Davis,sneha.davis4615@example.com,35,Other,Lucknow,North,2023-01-14,Active
C04616,Pooja Wilson,pooja.wilson4616@example.com,31,Male,Patna,East,2024-03-07,Active
C04617,Pooja Miller,pooja.miller4617@example.com,46,Other,Lucknow,North,2023-04-28,Active
C04618,Emma Moore,emma.moore4618@example.com,18,Male,Kolkata,East,2023-02-14,Active
C04619,Aarav Sharma,aarav.sharma4619@example.com,34,Other,Kochi,South,2023-02-03,Active
C04620,Varun Moore,varun.moore4620@example.com,33,Male,Guwahati,East,2024-11-16,Active
C04621,Divya Malhotra,divya.malhotra4621@example.com,30,Other,Ahmedabad,West,2025-05-24,Active
C04622,Sanjay Smith,sanjay.smith4622@example.com,52,Other,Patna,East,2023-07-31,Active
C04623,Priya Kumar,priya.kumar4623@example.com,26,Female,Amritsar,North,2024-08-07,Active
C04624,Karan Rao,karan.rao4624@example.com,42,Other,Lucknow,North,2024-06-01,Inactive
C04625,Olivia Rao,olivia.rao4625@example.com,38,Male,Ahmedabad,West,2023-01-24,Inactive
C04626,James Singh,james.singh4626@example.com,47,Other,Chandigarh,North,2024-02-22,Active
C04627,Rahul Nair,rahul.nair4627@example.com,28,Female,Coimbatore,South,2024-07-05,Active
C04628,Pooja Wilson,pooja.wilson4628@example.com,27,Male,Mysuru,South,2023-10-25,Active
C04629,David Taylor,david.taylor4629@example.com,45,Other,Dehradun,North,2024-11-04,Active
C04630,Aanya Reddy,aanya.reddy4630@example.com,39,Female,Nagpur,West,2024-11-13,Active
C04631,Arjun Williams,arjun.williams4631@example.com,19,Male,Lucknow,North,2024-07-26,Active
C04632,William Singh,william.singh4632@example.com,29,Female,Bhubaneswar,East,2025-06-17,Active
C04633,Aanya Miller,aanya.miller4633@example.com,38,Other,Mysuru,South,2025-01-12,Active
C04634,David Kapoor,david.kapoor4634@example.com,43,Other,Chennai,South,2023-08-11,Active
C04635,Arjun Patel,arjun.patel4635@example.com,28,Male,Hyderabad,South,2025-01-09,Active
C04636,William Davis,william.davis4636@example.com,18,Other,Amritsar,North,2023-08-29,Active
C04637,Ananya Taylor,ananya.taylor4637@example.com,40,Male,Goa,West,2025-04-08,Inactive
C04638,Sanjay Miller,sanjay.miller4638@example.com,22,Male,Jaipur,North,2023-12-10,Active
C04639,Aditya Johnson,aditya.johnson4639@example.com,18,Other,Kolkata,East,2025-02-13,Active
C04640,Emma Rao,emma.rao4640@example.com,18,Male,Amritsar,North,2023-09-26,Active
C04641,Meera Reddy,meera.reddy4641@example.com,43,Male,Surat,West,2025-02-27,Active
C04642,Mia Miller,mia.miller4642@example.com,36,Male,Coimbatore,South,2024-06-08,Active
C04643,Rahul Wilson,rahul.wilson4643@example.com,32,Other,Jaipur,North,2024-03-15,Active
C04644,Neha Anderson,neha.anderson4644@example.com,48,Female,Guwahati,East,2024-12-15,Inactive
C04645,Isabella Das,isabella.das4645@example.com,41,Other,Mumbai,West,2023-08-14,Active
C04646,Ishita Wilson,ishita.wilson4646@example.com,51,Other,Delhi,North,2023-08-06,Active
C04647,Isabella Davis,isabella.davis4647@example.com,21,Female,Hyderabad,South,2024-05-24,Inactive
C04648,Sanjay Nair,sanjay.nair4648@example.com,34,Male,Goa,West,2023-04-07,Active
C04649,Neha Singh,neha.singh4649@example.com,18,Other,Dehradun,North,2024-03-08,Active
C04650,Emma Das,emma.das4650@example.com,32,Other,Surat,West,2023-01-30,Active
C04651,Sophia Brown,sophia.brown4651@example.com,32,Female,Chandigarh,North,2024-05-05,Active
C04652,Pooja Brown,pooja.brown4652@example.com,41,Female,Amritsar,North,2025-06-09,Inactive
C04653,Mia Rao,mia.rao4653@example.com,35,Female,Kochi,South,2024-07-11,Active
C04654,Arjun Taylor,arjun.taylor4654@example.com,41,Other,Kolkata,East,2024-02-11,Inactive
C04655,Mia Joshi,mia.joshi4655@example.com,42,Male,Kochi,South,2024-08-29,Active
C04656,Meera Malhotra,meera.malhotra4656@example.com,56,Other,Surat,West,2025-04-30,Active
C04657,James Moore,james.moore4657@example.com,31,Male,Amritsar,North,2024-04-03,Active
C04658,William Iyer,william.iyer4658@example.com,25,Male,Chandigarh,North,2023-07-11,Active
C04659,Neha Williams,neha.williams4659@example.com,37,Other,Chandigarh,North,2023-09-05,Active
C04660,Aditya Iyer,aditya.iyer4660@example.com,26,Other,Jaipur,North,2024-05-03,Active
C04661,Aditya Davis,aditya.davis4661@example.com,49,Female,Kochi,South,2024-01-25,Active
C04662,Ishita Taylor,ishita.taylor4662@example.com,32,Other,Coimbatore,South,2023-01-26,Active
C04663,Mia Nair,mia.nair4663@example.com,29,Male,Dehradun,North,2025-03-02,Active
C04664,Pooja Johnson,pooja.johnson4664@example.com,30,Other,Ahmedabad,West,2023-07-12,Active
C04665,Isabella Das,isabella.das4665@example.com,42,Female,Coimbatore,South,2023-12-26,Active
C04666,Daniel Kumar,daniel.kumar4666@example.com,33,Female,Mumbai,West,2024-06-22,Active
C04667,Ishita Anderson,ishita.anderson4667@example.com,28,Male,Dehradun,North,2023-01-05,Active
C04668,Vikram Davis,vikram.davis4668@example.com,51,Other,Chennai,South,2024-10-15,Active
C04669,William Brown,william.brown4669@example.com,26,Female,Goa,West,2024-10-16,Active
C04670,Sneha Miller,sneha.miller4670@example.com,35,Male,Dehradun,North,2025-03-03,Active
C04671,Ananya Kumar,ananya.kumar4671@example.com,41,Other,Hyderabad,South,2025-06-17,Active
C04672,Daniel Smith,daniel.smith4672@example.com,18,Female,Delhi,North,2025-05-05,Active
C04673,Priya Williams,priya.williams4673@example.com,39,Male,Ahmedabad,West,2024-02-16,Active
C04674,Priya Verma,priya.verma4674@example.com,24,Male,Bhubaneswar,East,2025-05-21,Active
C04675,Daniel Johnson,daniel.johnson4675@example.com,43,Male,Hyderabad,South,2024-01-29,Active
C04676,Sophia Brown,sophia.brown4676@example.com,25,Other,Delhi,North,2023-07-20,Active
C04677,Sophia Verma,sophia.verma4677@example.com,41,Female,Chennai,South,2024-10-28,Active
C04678,James Williams,james.williams4678@example.com,46,Female,Chennai,South,2024-01-08,Active
C04679,James Iyer,james.iyer4679@example.com,43,Female,Kolkata,East,2025-06-24,Active
C04680,Michael Mehta,michael.mehta4680@example.com,37,Female,Dehradun,North,2024-02-05,Inactive
C04681,Olivia Anderson,olivia.anderson4681@example.com,32,Female,Ranchi,East,2023-09-19,Active
C04682,David Brown,david.brown4682@example.com,29,Male,Goa,West,2024-01-06,Active
C04683,Sneha Mehta,sneha.mehta4683@example.com,49,Female,Patna,East,2025-01-11,Active
C04684,Meera Johnson,meera.johnson4684@example.com,28,Other,Nagpur,West,2024-11-09,Inactive
C04685,Rohan Wilson,rohan.wilson4685@example.com,24,Other,Guwahati,East,2025-06-12,Active
C04686,Kavya Taylor,kavya.taylor4686@example.com,41,Male,Chennai,South,2024-11-08,Inactive
C04687,Meera Miller,meera.miller4687@example.com,27,Male,Guwahati,East,2025-05-25,Active
C04688,Meera Joshi,meera.joshi4688@example.com,25,Female,Pune,West,2024-06-14,Active
C04689,Isabella Wilson,isabella.wilson4689@example.com,20,Female,Hyderabad,South,2024-04-29,Active
C04690,Mia Smith,mia.smith4690@example.com,30,Other,Mumbai,West,2023-10-25,Active
C04691,Kavya Gupta,kavya.gupta4691@example.com,34,Other,Goa,West,2025-04-29,Active
C04692,Isabella Taylor,isabella.taylor4692@example.com,37,Female,Bhubaneswar,East,2024-09-03,Active
C04693,Aarav Anderson,aarav.anderson4693@example.com,44,Other,Lucknow,North,2025-03-20,Active
C04694,Emma Patel,emma.patel4694@example.com,40,Other,Lucknow,North,2023-06-29,Active
C04695,Priya Taylor,priya.taylor4695@example.com,33,Male,Surat,West,2023-02-22,Active
C04696,Mia Anderson,mia.anderson4696@example.com,33,Other,Bhubaneswar,East,2025-02-15,Active
C04697,Nikhil Malhotra,nikhil.malhotra4697@example.com,40,Male,Dehradun,North,2025-01-26,Active
C04698,Aditya Mehta,,47,Other,Coimbatore,South,2025-03-18,Inactive
C04699,Kavya Sharma,kavya.sharma4699@example.com,36,Male,Jaipur,North,2024-03-07,Active
C04700,Ishita Patel,ishita.patel4700@example.com,30,Other,Kolkata,East,2023-05-16,Active
C04701,Aditya Sharma,aditya.sharma4701@example.com,25,Other,Lucknow,North,2023-07-09,Inactive
C04702,Rohan Iyer,rohan.iyer4702@example.com,20,Male,Lucknow,North,2025-06-24,Active
C04703,Vikram Anderson,vikram.anderson4703@example.com,41,Other,Goa,West,2024-12-04,Active
C04704,Michael Brown,michael.brown4704@example.com,40,Other,Bengaluru,South,2025-05-29,Inactive
C04705,Arjun Taylor,arjun.taylor4705@example.com,40,Other,Bhubaneswar,East,2023-04-13,Active
C04706,Ishita Williams,ishita.williams4706@example.com,33,Male,Mysuru,South,2023-10-09,Inactive
C04707,Ishita Verma,ishita.verma4707@example.com,49,Female,Kochi,South,2025-04-16,Active
C04708,Karan Verma,karan.verma4708@example.com,30,Other,Nagpur,West,2023-12-19,Active
C04709,Ishita Brown,ishita.brown4709@example.com,44,Male,Amritsar,North,2024-06-25,Active
C04710,Neha Iyer,neha.iyer4710@example.com,34,Male,Patna,East,2023-09-23,Active
C04711,Sophia Davis,sophia.davis4711@example.com,28,Other,Mumbai,West,2023-03-24,Active
C04712,Arjun Brown,arjun.brown4712@example.com,40,Other,Kolkata,East,2023-11-08,Active
C04713,Michael Wilson,michael.wilson4713@example.com,39,Male,Patna,East,2024-12-06,Active
C04714,Rahul Brown,rahul.brown4714@example.com,38,Male,Chandigarh,North,2024-07-10,Inactive
C04715,Rohan Rao,rohan.rao4715@example.com,35,Female,Surat,West,2023-09-14,Active
C04716,Olivia Iyer,olivia.iyer4716@example.com,34,Female,Hyderabad,South,2024-01-19,Inactive
C04717,Vikram Kumar,vikram.kumar4717@example.com,58,Male,Kochi,South,2025-02-10,Active
C04718,Ananya Smith,ananya.smith4718@example.com,46,Other,Guwahati,East,2024-03-28,Active
C04719,Divya Patel,divya.patel4719@example.com,42,Female,Amritsar,North,2024-08-07,Active
C04720,Aarav Rao,aarav.rao4720@example.com,36,Other,Pune,West,2024-09-04,Active
C04721,Emma Brown,emma.brown4721@example.com,45,Male,Chandigarh,North,2023-11-15,Active
C04722,William Williams,william.williams4722@example.com,40,Other,Guwahati,East,2023-05-27,Inactive
C04723,James Taylor,james.taylor4723@example.com,35,Female,Mysuru,South,2024-03-27,Active
C04724,Michael Gupta,michael.gupta4724@example.com,31,Female,Jaipur,North,2025-03-11,Active
C04725,Sanjay Das,sanjay.das4725@example.com,34,Male,Lucknow,North,2024-11-04,Active
C04726,Rahul Das,rahul.das4726@example.com,18,Other,Hyderabad,South,2025-04-15,Active
C04727,Aanya Wilson,aanya.wilson4727@example.com,37,Male,Patna,East,2024-07-20,Active
C04728,Sneha Mehta,sneha.mehta4728@example.com,30,Male,Hyderabad,South,2024-04-27,Active
C04729,Karan Malhotra,karan.malhotra4729@example.com,50,Male,Ranchi,East,2024-09-12,Active
C04730,Aditya Nair,aditya.nair4730@example.com,35,Other,Dehradun,North,2023-01-25,Active
C04731,David Reddy,david.reddy4731@example.com,23,Other,Bhubaneswar,East,2025-05-21,Active
C04732,Meera Davis,meera.davis4732@example.com,34,Female,Bhubaneswar,East,2023-08-19,Inactive
C04733,Olivia Miller,olivia.miller4733@example.com,24,Male,Delhi,North,2024-11-11,Inactive
C04734,Ananya Wilson,ananya.wilson4734@example.com,39,Other,Surat,West,2023-04-20,Active
C04735,Olivia Williams,olivia.williams4735@example.com,37,Male,Pune,West,2024-11-20,Inactive
C04736,David Iyer,david.iyer4736@example.com,44,Male,Kochi,South,2024-04-07,Active
C04737,Ananya Kapoor,ananya.kapoor4737@example.com,27,Male,Coimbatore,South,2024-12-02,Active
C04738,Sanjay Brown,sanjay.brown4738@example.com,35,Male,Dehradun,North,2025-04-19,Active
C04739,Varun Johnson,varun.johnson4739@example.com,21,Male,Hyderabad,South,2024-02-11,Active
C04740,Nikhil Gupta,nikhil.gupta4740@example.com,42,Other,Lucknow,North,2024-04-16,Active
C04741,Michael Sharma,michael.sharma4741@example.com,40,Female,Mumbai,West,2023-05-21,Active
C04742,Aarav Malhotra,aarav.malhotra4742@example.com,39,Other,Surat,West,2023-10-27,Active
C04743,Isabella Gupta,isabella.gupta4743@example.com,35,Male,Lucknow,North,2023-09-18,Active
C04744,Sophia Verma,sophia.verma4744@example.com,39,Male,Delhi,North,2023-05-15,Active
C04745,Sophia Smith,sophia.smith4745@example.com,51,Male,Nagpur,West,2024-07-27,Active
C04746,Emma Nair,emma.nair4746@example.com,32,Other,Jaipur,North,2023-12-21,Inactive
C04747,Aditya Smith,aditya.smith4747@example.com,36,Female,Coimbatore,South,2024-04-08,Active
C04748,Daniel Anderson,daniel.anderson4748@example.com,24,Male,Jaipur,North,2023-10-06,Active
C04749,Meera Wilson,meera.wilson4749@example.com,26,Other,Chennai,South,2024-04-15,Active
C04750,Kavya Moore,kavya.moore4750@example.com,35,Other,Kolkata,East,2023-05-30,Active
C04751,Sanjay Kumar,sanjay.kumar4751@example.com,46,Male,Goa,West,2023-03-19,Inactive
C04752,Priya Reddy,priya.reddy4752@example.com,32,Male,Kochi,South,2025-06-11,Active
C04753,Sneha Mehta,sneha.mehta4753@example.com,32,Female,Jaipur,North,2023-03-03,Active
C04754,Rahul Sharma,rahul.sharma4754@example.com,30,Male,Bhubaneswar,East,2023-08-29,Active
C04755,Sophia Rao,sophia.rao4755@example.com,29,Male,Chennai,South,2023-02-02,Active
C04756,Emma Reddy,emma.reddy4756@example.com,37,Other,Mysuru,South,2024-02-01,Active
C04757,Meera Sharma,meera.sharma4757@example.com,20,Male,Pune,West,2024-07-04,Active
C04758,James Brown,james.brown4758@example.com,47,Male,Dehradun,North,2025-01-25,Active
C04759,Emma Smith,emma.smith4759@example.com,28,Other,Chandigarh,North,2024-12-24,Active
C04760,Pooja Verma,pooja.verma4760@example.com,42,Male,Surat,West,2023-02-13,Active
C04761,Vikram Moore,vikram.moore4761@example.com,22,Other,Hyderabad,South,2023-04-13,Active
C04762,Nikhil Kumar,nikhil.kumar4762@example.com,41,Female,Mumbai,West,2023-09-05,Active
C04763,Sophia Miller,sophia.miller4763@example.com,41,Other,Kolkata,East,2024-06-29,Inactive
C04764,Priya Gupta,priya.gupta4764@example.com,38,Female,Kolkata,East,2023-01-07,Active
C04765,David Anderson,david.anderson4765@example.com,25,Other,Delhi,North,2025-02-10,Active
C04766,Ishita Mehta,ishita.mehta4766@example.com,37,Female,Patna,East,2024-03-06,Active
C04767,Karan Das,karan.das4767@example.com,23,Female,Coimbatore,South,2024-02-03,Inactive
C04768,Meera Brown,meera.brown4768@example.com,32,Male,Kochi,South,2023-08-30,Active
C04769,Michael Wilson,michael.wilson4769@example.com,45,Other,Dehradun,North,2024-05-27,Active
C04770,Sneha Williams,sneha.williams4770@example.com,42,Female,Kochi,South,2024-02-15,Active
C04771,Mia Anderson,mia.anderson4771@example.com,35,Female,Surat,West,2024-07-10,Active
C04772,Ishita Brown,ishita.brown4772@example.com,25,Male,Lucknow,North,2024-04-14,Active
C04773,Neha Patel,neha.patel4773@example.com,41,Male,Nagpur,West,2025-01-16,Active
C04774,Arjun Nair,arjun.nair4774@example.com,35,Female,Ranchi,East,2025-03-17,Active
C04775,Pooja Kapoor,pooja.kapoor4775@example.com,18,Male,Pune,West,2025-01-14,Active
C04776,Arjun Malhotra,arjun.malhotra4776@example.com,42,Female,Kolkata,East,2025-03-08,Active
C04777,Daniel Wilson,daniel.wilson4777@example.com,34,Male,Bhubaneswar,East,2024-01-19,Active
C04778,Divya Joshi,divya.joshi4778@example.com,47,Other,Hyderabad,South,2025-01-24,Active
C04779,Pooja Sharma,pooja.sharma4779@example.com,24,Female,Ahmedabad,West,2024-02-02,Active
C04780,Sanjay Brown,sanjay.brown4780@example.com,18,Male,Goa,West,2023-08-10,Active
C04781,Aarav Mehta,aarav.mehta4781@example.com,37,Other,Hyderabad,South,2023-08-14,Active
C04782,Emma Rao,emma.rao4782@example.com,37,Other,Kochi,South,2025-05-13,Active
C04783,Priya Taylor,priya.taylor4783@example.com,18,Male,Guwahati,East,2025-03-09,Inactive
C04784,Daniel Verma,daniel.verma4784@example.com,25,Female,Dehradun,North,2023-03-01,Active
C04785,Arjun Patel,arjun.patel4785@example.com,62,Female,Chennai,South,2023-02-21,Active
C04786,Ananya Reddy,ananya.reddy4786@example.com,31,Other,Coimbatore,South,2024-04-07,Active
C04787,Pooja Kumar,pooja.kumar4787@example.com,42,Other,Chennai,South,2023-07-17,Active
C04788,James Williams,james.williams4788@example.com,28,Female,Chandigarh,North,2024-10-29,Active
C04789,Olivia Malhotra,olivia.malhotra4789@example.com,18,Other,Ahmedabad,West,2024-09-19,Active
C04790,Pooja Nair,pooja.nair4790@example.com,33,Other,Guwahati,East,2024-09-21,Active
C04791,Priya Singh,priya.singh4791@example.com,32,Male,Lucknow,North,2024-05-17,Active
C04792,Isabella Kapoor,isabella.kapoor4792@example.com,31,Female,Guwahati,East,2024-03-03,Active
C04793,Divya Johnson,divya.johnson4793@example.com,33,Other,Amritsar,North,2023-04-15,Inactive
C04794,Arjun Brown,arjun.brown4794@example.com,37,Male,Chandigarh,North,2024-10-09,Active
C04795,Isabella Rao,isabella.rao4795@example.com,33,Male,Ranchi,East,2024-02-22,Active
C04796,Divya Malhotra,divya.malhotra4796@example.com,22,Female,Jaipur,North,2025-05-02,Active
C04797,Isabella Anderson,isabella.anderson4797@example.com,39,Female,Mysuru,South,2023-04-16,Active
C04798,Meera Gupta,meera.gupta4798@example.com,18,Female,Guwahati,East,2024-07-28,Active
C04799,William Gupta,william.gupta4799@example.com,18,Other,Amritsar,North,2025-05-23,Active
C04800,Sanjay Verma,sanjay.verma4800@example.com,42,Other,Chandigarh,North,2023-02-18,Active
C04801,William Sharma,william.sharma4801@example.com,40,Female,Mysuru,South,2023-03-20,Active
C04802,Rohan Wilson,rohan.wilson4802@example.com,34,Other,Ahmedabad,West,2023-06-25,Active
C04803,Rohan Kapoor,rohan.kapoor4803@example.com,21,Male,Mysuru,South,2025-04-01,Inactive
C04804,Divya Smith,divya.smith4804@example.com,27,Female,Chandigarh,North,2023-10-02,Active
C04805,James Davis,james.davis4805@example.com,32,Male,Lucknow,North,2023-09-06,Active
C04806,Ishita Taylor,ishita.taylor4806@example.com,19,Female,Coimbatore,South,2024-01-16,Active
C04807,Sneha Iyer,sneha.iyer4807@example.com,27,Other,Guwahati,East,2024-03-07,Inactive
C04808,Divya Williams,divya.williams4808@example.com,41,Other,Mysuru,South,2025-02-15,Inactive
C04809,Isabella Mehta,isabella.mehta4809@example.com,49,Other,Kochi,South,2023-08-12,Active
C04810,Mia Iyer,mia.iyer4810@example.com,30,Female,Bengaluru,South,2023-04-19,Active
C04811,William Davis,william.davis4811@example.com,42,Other,Kolkata,East,2025-01-27,Active
C04812,Emma Mehta,emma.mehta4812@example.com,18,Female,Dehradun,North,2025-06-07,Active
C04813,William Moore,william.moore4813@example.com,41,Male,Hyderabad,South,2024-12-24,Active
C04814,James Johnson,james.johnson4814@example.com,26,Female,Delhi,North,2023-08-27,Active
C04815,Vikram Kumar,vikram.kumar4815@example.com,38,Male,Patna,East,2025-01-10,Active
C04816,Sneha Kumar,sneha.kumar4816@example.com,32,Female,Patna,East,2024-02-03,Active
C04817,Sneha Sharma,sneha.sharma4817@example.com,48,Female,Amritsar,North,2024-09-04,Active
C04818,Aanya Miller,aanya.miller4818@example.com,26,Other,Guwahati,East,2024-03-14,Active
C04819,David Williams,david.williams4819@example.com,41,Other,Patna,East,2024-04-20,Active
C04820,Kavya Taylor,kavya.taylor4820@example.com,32,Other,Kolkata,East,2024-09-11,Inactive
C04821,Pooja Miller,pooja.miller4821@example.com,33,Male,Chandigarh,North,2023-12-03,Active
C04822,Karan Smith,karan.smith4822@example.com,33,Male,Chandigarh,North,2023-03-10,Inactive
C04823,Pooja Gupta,pooja.gupta4823@example.com,26,Female,Coimbatore,South,2024-04-08,Active
C04824,Pooja Wilson,pooja.wilson4824@example.com,34,Male,Hyderabad,South,2024-12-24,Active
C04825,Mia Verma,mia.verma4825@example.com,34,Female,Dehradun,North,2023-05-16,Active
C04826,Isabella Mehta,isabella.mehta4826@example.com,37,Male,Mysuru,South,2024-12-05,Active
C04827,Meera Wilson,meera.wilson4827@example.com,35,Male,Hyderabad,South,2023-07-09,Active
C04828,Neha Sharma,neha.sharma4828@example.com,42,Male,Ahmedabad,West,2024-07-11,Active
C04829,Vikram Verma,vikram.verma4829@example.com,44,Female,Patna,East,2025-02-18,Inactive
C04830,Olivia Wilson,olivia.wilson4830@example.com,24,Male,Bhubaneswar,East,2023-06-11,Active
C04831,Aarav Moore,aarav.moore4831@example.com,43,Other,Chennai,South,2023-11-12,Active
C04832,Ananya Wilson,ananya.wilson4832@example.com,23,Other,Kolkata,East,2024-06-11,Active
C04833,Meera Mehta,meera.mehta4833@example.com,40,Male,Lucknow,North,2024-09-19,Active
C04834,Neha Brown,neha.brown4834@example.com,41,Female,Kolkata,East,2023-07-17,Active
C04835,Nikhil Patel,nikhil.patel4835@example.com,18,Female,Jaipur,North,2023-11-15,Inactive
C04836,William Iyer,william.iyer4836@example.com,35,Male,Chennai,South,2024-12-01,Active
C04837,Mia Verma,mia.verma4837@example.com,30,Female,Amritsar,North,2025-05-30,Active
C04838,Daniel Gupta,daniel.gupta4838@example.com,27,Female,Delhi,North,2024-01-28,Active
C04839,Emma Williams,emma.williams4839@example.com,48,Other,Bhubaneswar,East,2023-06-29,Active
C04840,Pooja Joshi,pooja.joshi4840@example.com,28,Other,Bengaluru,South,2024-01-26,Active
C04841,Priya Anderson,priya.anderson4841@example.com,26,Male,Goa,West,2024-08-06,Active
C04842,Karan Reddy,karan.reddy4842@example.com,35,Other,Coimbatore,South,2023-09-14,Active
C04843,William Johnson,william.johnson4843@example.com,41,Male,Dehradun,North,2024-09-15,Active
C04844,Rahul Mehta,rahul.mehta4844@example.com,33,Other,Chennai,South,2024-10-08,Inactive
C04845,Karan Kapoor,karan.kapoor4845@example.com,46,Other,Kolkata,East,2023-07-01,Active
C04846,Meera Gupta,meera.gupta4846@example.com,40,Male,Chennai,South,2025-04-05,Active
C04847,Vikram Gupta,vikram.gupta4847@example.com,18,Female,Bengaluru,South,2024-01-15,Active
C04848,David Davis,david.davis4848@example.com,29,Female,Surat,West,2025-01-19,Active
C04849,Sophia Nair,sophia.nair4849@example.com,29,Male,Ahmedabad,West,2023-10-19,Active
C04850,Divya Singh,divya.singh4850@example.com,39,Other,Kochi,South,2023-12-04,Active
C04851,Rohan Iyer,rohan.iyer4851@example.com,18,Male,Ahmedabad,West,2024-08-14,Inactive
C04852,Daniel Smith,daniel.smith4852@example.com,60,Other,Coimbatore,South,2024-01-18,Active
C04853,Isabella Sharma,isabella.sharma4853@example.com,40,Male,Nagpur,West,2024-08-05,Active
C04854,Aditya Gupta,aditya.gupta4854@example.com,36,Female,Ahmedabad,West,2024-09-07,Active
C04855,Aditya Patel,aditya.patel4855@example.com,46,Female,Surat,West,2024-04-13,Active
C04856,Aanya Anderson,aanya.anderson4856@example.com,58,Other,Hyderabad,South,2025-03-28,Active
C04857,Kavya Smith,kavya.smith4857@example.com,43,Female,Bhubaneswar,East,2023-08-06,Inactive
C04858,Daniel Joshi,daniel.joshi4858@example.com,44,Other,Guwahati,East,2024-01-22,Active
C04859,Nikhil Williams,nikhil.williams4859@example.com,36,Other,Surat,West,2024-09-17,Active
C04860,Meera Moore,meera.moore4860@example.com,33,Male,Mumbai,West,2024-04-13,Active
C04861,Varun Patel,varun.patel4861@example.com,30,Male,Chandigarh,North,2025-05-16,Active
C04862,Arjun Sharma,arjun.sharma4862@example.com,26,Male,Mumbai,West,2025-03-28,Active
C04863,Aditya Joshi,aditya.joshi4863@example.com,28,Female,Mumbai,West,2025-04-29,Active
C04864,Aditya Sharma,aditya.sharma4864@example.com,21,Other,Nagpur,West,2023-12-13,Active
C04865,Olivia Kumar,olivia.kumar4865@example.com,34,Female,Mumbai,West,2024-05-18,Active
C04866,David Taylor,david.taylor4866@example.com,18,Other,Guwahati,East,2023-07-05,Active
C04867,Divya Miller,divya.miller4867@example.com,36,Female,Chennai,South,2024-08-12,Active
C04868,Aditya Anderson,aditya.anderson4868@example.com,34,Male,Lucknow,North,2024-10-23,Active
C04869,Isabella Moore,isabella.moore4869@example.com,36,Other,Surat,West,2025-03-20,Inactive
C04870,Neha Patel,neha.patel4870@example.com,29,Male,Ahmedabad,West,2025-04-24,Active
C04871,Sophia Johnson,sophia.johnson4871@example.com,65,Female,Bhubaneswar,East,2023-03-15,Active
C04872,Sophia Malhotra,sophia.malhotra4872@example.com,48,Male,Chennai,South,2023-11-04,Inactive
C04873,Aanya Wilson,aanya.wilson4873@example.com,22,Male,Chennai,South,2024-07-05,Active
C04874,Emma Verma,emma.verma4874@example.com,37,Female,Surat,West,2025-06-14,Inactive
C04875,Meera Anderson,meera.anderson4875@example.com,28,Male,Dehradun,North,2024-06-13,Active
C04876,Meera Johnson,meera.johnson4876@example.com,24,Male,Mysuru,South,2024-11-18,Active
C04877,Ishita Rao,ishita.rao4877@example.com,21,Male,Guwahati,East,2025-01-07,Inactive
C04878,Isabella Anderson,isabella.anderson4878@example.com,39,Male,Delhi,North,2024-03-25,Active
C04879,Aditya Reddy,aditya.reddy4879@example.com,28,Other,Goa,West,2024-10-26,Active
C04880,Isabella Das,isabella.das4880@example.com,44,Male,Guwahati,East,2025-06-08,Inactive
C04881,Ishita Smith,ishita.smith4881@example.com,44,Female,Surat,West,2025-02-16,Active
C04882,Aditya Kapoor,aditya.kapoor4882@example.com,48,Male,Kochi,South,2023-02-22,Inactive
C04883,Vikram Nair,vikram.nair4883@example.com,26,Other,Pune,West,2023-10-16,Active
C04884,Sanjay Anderson,sanjay.anderson4884@example.com,39,Other,Ranchi,East,2024-01-22,Active
C04885,Ananya Johnson,ananya.johnson4885@example.com,41,Male,Bengaluru,South,2024-11-21,Inactive
C04886,Ishita Malhotra,ishita.malhotra4886@example.com,30,Other,Bengaluru,South,2024-03-07,Active
C04887,David Rao,david.rao4887@example.com,27,Male,Chandigarh,North,2025-06-26,Active
C04888,Nikhil Malhotra,nikhil.malhotra4888@example.com,51,Female,Patna,East,2023-06-27,Active
C04889,Sneha Joshi,sneha.joshi4889@example.com,37,Female,Kochi,South,2024-07-05,Active
C04890,Divya Johnson,divya.johnson4890@example.com,41,Other,Amritsar,North,2024-05-15,Active
C04891,Michael Das,michael.das4891@example.com,26,Other,Ranchi,East,2023-10-07,Active
C04892,William Smith,william.smith4892@example.com,22,Other,Chennai,South,2023-12-09,Active
C04893,Nikhil Taylor,nikhil.taylor4893@example.com,29,Female,Bhubaneswar,East,2025-03-17,Active
C04894,Pooja Joshi,pooja.joshi4894@example.com,33,Female,Jaipur,North,2024-03-05,Active
C04895,Vikram Singh,vikram.singh4895@example.com,24,Male,Kolkata,East,2025-06-06,Active
C04896,Arjun Nair,arjun.nair4896@example.com,34,Other,Ahmedabad,West,2024-03-31,Active
C04897,Arjun Iyer,arjun.iyer4897@example.com,18,Female,Kolkata,East,2025-02-23,Active
C04898,Divya Williams,divya.williams4898@example.com,23,Male,Hyderabad,South,2025-03-18,Active
C04899,Isabella Mehta,isabella.mehta4899@example.com,41,Other,Amritsar,North,2023-02-04,Active
C04900,Ishita Taylor,ishita.taylor4900@example.com,41,Other,Ranchi,East,2023-06-03,Active
C04901,Aditya Rao,aditya.rao4901@example.com,31,Other,Patna,East,2025-03-30,Active
C04902,Sneha Iyer,sneha.iyer4902@example.com,24,Male,Ahmedabad,West,2023-07-25,Inactive
C04903,Meera Patel,meera.patel4903@example.com,24,Other,Kochi,South,2024-11-30,Inactive
C04904,Vikram Malhotra,vikram.malhotra4904@example.com,31,Male,Delhi,North,2025-05-25,Inactive
C04905,Aanya Taylor,aanya.taylor4905@example.com,41,Male,Delhi,North,2025-04-14,Active
C04906,Arjun Reddy,arjun.reddy4906@example.com,44,Other,Ranchi,East,2024-12-06,Active
C04907,Arjun Reddy,arjun.reddy4907@example.com,30,Other,Ahmedabad,West,2023-04-15,Active
C04908,Rohan Taylor,rohan.taylor4908@example.com,23,Female,Guwahati,East,2025-03-17,Inactive
C04909,Arjun Nair,arjun.nair4909@example.com,37,Other,Surat,West,2023-11-10,Active
C04910,Sanjay Miller,sanjay.miller4910@example.com,26,Other,Mumbai,West,2024-02-23,Active
C04911,Emma Malhotra,emma.malhotra4911@example.com,29,Other,Lucknow,North,2024-08-20,Active
C04912,David Singh,david.singh4912@example.com,48,Other,Goa,West,2024-09-20,Active
C04913,Ishita Joshi,ishita.joshi4913@example.com,43,Female,Bhubaneswar,East,2024-09-06,Active
C04914,Daniel Davis,daniel.davis4914@example.com,36,Male,Amritsar,North,2023-10-10,Active
C04915,Sneha Sharma,sneha.sharma4915@example.com,22,Other,Mysuru,South,2023-07-04,Active
C04916,Meera Nair,meera.nair4916@example.com,37,Male,Kochi,South,2023-11-20,Active
C04917,Sneha Davis,sneha.davis4917@example.com,45,Other,Nagpur,West,2024-03-08,Active
C04918,Vikram Patel,vikram.patel4918@example.com,31,Female,Hyderabad,South,2023-03-10,Active
C04919,Karan Joshi,karan.joshi4919@example.com,48,Male,Amritsar,North,2023-11-12,Active
C04920,Rohan Johnson,rohan.johnson4920@example.com,47,Other,Pune,West,2025-05-08,Active
C04921,Emma Smith,emma.smith4921@example.com,51,Female,Nagpur,West,2023-06-21,Active
C04922,William Singh,william.singh4922@example.com,38,Male,Patna,East,2023-07-12,Active
C04923,Ananya Sharma,ananya.sharma4923@example.com,40,Other,Patna,East,2025-06-13,Active
C04924,Pooja Miller,pooja.miller4924@example.com,49,Male,Coimbatore,South,2025-05-08,Active
C04925,Mia Taylor,mia.taylor4925@example.com,39,Other,Amritsar,North,2024-12-17,Active
C04926,Neha Brown,neha.brown4926@example.com,29,Female,Surat,West,2023-11-06,Active
C04927,Mia Das,mia.das4927@example.com,30,Male,Jaipur,North,2024-06-01,Active
C04928,Ishita Smith,ishita.smith4928@example.com,37,Female,Jaipur,North,2023-07-20,Active
C04929,Kavya Reddy,kavya.reddy4929@example.com,22,Female,Ahmedabad,West,2023-08-04,Inactive
C04930,James Kumar,james.kumar4930@example.com,33,Female,Bhubaneswar,East,2024-07-17,Active
C04931,Sophia Davis,sophia.davis4931@example.com,45,Male,Guwahati,East,2025-04-08,Active
C04932,Mia Verma,mia.verma4932@example.com,18,Other,Kolkata,East,2024-01-20,Active
C04933,Nikhil Das,nikhil.das4933@example.com,50,Other,Chandigarh,North,2023-07-02,Active
C04934,Varun Rao,varun.rao4934@example.com,46,Female,Hyderabad,South,2024-06-29,Active
C04935,David Moore,david.moore4935@example.com,30,Male,Amritsar,North,2025-01-19,Active
C04936,Arjun Mehta,arjun.mehta4936@example.com,40,Female,Coimbatore,South,2023-07-13,Active
C04937,Mia Verma,mia.verma4937@example.com,35,Male,Chennai,South,2024-12-06,Active
C04938,Nikhil Taylor,nikhil.taylor4938@example.com,47,Male,Guwahati,East,2025-02-20,Inactive
C04939,Arjun Smith,arjun.smith4939@example.com,44,Female,Jaipur,North,2023-06-08,Active
C04940,Arjun Reddy,arjun.reddy4940@example.com,20,Female,Chennai,South,2025-01-11,Active
C04941,Arjun Iyer,arjun.iyer4941@example.com,40,Other,Bengaluru,South,2023-12-31,Active
C04942,Aditya Rao,aditya.rao4942@example.com,32,Male,Delhi,North,2023-07-14,Active
C04943,Aarav Malhotra,aarav.malhotra4943@example.com,35,Female,Patna,East,2024-06-29,Active
C04944,Divya Taylor,divya.taylor4944@example.com,27,Female,Delhi,North,2024-01-05,Active
C04945,Aditya Malhotra,aditya.malhotra4945@example.com,52,Female,Patna,East,2025-01-29,Inactive
C04946,Emma Nair,emma.nair4946@example.com,45,Female,Pune,West,2025-06-26,Active
C04947,Varun Kumar,varun.kumar4947@example.com,27,Male,Coimbatore,South,2024-02-21,Inactive
C04948,Rahul Patel,rahul.patel4948@example.com,21,Female,Patna,East,2023-11-11,Active
C04949,Meera Kumar,meera.kumar4949@example.com,31,Other,Delhi,North,2025-02-05,Active
C04950,Divya Reddy,divya.reddy4950@example.com,39,Male,Nagpur,West,2023-03-02,Inactive
C04951,Olivia Mehta,olivia.mehta4951@example.com,37,Male,Bengaluru,South,2025-03-30,Active
C04952,Rahul Kapoor,rahul.kapoor4952@example.com,47,Other,Goa,West,2023-05-09,Active
C04953,Sophia Brown,sophia.brown4953@example.com,42,Female,Dehradun,North,2024-10-15,Active
C04954,Varun Anderson,varun.anderson4954@example.com,44,Female,Goa,West,2023-05-30,Active
C04955,Vikram Brown,vikram.brown4955@example.com,38,Other,Mysuru,South,2025-03-29,Inactive
C04956,Aarav Sharma,aarav.sharma4956@example.com,21,Female,Dehradun,North,2024-08-05,Active
C04957,Rahul Anderson,rahul.anderson4957@example.com,33,Male,Ranchi,East,2024-07-18,Active
C04958,Rohan Verma,rohan.verma4958@example.com,45,Male,Dehradun,North,2023-02-01,Active
C04959,Kavya Iyer,kavya.iyer4959@example.com,34,Other,Ahmedabad,West,2024-05-20,Active
C04960,Kavya Malhotra,kavya.malhotra4960@example.com,40,Male,Bhubaneswar,East,2023-05-29,Active
C04961,Aditya Verma,aditya.verma4961@example.com,31,Other,Lucknow,North,2025-04-10,Active
C04962,Mia Singh,mia.singh4962@example.com,24,Other,Dehradun,North,2024-06-12,Active
C04963,Neha Johnson,neha.johnson4963@example.com,33,Male,Mumbai,West,2023-06-27,Active
C04964,Aarav Kapoor,aarav.kapoor4964@example.com,38,Female,Chennai,South,2025-05-17,Active
C04965,Nikhil Joshi,nikhil.joshi4965@example.com,28,Other,Ahmedabad,West,2024-09-13,Inactive
C04966,Varun Sharma,varun.sharma4966@example.com,32,Female,Dehradun,North,2025-06-10,Active
C04967,Karan Moore,karan.moore4967@example.com,25,Female,Ranchi,East,2023-07-29,Active
C04968,Daniel Das,daniel.das4968@example.com,46,Female,Ahmedabad,West,2025-04-04,Active
C04969,Sanjay Smith,sanjay.smith4969@example.com,32,Female,Goa,West,2025-01-15,Inactive
C04970,James Davis,james.davis4970@example.com,49,Other,Ranchi,East,2025-04-29,Active
C04971,Olivia Patel,olivia.patel4971@example.com,50,Female,Kochi,South,2024-10-24,Active
C04972,Aarav Reddy,aarav.reddy4972@example.com,34,Male,Coimbatore,South,2025-03-29,Active
C04973,Karan Sharma,karan.sharma4973@example.com,24,Female,Coimbatore,South,2024-05-08,Inactive
C04974,David Reddy,david.reddy4974@example.com,18,Other,Ranchi,East,2024-09-22,Active
C04975,Aditya Kumar,aditya.kumar4975@example.com,20,Other,Jaipur,North,2025-01-17,Active
C04976,Kavya Verma,kavya.verma4976@example.com,21,Other,Bhubaneswar,East,2024-08-06,Active
C04977,James Anderson,james.anderson4977@example.com,48,Male,Amritsar,North,2023-09-23,Active
C04978,Sneha Nair,sneha.nair4978@example.com,36,Female,Lucknow,North,2023-05-12,Active
C04979,Emma Kapoor,emma.kapoor4979@example.com,38,Female,Kolkata,East,2023-08-09,Active
C04980,Rahul Wilson,rahul.wilson4980@example.com,18,Other,Bhubaneswar,East,2024-02-08,Active
C04981,Michael Smith,michael.smith4981@example.com,23,Female,Guwahati,East,2025-04-14,Active
C04982,Karan Moore,karan.moore4982@example.com,43,Other,Ahmedabad,West,2023-06-02,Active
C04983,Michael Wilson,michael.wilson4983@example.com,37,Other,Chennai,South,2024-07-01,Active
C04984,David Verma,david.verma4984@example.com,33,Other,Coimbatore,South,2024-07-03,Inactive
C04985,Rohan Singh,rohan.singh4985@example.com,40,Male,Amritsar,North,2024-01-18,Active
C04986,Sanjay Iyer,sanjay.iyer4986@example.com,51,Female,Goa,West,2024-07-02,Active
C04987,Mia Kapoor,mia.kapoor4987@example.com,32,Other,Surat,West,2024-05-22,Active
C04988,Aditya Johnson,aditya.johnson4988@example.com,35,Male,Ahmedabad,West,2024-05-06,Inactive
C04989,Aditya Williams,aditya.williams4989@example.com,36,Female,Guwahati,East,2023-12-09,Active
C04990,Daniel Gupta,daniel.gupta4990@example.com,58,Male,Chennai,South,2024-05-04,Active
C04991,Divya Miller,divya.miller4991@example.com,18,Male,Patna,East,2024-05-30,Active
C04992,Kavya Moore,kavya.moore4992@example.com,41,Female,Ahmedabad,West,2023-10-11,Active
C04993,Daniel Nair,daniel.nair4993@example.com,33,Other,Dehradun,North,2024-01-31,Active
C04994,Nikhil Iyer,nikhil.iyer4994@example.com,40,Male,Kochi,South,2025-05-09,Active
C04995,Divya Brown,divya.brown4995@example.com,28,Female,Amritsar,North,2023-09-21,Active
C04996,Meera Das,meera.das4996@example.com,34,Female,Guwahati,East,2023-03-15,Active
C04997,David Kumar,david.kumar4997@example.com,42,Other,Ahmedabad,West,2024-02-17,Active
C04998,Mia Taylor,mia.taylor4998@example.com,66,Male,Pune,West,2025-04-08,Active
C04999,Emma Smith,emma.smith4999@example.com,43,Male,Chennai,South,2023-03-04,Inactive
C05000,William Patel,william.patel5000@example.com,26,Male,Pune,West,2025-02-15,Active
C05001,Daniel Singh,daniel.singh5001@example.com,30,Male,Nagpur,West,2023-10-15,Active
C05002,Sophia Taylor,sophia.taylor5002@example.com,30,Male,Guwahati,East,2023-11-09,Active
C05003,Karan Kapoor,karan.kapoor5003@example.com,18,Other,Kochi,South,2023-02-19,Active
C05004,Daniel Moore,daniel.moore5004@example.com,31,Male,Ranchi,East,2023-03-26,Active
C05005,Aarav Gupta,aarav.gupta5005@example.com,42,Male,Lucknow,North,2023-11-04,Active
C05006,Isabella Rao,isabella.rao5006@example.com,22,Female,Lucknow,North,2025-02-04,Active
C05007,Emma Brown,emma.brown5007@example.com,45,Male,Surat,West,2023-12-21,Active
C05008,David Sharma,david.sharma5008@example.com,39,Female,Ranchi,East,2023-09-08,Active
C05009,Divya Kapoor,divya.kapoor5009@example.com,27,Female,Mumbai,West,2025-05-26,Active
C05010,James Singh,james.singh5010@example.com,33,Female,Nagpur,West,2023-05-20,Active
C05011,Karan Moore,karan.moore5011@example.com,50,Female,Bhubaneswar,East,2024-10-01,Active
C05012,James Singh,james.singh5012@example.com,42,Other,Amritsar,North,2024-06-27,Inactive
C05013,Nikhil Taylor,nikhil.taylor5013@example.com,35,Other,Ranchi,East,2024-11-30,Active
C05014,Priya Reddy,priya.reddy5014@example.com,32,Female,Kolkata,East,2023-11-25,Active
C05015,Sneha Sharma,sneha.sharma5015@example.com,35,Other,Coimbatore,South,2024-05-24,Active
C05016,Rahul Reddy,rahul.reddy5016@example.com,29,Male,Guwahati,East,2024-01-31,Active
C05017,Divya Das,divya.das5017@example.com,18,Female,Bhubaneswar,East,2024-05-04,Active
C05018,Emma Joshi,emma.joshi5018@example.com,55,Male,Patna,East,2024-04-01,Active
C05019,William Iyer,william.iyer5019@example.com,36,Male,Chandigarh,North,2024-11-13,Active
C05020,Sanjay Reddy,sanjay.reddy5020@example.com,38,Female,Amritsar,North,2024-05-09,Active
C05021,Varun Wilson,varun.wilson5021@example.com,34,Other,Jaipur,North,2023-10-11,Active
C05022,Michael Verma,michael.verma5022@example.com,27,Female,Guwahati,East,2023-07-30,Active
C05023,Divya Johnson,divya.johnson5023@example.com,33,Male,Ahmedabad,West,2024-06-16,Active
C05024,Michael Miller,michael.miller5024@example.com,19,Female,Coimbatore,South,2024-11-09,Active
C05025,Nikhil Kapoor,nikhil.kapoor5025@example.com,57,Female,Ranchi,East,2024-01-24,Active
C05026,Aarav Das,aarav.das5026@example.com,22,Female,Chandigarh,North,2023-11-07,Active
C05027,Daniel Nair,daniel.nair5027@example.com,24,Male,Bhubaneswar,East,2025-02-23,Active
C05028,Pooja Kumar,pooja.kumar5028@example.com,30,Female,Nagpur,West,2025-05-30,Active
C05029,Emma Sharma,emma.sharma5029@example.com,47,Other,Bengaluru,South,2023-09-30,Active
C05030,Karan Moore,karan.moore5030@example.com,35,Male,Chandigarh,North,2023-11-02,Inactive
C05031,Ishita Williams,ishita.williams5031@example.com,22,Female,Bhubaneswar,East,2024-04-22,Active
C05032,Aanya Kumar,aanya.kumar5032@example.com,47,Male,Dehradun,North,2023-12-08,Active
C05033,Isabella Rao,isabella.rao5033@example.com,42,Female,Surat,West,2024-09-21,Inactive
C05034,Arjun Wilson,arjun.wilson5034@example.com,40,Female,Mysuru,South,2024-12-11,Active
C05035,Ishita Das,ishita.das5035@example.com,42,Female,Bengaluru,South,2024-05-27,Active
C05036,Sneha Iyer,sneha.iyer5036@example.com,58,Female,Kolkata,East,2024-10-25,Inactive
C05037,Ananya Joshi,ananya.joshi5037@example.com,56,Other,Ahmedabad,West,2023-12-03,Inactive
C05038,Rohan Davis,rohan.davis5038@example.com,28,Other,Ranchi,East,2023-11-18,Active
C05039,Ishita Das,ishita.das5039@example.com,51,Female,Coimbatore,South,2024-07-19,Active
C05040,Emma Davis,emma.davis5040@example.com,38,Female,Ranchi,East,2025-05-02,Active
C05041,Meera Joshi,meera.joshi5041@example.com,39,Male,Dehradun,North,2023-06-09,Active
C05042,Michael Gupta,michael.gupta5042@example.com,18,Female,Kolkata,East,2023-06-21,Active
C05043,Aarav Nair,aarav.nair5043@example.com,33,Male,Ranchi,East,2024-04-21,Active
C05044,Nikhil Miller,nikhil.miller5044@example.com,26,Other,Goa,West,2023-04-09,Active
C05045,Varun Brown,varun.brown5045@example.com,43,Other,Nagpur,West,2025-04-08,Active
C05046,Ananya Johnson,ananya.johnson5046@example.com,45,Female,Chennai,South,2024-12-31,Active
C05047,Sanjay Moore,sanjay.moore5047@example.com,18,Male,Kolkata,East,2024-05-26,Inactive
C05048,Aanya Kumar,aanya.kumar5048@example.com,34,Female,Ranchi,East,2023-01-27,Active
C05049,Aarav Reddy,aarav.reddy5049@example.com,46,Female,Mumbai,West,2023-12-23,Active
C05050,Isabella Patel,isabella.patel5050@example.com,33,Male,Dehradun,North,2024-03-24,Active
C05051,Varun Miller,varun.miller5051@example.com,42,Female,Surat,West,2024-08-11,Active
C05052,Divya Verma,divya.verma5052@example.com,38,Other,Nagpur,West,2023-11-17,Active
C05053,David Moore,david.moore5053@example.com,38,Male,Chandigarh,North,2023-04-23,Active
C05054,Sophia Anderson,sophia.anderson5054@example.com,32,Male,Guwahati,East,2024-11-11,Active
C05055,Karan Wilson,karan.wilson5055@example.com,22,Male,Surat,West,2023-12-28,Inactive
C05056,Sneha Das,sneha.das5056@example.com,23,Other,Surat,West,2025-03-25,Active
C05057,Pooja Patel,pooja.patel5057@example.com,42,Female,Mumbai,West,2023-05-12,Active
C05058,Michael Reddy,michael.reddy5058@example.com,35,Male,Chennai,South,2023-08-25,Active
C05059,Divya Sharma,divya.sharma5059@example.com,33,Male,Jaipur,North,2023-10-06,Active
C05060,Priya Brown,priya.brown5060@example.com,30,Other,Ahmedabad,West,2023-11-14,Inactive
C05061,Karan Wilson,karan.wilson5061@example.com,31,Male,Kochi,South,2023-11-18,Active
C05062,Michael Reddy,michael.reddy5062@example.com,45,Other,Surat,West,2023-10-02,Active
C05063,James Anderson,james.anderson5063@example.com,31,Other,Jaipur,North,2023-01-12,Active
C05064,Emma Rao,emma.rao5064@example.com,21,Female,Nagpur,West,2025-03-03,Active
C05065,William Singh,william.singh5065@example.com,42,Female,Guwahati,East,2025-04-24,Active
C05066,Priya Wilson,priya.wilson5066@example.com,32,Female,Chennai,South,2023-08-31,Inactive
C05067,Vikram Moore,vikram.moore5067@example.com,35,Male,Goa,West,2023-05-25,Inactive
C05068,Varun Kumar,varun.kumar5068@example.com,51,Male,Surat,West,2025-04-09,Active
C05069,Sophia Verma,sophia.verma5069@example.com,34,Male,Bengaluru,South,2023-09-28,Active
C05070,Isabella Verma,isabella.verma5070@example.com,37,Female,Chennai,South,2023-03-26,Inactive
C05071,Kavya Williams,kavya.williams5071@example.com,23,Male,Nagpur,West,2025-05-13,Active
C05072,Michael Anderson,michael.anderson5072@example.com,32,Female,Ranchi,East,2024-04-07,Inactive
C05073,Mia Das,mia.das5073@example.com,41,Other,Ranchi,East,2023-08-08,Active
C05074,Neha Reddy,neha.reddy5074@example.com,19,Male,Patna,East,2024-06-17,Active
C05075,Rohan Joshi,rohan.joshi5075@example.com,37,Female,Kolkata,East,2023-07-12,Active
C05076,Aditya Singh,aditya.singh5076@example.com,36,Male,Dehradun,North,2023-07-31,Active
C05077,Varun Gupta,varun.gupta5077@example.com,35,Female,Dehradun,North,2025-05-07,Inactive
C05078,Neha Anderson,neha.anderson5078@example.com,45,Male,Goa,West,2024-07-03,Active
C05079,Arjun Mehta,arjun.mehta5079@example.com,38,Female,Ranchi,East,2024-11-17,Active
C05080,Vikram Wilson,vikram.wilson5080@example.com,49,Other,Delhi,North,2023-09-07,Active
C05081,Aanya Kumar,aanya.kumar5081@example.com,25,Male,Patna,East,2023-07-09,Active
C05082,Aarav Gupta,aarav.gupta5082@example.com,36,Male,Kochi,South,2024-06-04,Active
C05083,Nikhil Brown,nikhil.brown5083@example.com,35,Male,Ahmedabad,West,2025-01-19,Active
C05084,Olivia Brown,olivia.brown5084@example.com,24,Female,Nagpur,West,2023-04-22,Inactive
C05085,Karan Singh,karan.singh5085@example.com,44,Other,Kochi,South,2024-09-10,Active
C05086,Daniel Brown,daniel.brown5086@example.com,58,Other,Surat,West,2025-05-08,Active
C05087,Ananya Brown,ananya.brown5087@example.com,34,Male,Pune,West,2023-02-12,Active
C05088,Aanya Wilson,aanya.wilson5088@example.com,40,Female,Goa,West,2023-04-16,Active
C05089,Sneha Wilson,sneha.wilson5089@example.com,35,Male,Hyderabad,South,2024-02-01,Inactive
C05090,Vikram Davis,vikram.davis5090@example.com,27,Female,Ranchi,East,2024-04-23,Active
C05091,Aanya Iyer,aanya.iyer5091@example.com,18,Other,Chandigarh,North,2024-12-02,Active
C05092,Sophia Mehta,sophia.mehta5092@example.com,27,Other,Chandigarh,North,2023-02-03,Inactive
C05093,Aarav Rao,aarav.rao5093@example.com,21,Female,Nagpur,West,2023-05-14,Active
C05094,Divya Malhotra,divya.malhotra5094@example.com,52,Other,Dehradun,North,2023-02-24,Active
C05095,Isabella Das,isabella.das5095@example.com,33,Other,Dehradun,North,2024-08-10,Active
C05096,Rahul Williams,rahul.williams5096@example.com,31,Female,Goa,West,2024-04-20,Inactive
C05097,Priya Kumar,priya.kumar5097@example.com,43,Female,Ahmedabad,West,2023-09-10,Active
C05098,David Joshi,david.joshi5098@example.com,23,Other,Mysuru,South,2023-05-22,Active
C05099,Karan Sharma,karan.sharma5099@example.com,27,Male,Bhubaneswar,East,2023-06-28,Active
C05100,James Smith,james.smith5100@example.com,35,Female,Amritsar,North,2024-01-11,Active
C05101,Isabella Davis,isabella.davis5101@example.com,45,Male,Jaipur,North,2023-07-23,Active
C05102,Sneha Anderson,sneha.anderson5102@example.com,40,Other,Guwahati,East,2025-04-27,Active
C05103,Meera Das,meera.das5103@example.com,37,Female,Delhi,North,2023-09-03,Inactive
C05104,Pooja Nair,pooja.nair5104@example.com,35,Female,Kolkata,East,2023-09-17,Active
C05105,James Das,james.das5105@example.com,39,Male,Mysuru,South,2023-01-27,Inactive
C05106,Aanya Anderson,aanya.anderson5106@example.com,37,Male,Lucknow,North,2023-06-04,Inactive
C05107,Arjun Williams,arjun.williams5107@example.com,24,Female,Bengaluru,South,2024-01-12,Active
C05108,Varun Sharma,varun.sharma5108@example.com,35,Male,Goa,West,2023-12-14,Active
C05109,Pooja Brown,pooja.brown5109@example.com,24,Male,Mumbai,West,2025-05-27,Active
C05110,Aanya Das,aanya.das5110@example.com,35,Female,Jaipur,North,2024-05-27,Active
C05111,Neha Reddy,neha.reddy5111@example.com,30,Male,Amritsar,North,2023-09-17,Inactive
C05112,Aditya Reddy,aditya.reddy5112@example.com,60,Female,Mumbai,West,2023-09-17,Active
C05113,Daniel Johnson,daniel.johnson5113@example.com,34,Other,Mysuru,South,2023-11-25,Active
C05114,Kavya Mehta,kavya.mehta5114@example.com,20,Male,Surat,West,2025-02-13,Active
C05115,Nikhil Wilson,nikhil.wilson5115@example.com,33,Female,Surat,West,2025-05-28,Active
C05116,Sneha Nair,sneha.nair5116@example.com,40,Female,Ahmedabad,West,2024-11-02,Inactive
C05117,Daniel Wilson,daniel.wilson5117@example.com,51,Male,Nagpur,West,2025-05-12,Active
C05118,Aanya Rao,aanya.rao5118@example.com,29,Male,Pune,West,2023-07-01,Active
C05119,William Taylor,william.taylor5119@example.com,19,Other,Nagpur,West,2024-04-07,Active
C05120,Isabella Iyer,isabella.iyer5120@example.com,43,Male,Ahmedabad,West,2025-03-09,Active
C05121,Isabella Patel,isabella.patel5121@example.com,21,Other,Guwahati,East,2023-11-07,Active
C05122,Sophia Gupta,sophia.gupta5122@example.com,30,Male,Nagpur,West,2024-07-08,Active
C05123,Aarav Iyer,aarav.iyer5123@example.com,32,Female,Ranchi,East,2023-06-16,Active
C05124,Michael Williams,michael.williams5124@example.com,34,Female,Goa,West,2025-04-17,Active
C05125,Meera Kumar,meera.kumar5125@example.com,41,Male,Ranchi,East,2023-04-21,Active
C05126,Neha Malhotra,neha.malhotra5126@example.com,28,Female,Surat,West,2023-10-24,Active
C05127,Aditya Malhotra,aditya.malhotra5127@example.com,32,Male,Ranchi,East,2024-06-08,Active
C05128,Priya Joshi,priya.joshi5128@example.com,34,Other,Pune,West,2024-08-13,Active
C05129,Olivia Sharma,olivia.sharma5129@example.com,36,Male,Patna,East,2024-08-16,Active
C05130,Sanjay Das,sanjay.das5130@example.com,35,Other,Ranchi,East,2024-03-02,Active
C05131,Emma Williams,emma.williams5131@example.com,39,Other,Surat,West,2024-09-03,Active
C05132,Rohan Smith,rohan.smith5132@example.com,43,Male,Mumbai,West,2024-02-24,Active
C05133,Divya Anderson,divya.anderson5133@example.com,38,Female,Mumbai,West,2025-06-23,Active
C05134,Divya Das,divya.das5134@example.com,39,Female,Surat,West,2023-02-11,Active
C05135,Varun Kapoor,varun.kapoor5135@example.com,19,Male,Coimbatore,South,2024-01-21,Active
C05136,Priya Taylor,priya.taylor5136@example.com,35,Female,Goa,West,2023-03-13,Active
C05137,Nikhil Anderson,nikhil.anderson5137@example.com,39,Male,Delhi,North,2024-01-02,Active
C05138,Priya Wilson,priya.wilson5138@example.com,42,Male,Pune,West,2024-02-21,Active
C05139,Rohan Verma,rohan.verma5139@example.com,28,Male,Chennai,South,2023-07-17,Active
C05140,Sophia Singh,sophia.singh5140@example.com,28,Male,Hyderabad,South,2024-09-23,Active
C05141,Vikram Joshi,vikram.joshi5141@example.com,29,Male,Chennai,South,2025-03-17,Active
C05142,Varun Mehta,varun.mehta5142@example.com,40,Other,Chandigarh,North,2023-08-21,Active
C05143,Divya Das,divya.das5143@example.com,45,Other,Chandigarh,North,2023-05-14,Active
C05144,David Joshi,david.joshi5144@example.com,30,Female,Goa,West,2025-03-08,Active
C05145,Rahul Smith,rahul.smith5145@example.com,44,Female,Kolkata,East,2023-09-06,Active
C05146,Sophia Joshi,sophia.joshi5146@example.com,36,Female,Delhi,North,2023-09-17,Active
C05147,Kavya Brown,kavya.brown5147@example.com,33,Female,Patna,East,2023-09-09,Active
C05148,Priya Das,priya.das5148@example.com,32,Female,Lucknow,North,2023-11-15,Inactive
C05149,Sneha Malhotra,sneha.malhotra5149@example.com,42,Female,Lucknow,North,2025-02-17,Inactive
C05150,Aditya Sharma,aditya.sharma5150@example.com,38,Female,Chennai,South,2024-07-24,Inactive
C05151,Sanjay Miller,sanjay.miller5151@example.com,57,Female,Goa,West,2024-07-11,Active
C05152,Sneha Taylor,sneha.taylor5152@example.com,26,Other,Hyderabad,South,2023-05-14,Active
C05153,Mia Brown,mia.brown5153@example.com,40,Male,Hyderabad,South,2023-04-06,Active
C05154,Karan Kapoor,karan.kapoor5154@example.com,29,Male,Guwahati,East,2024-08-29,Active
C05155,Sophia Brown,sophia.brown5155@example.com,26,Other,Coimbatore,South,2024-06-21,Active
C05156,Pooja Gupta,pooja.gupta5156@example.com,34,Other,Coimbatore,South,2023-03-20,Active
C05157,Varun Das,varun.das5157@example.com,36,Female,Chennai,South,2023-06-27,Active
C05158,Mia Wilson,mia.wilson5158@example.com,64,Other,Chandigarh,North,2024-02-06,Active
C05159,Aarav Rao,aarav.rao5159@example.com,33,Male,Chandigarh,North,2025-02-17,Active
C05160,Aarav Sharma,aarav.sharma5160@example.com,23,Female,Chandigarh,North,2023-03-22,Active
C05161,Pooja Nair,pooja.nair5161@example.com,37,Female,Coimbatore,South,2024-12-02,Active
C05162,Olivia Verma,olivia.verma5162@example.com,18,Other,Jaipur,North,2024-12-21,Active
C05163,Emma Brown,emma.brown5163@example.com,34,Female,Delhi,North,2023-11-01,Active
C05164,Karan Mehta,karan.mehta5164@example.com,35,Other,Kolkata,East,2024-05-25,Active
C05165,Isabella Mehta,isabella.mehta5165@example.com,42,Female,Delhi,North,2024-03-01,Active
C05166,Daniel Taylor,daniel.taylor5166@example.com,44,Male,Ahmedabad,West,2025-03-09,Active
C05167,Olivia Wilson,olivia.wilson5167@example.com,29,Other,Kochi,South,2024-04-03,Active
C05168,Sneha Taylor,sneha.taylor5168@example.com,33,Female,Hyderabad,South,2023-02-26,Active
C05169,Emma Johnson,emma.johnson5169@example.com,27,Male,Patna,East,2023-07-26,Active
C05170,Pooja Singh,pooja.singh5170@example.com,23,Male,Guwahati,East,2024-12-06,Active
C05171,James Miller,james.miller5171@example.com,38,Male,Goa,West,2024-03-12,Active
C05172,Aditya Malhotra,aditya.malhotra5172@example.com,22,Other,Lucknow,North,2023-06-07,Active
C05173,Arjun Mehta,arjun.mehta5173@example.com,30,Other,Surat,West,2024-11-10,Active
C05174,Daniel Malhotra,daniel.malhotra5174@example.com,25,Male,Amritsar,North,2023-04-08,Active
C05175,Meera Brown,meera.brown5175@example.com,40,Other,Amritsar,North,2025-05-17,Inactive
C05176,Divya Singh,divya.singh5176@example.com,53,Female,Hyderabad,South,2023-03-17,Active
C05177,Isabella Johnson,isabella.johnson5177@example.com,21,Male,Delhi,North,2024-07-16,Active
C05178,Sneha Rao,sneha.rao5178@example.com,18,Other,Bhubaneswar,East,2023-06-02,Inactive
C05179,William Mehta,william.mehta5179@example.com,33,Other,Mumbai,West,2024-10-24,Inactive
C05180,Aditya Smith,aditya.smith5180@example.com,35,Male,Goa,West,2024-08-30,Inactive
C05181,Daniel Das,daniel.das5181@example.com,37,Female,Guwahati,East,2025-04-10,Active
C05182,Sophia Davis,sophia.davis5182@example.com,30,Other,Pune,West,2024-03-30,Active
C05183,David Malhotra,david.malhotra5183@example.com,32,Female,Hyderabad,South,2025-04-30,Inactive
C05184,Sophia Nair,sophia.nair5184@example.com,38,Male,Kolkata,East,2023-11-03,Active
C05185,Varun Kapoor,varun.kapoor5185@example.com,45,Male,Pune,West,2024-01-30,Active
C05186,Mia Johnson,mia.johnson5186@example.com,18,Male,Amritsar,North,2024-12-10,Active
C05187,Sophia Brown,sophia.brown5187@example.com,31,Other,Guwahati,East,2024-04-05,Active
C05188,Sophia Malhotra,sophia.malhotra5188@example.com,37,Female,Nagpur,West,2023-06-25,Inactive
C05189,Rohan Miller,rohan.miller5189@example.com,25,Female,Patna,East,2023-07-22,Active
C05190,Divya Malhotra,divya.malhotra5190@example.com,52,Other,Patna,East,2024-05-22,Active
C05191,Pooja Kumar,pooja.kumar5191@example.com,28,Female,Ahmedabad,West,2024-02-20,Active
C05192,David Smith,david.smith5192@example.com,34,Other,Bhubaneswar,East,2024-10-25,Active
C05193,Mia Williams,mia.williams5193@example.com,40,Male,Coimbatore,South,2025-02-20,Active
C05194,Daniel Sharma,daniel.sharma5194@example.com,29,Other,Guwahati,East,2023-10-31,Active
C05195,Isabella Kapoor,isabella.kapoor5195@example.com,18,Male,Goa,West,2024-10-03,Active
C05196,Neha Sharma,neha.sharma5196@example.com,30,Other,Amritsar,North,2023-03-09,Active
C05197,Sneha Brown,sneha.brown5197@example.com,45,Female,Ranchi,East,2023-05-11,Active
C05198,Karan Moore,karan.moore5198@example.com,31,Other,Kochi,South,2025-05-03,Active
C05199,Divya Singh,divya.singh5199@example.com,26,Male,Patna,East,2023-08-15,Active
C05200,Divya Anderson,divya.anderson5200@example.com,44,Male,Hyderabad,South,2025-01-05,Inactive
C05201,Olivia Iyer,olivia.iyer5201@example.com,31,Male,Delhi,North,2024-04-22,Active
C05202,Priya Verma,priya.verma5202@example.com,29,Female,Chandigarh,North,2023-11-15,Inactive
C05203,Isabella Iyer,isabella.iyer5203@example.com,36,Female,Ranchi,East,2024-08-08,Inactive
C05204,Daniel Reddy,daniel.reddy5204@example.com,42,Other,Delhi,North,2023-09-30,Active
C05205,Aditya Davis,aditya.davis5205@example.com,58,Other,Bengaluru,South,2025-01-24,Active
C05206,Priya Williams,priya.williams5206@example.com,43,Other,Bhubaneswar,East,2024-10-14,Active
C05207,Meera Wilson,meera.wilson5207@example.com,46,Female,Guwahati,East,2024-12-11,Active
C05208,Ishita Rao,ishita.rao5208@example.com,29,Other,Mumbai,West,2023-01-21,Active
C05209,Michael Verma,michael.verma5209@example.com,24,Other,Kochi,South,2023-11-05,Active
C05210,Aditya Sharma,aditya.sharma5210@example.com,35,Male,Kochi,South,2025-01-06,Active
C05211,Aanya Moore,aanya.moore5211@example.com,36,Other,Amritsar,North,2023-02-26,Active
C05212,Arjun Miller,arjun.miller5212@example.com,24,Female,Surat,West,2023-11-05,Active
C05213,William Taylor,william.taylor5213@example.com,33,Other,Pune,West,2023-11-29,Active
C05214,Mia Nair,mia.nair5214@example.com,38,Male,Dehradun,North,2024-10-18,Active
C05215,Pooja Davis,pooja.davis5215@example.com,38,Male,Goa,West,2025-01-11,Active
C05216,Meera Malhotra,meera.malhotra5216@example.com,40,Female,Dehradun,North,2025-04-10,Inactive
C05217,Rohan Nair,rohan.nair5217@example.com,37,Male,Coimbatore,South,2024-12-01,Active
C05218,Aditya Gupta,aditya.gupta5218@example.com,29,Other,Lucknow,North,2025-03-07,Active
C05219,Ishita Verma,ishita.verma5219@example.com,29,Other,Mysuru,South,2024-04-25,Active
C05220,Nikhil Gupta,nikhil.gupta5220@example.com,23,Male,Chennai,South,2025-04-27,Active
C05221,Sneha Sharma,sneha.sharma5221@example.com,52,Female,Jaipur,North,2023-08-27,Active
C05222,David Wilson,david.wilson5222@example.com,35,Male,Mysuru,South,2023-02-21,Active
C05223,Neha Kumar,neha.kumar5223@example.com,32,Male,Kochi,South,2023-06-06,Active
C05224,Aarav Miller,aarav.miller5224@example.com,25,Other,Ahmedabad,West,2024-07-05,Active
C05225,Aanya Rao,aanya.rao5225@example.com,64,Male,Pune,West,2023-12-22,Active
C05226,Aanya Singh,aanya.singh5226@example.com,24,Male,Chandigarh,North,2025-04-21,Active
C05227,Pooja Moore,pooja.moore5227@example.com,30,Male,Delhi,North,2024-01-10,Inactive
C05228,Isabella Brown,isabella.brown5228@example.com,39,Male,Guwahati,East,2025-04-03,Active
C05229,Vikram Singh,vikram.singh5229@example.com,41,Male,Kolkata,East,2024-10-25,Active
C05230,Karan Nair,karan.nair5230@example.com,44,Male,Patna,East,2023-03-22,Active
C05231,William Das,william.das5231@example.com,53,Male,Chennai,South,2023-05-15,Active
C05232,Michael Smith,michael.smith5232@example.com,40,Male,Chandigarh,North,2024-08-23,Active
C05233,David Das,david.das5233@example.com,24,Male,Mysuru,South,2023-12-24,Active
C05234,James Nair,james.nair5234@example.com,32,Other,Mysuru,South,2023-09-18,Inactive
C05235,James Brown,james.brown5235@example.com,38,Male,Amritsar,North,2023-12-08,Active
C05236,Pooja Kumar,pooja.kumar5236@example.com,55,Female,Patna,East,2024-03-18,Active
C05237,Daniel Miller,daniel.miller5237@example.com,21,Male,Coimbatore,South,2023-10-12,Active
C05238,Ananya Taylor,ananya.taylor5238@example.com,47,Female,Chandigarh,North,2023-05-18,Inactive
C05239,Olivia Johnson,olivia.johnson5239@example.com,36,Other,Dehradun,North,2024-01-09,Inactive
C05240,Aditya Singh,aditya.singh5240@example.com,43,Male,Pune,West,2025-06-13,Active
C05241,Arjun Iyer,arjun.iyer5241@example.com,33,Male,Surat,West,2023-10-24,Active
C05242,Kavya Wilson,kavya.wilson5242@example.com,26,Female,Guwahati,East,2024-05-27,Active
C05243,Nikhil Malhotra,nikhil.malhotra5243@example.com,42,Male,Goa,West,2023-11-10,Active
C05244,Meera Sharma,meera.sharma5244@example.com,41,Other,Mysuru,South,2023-02-13,Active
C05245,Aanya Reddy,aanya.reddy5245@example.com,44,Female,Delhi,North,2025-02-22,Active
C05246,Emma Gupta,emma.gupta5246@example.com,34,Other,Delhi,North,2023-06-02,Active
C05247,Divya Gupta,divya.gupta5247@example.com,29,Male,Amritsar,North,2023-10-15,Active
C05248,Ananya Joshi,ananya.joshi5248@example.com,19,Male,Nagpur,West,2024-07-22,Active
C05249,Pooja Moore,pooja.moore5249@example.com,43,Other,Goa,West,2025-01-21,Active
C05250,Mia Davis,mia.davis5250@example.com,39,Male,Ranchi,East,2023-12-25,Active
C05251,Karan Anderson,karan.anderson5251@example.com,25,Other,Ahmedabad,West,2024-07-03,Active
C05252,Priya Smith,priya.smith5252@example.com,29,Male,Surat,West,2023-01-13,Active
C05253,Pooja Verma,pooja.verma5253@example.com,30,Male,Mysuru,South,2025-01-11,Active
C05254,Olivia Nair,olivia.nair5254@example.com,20,Female,Dehradun,North,2023-06-08,Active
C05255,Ishita Kapoor,ishita.kapoor5255@example.com,26,Female,Pune,West,2023-01-19,Active
C05256,Emma Moore,emma.moore5256@example.com,23,Male,Mysuru,South,2024-06-30,Active
C05257,Nikhil Smith,nikhil.smith5257@example.com,30,Other,Goa,West,2024-08-21,Active
C05258,Daniel Mehta,daniel.mehta5258@example.com,27,Female,Kolkata,East,2023-10-18,Active
C05259,Nikhil Reddy,nikhil.reddy5259@example.com,18,Female,Kochi,South,2024-02-01,Active
C05260,Karan Smith,karan.smith5260@example.com,55,Other,Chandigarh,North,2025-01-10,Active
C05261,Isabella Johnson,isabella.johnson5261@example.com,47,Female,Kolkata,East,2025-02-20,Active
C05262,Meera Nair,meera.nair5262@example.com,27,Female,Delhi,North,2024-03-17,Active
C05263,Rohan Nair,rohan.nair5263@example.com,37,Male,Ranchi,East,2025-02-07,Active
C05264,Daniel Malhotra,daniel.malhotra5264@example.com,39,Male,Dehradun,North,2024-08-25,Inactive
C05265,Aanya Singh,aanya.singh5265@example.com,46,Female,Dehradun,North,2024-06-25,Inactive
C05266,Aditya Anderson,aditya.anderson5266@example.com,26,Male,Ranchi,East,2023-09-03,Active
C05267,Sophia Rao,sophia.rao5267@example.com,45,Male,Surat,West,2024-11-24,Active
C05268,James Johnson,james.johnson5268@example.com,29,Female,Surat,West,2023-04-21,Active
C05269,Ananya Das,ananya.das5269@example.com,21,Female,Kochi,South,2024-07-14,Active
C05270,Isabella Kumar,isabella.kumar5270@example.com,42,Male,Hyderabad,South,2023-09-26,Active
C05271,William Nair,william.nair5271@example.com,47,Female,Chennai,South,2023-11-25,Active
C05272,Neha Williams,neha.williams5272@example.com,60,Male,Lucknow,North,2024-06-03,Inactive
C05273,Varun Williams,varun.williams5273@example.com,23,Other,Dehradun,North,2025-05-13,Active
C05274,Daniel Malhotra,daniel.malhotra5274@example.com,41,Male,Surat,West,2024-06-16,Active
C05275,Karan Kumar,karan.kumar5275@example.com,30,Female,Chennai,South,2023-08-08,Active
C05276,Sanjay Rao,sanjay.rao5276@example.com,42,Other,Bhubaneswar,East,2023-03-02,Active
C05277,Sneha Iyer,sneha.iyer5277@example.com,20,Male,Lucknow,North,2024-09-21,Active
C05278,Pooja Moore,pooja.moore5278@example.com,22,Other,Hyderabad,South,2023-10-12,Active
C05279,Vikram Kapoor,vikram.kapoor5279@example.com,27,Female,Ahmedabad,West,2023-06-06,Active
C05280,Rohan Das,rohan.das5280@example.com,35,Male,Nagpur,West,2024-06-18,Active
C05281,Rahul Iyer,rahul.iyer5281@example.com,28,Male,Pune,West,2024-04-08,Active
C05282,Aarav Verma,aarav.verma5282@example.com,41,Male,Mumbai,West,2023-09-13,Active
C05283,Aanya Das,aanya.das5283@example.com,45,Female,Chennai,South,2025-01-31,Active
C05284,Ishita Reddy,ishita.reddy5284@example.com,40,Other,Jaipur,North,2024-01-13,Active
C05285,Ananya Smith,ananya.smith5285@example.com,51,Other,Lucknow,North,2023-06-19,Active
C05286,Arjun Kapoor,arjun.kapoor5286@example.com,39,Female,Lucknow,North,2024-03-17,Active
C05287,Rohan Williams,rohan.williams5287@example.com,22,Male,Jaipur,North,2024-05-14,Active
C05288,Pooja Miller,pooja.miller5288@example.com,48,Other,Patna,East,2023-02-04,Active
C05289,Meera Reddy,meera.reddy5289@example.com,28,Female,Pune,West,2023-05-24,Active
C05290,Sophia Nair,sophia.nair5290@example.com,44,Female,Guwahati,East,2023-11-07,Active
C05291,Sophia Mehta,sophia.mehta5291@example.com,50,Other,Bengaluru,South,2024-07-22,Active
C05292,Emma Reddy,emma.reddy5292@example.com,39,Male,Pune,West,2025-06-08,Active
C05293,Neha Das,neha.das5293@example.com,20,Male,Mumbai,West,2023-08-20,Inactive
C05294,Aanya Moore,aanya.moore5294@example.com,25,Male,Amritsar,North,2024-01-25,Active
C05295,Sophia Kumar,sophia.kumar5295@example.com,48,Other,Lucknow,North,2025-02-19,Active
C05296,Karan Reddy,karan.reddy5296@example.com,33,Male,Mumbai,West,2023-09-28,Active
C05297,Varun Taylor,varun.taylor5297@example.com,35,Male,Amritsar,North,2025-04-30,Active
C05298,Aditya Joshi,aditya.joshi5298@example.com,42,Other,Mysuru,South,2024-11-23,Active
C05299,Meera Johnson,meera.johnson5299@example.com,41,Other,Ranchi,East,2024-11-16,Active
C05300,Aanya Rao,aanya.rao5300@example.com,37,Female,Kolkata,East,2023-03-22,Active
C05301,Sanjay Kumar,sanjay.kumar5301@example.com,32,Male,Hyderabad,South,2025-05-28,Inactive
C05302,Aarav Iyer,aarav.iyer5302@example.com,31,Male,Lucknow,North,2024-12-15,Active
C05303,Daniel Kumar,daniel.kumar5303@example.com,43,Female,Chennai,South,2025-06-13,Active
C05304,Neha Malhotra,neha.malhotra5304@example.com,40,Male,Lucknow,North,2024-05-29,Active
C05305,Emma Mehta,emma.mehta5305@example.com,32,Male,Amritsar,North,2025-04-06,Inactive
C05306,Ananya Nair,ananya.nair5306@example.com,45,Other,Surat,West,2025-04-17,Active
C05307,Aarav Gupta,aarav.gupta5307@example.com,33,Male,Hyderabad,South,2023-09-26,Active
C05308,Vikram Iyer,vikram.iyer5308@example.com,26,Female,Ranchi,East,2023-05-09,Inactive
C05309,Aditya Wilson,aditya.wilson5309@example.com,27,Female,Kochi,South,2024-09-06,Active
C05310,Emma Mehta,emma.mehta5310@example.com,25,Male,Chandigarh,North,2023-08-16,Active
C05311,Vikram Davis,vikram.davis5311@example.com,32,Other,Ahmedabad,West,2024-08-17,Active
C05312,Divya Rao,divya.rao5312@example.com,47,Male,Mumbai,West,2024-09-15,Active
C05313,Emma Davis,emma.davis5313@example.com,26,Female,Kochi,South,2023-04-02,Active
C05314,Arjun Sharma,arjun.sharma5314@example.com,36,Female,Ahmedabad,West,2023-01-18,Active
C05315,Ishita Rao,ishita.rao5315@example.com,28,Male,Surat,West,2024-12-20,Active
C05316,Pooja Joshi,pooja.joshi5316@example.com,32,Male,Lucknow,North,2023-03-31,Active
C05317,Aarav Johnson,aarav.johnson5317@example.com,19,Other,Delhi,North,2024-02-20,Active
C05318,Sophia Kumar,sophia.kumar5318@example.com,32,Male,Ranchi,East,2023-11-26,Active
C05319,Mia Nair,,33,Male,Chandigarh,North,2023-03-04,Active
C05320,Karan Malhotra,karan.malhotra5320@example.com,40,Other,Guwahati,East,2023-11-04,Inactive
C05321,Daniel Williams,daniel.williams5321@example.com,37,Other,Nagpur,West,2024-08-28,Active
C05322,Arjun Malhotra,arjun.malhotra5322@example.com,23,Male,Guwahati,East,2024-10-27,Active
C05323,Aanya Malhotra,aanya.malhotra5323@example.com,45,Female,Delhi,North,2023-01-05,Active
C05324,Michael Rao,michael.rao5324@example.com,37,Other,Surat,West,2024-05-07,Active
C05325,Rohan Gupta,rohan.gupta5325@example.com,36,Male,Guwahati,East,2024-03-30,Active
C05326,Nikhil Kumar,nikhil.kumar5326@example.com,34,Other,Delhi,North,2024-12-21,Active
C05327,Vikram Davis,vikram.davis5327@example.com,29,Male,Delhi,North,2023-06-24,Inactive
C05328,Neha Reddy,neha.reddy5328@example.com,37,Female,Patna,East,2023-12-09,Inactive
C05329,Vikram Rao,vikram.rao5329@example.com,39,Male,Surat,West,2023-08-27,Active
C05330,Emma Kapoor,emma.kapoor5330@example.com,18,Other,Guwahati,East,2023-12-17,Active
C05331,Varun Kumar,varun.kumar5331@example.com,29,Female,Bengaluru,South,2025-03-05,Active
C05332,Sneha Das,sneha.das5332@example.com,32,Male,Mysuru,South,2023-01-02,Inactive
C05333,Divya Moore,divya.moore5333@example.com,37,Other,Lucknow,North,2024-08-20,Active
C05334,Rohan Taylor,rohan.taylor5334@example.com,46,Female,Ahmedabad,West,2025-01-04,Active
C05335,William Malhotra,william.malhotra5335@example.com,27,Male,Nagpur,West,2023-04-17,Inactive
C05336,Isabella Nair,isabella.nair5336@example.com,30,Female,Coimbatore,South,2024-12-12,Inactive
C05337,Pooja Moore,pooja.moore5337@example.com,29,Other,Guwahati,East,2023-06-05,Inactive
C05338,Sophia Johnson,sophia.johnson5338@example.com,26,Female,Mysuru,South,2025-05-16,Active
C05339,William Davis,william.davis5339@example.com,31,Male,Bhubaneswar,East,2025-06-05,Active
C05340,Nikhil Wilson,nikhil.wilson5340@example.com,42,Male,Goa,West,2023-09-25,Active
C05341,Varun Gupta,varun.gupta5341@example.com,24,Male,Chennai,South,2025-02-22,Active
C05342,Mia Patel,mia.patel5342@example.com,39,Female,Surat,West,2023-01-07,Active
C05343,Isabella Rao,isabella.rao5343@example.com,18,Female,Chandigarh,North,2024-04-18,Active
C05344,Ananya Joshi,ananya.joshi5344@example.com,29,Male,Dehradun,North,2023-12-14,Active
C05345,Michael Mehta,michael.mehta5345@example.com,31,Female,Chennai,South,2023-11-06,Active
C05346,Ananya Nair,ananya.nair5346@example.com,51,Other,Mumbai,West,2024-10-05,Active
C05347,Aarav Rao,aarav.rao5347@example.com,32,Other,Ranchi,East,2025-01-04,Active
C05348,James Kumar,james.kumar5348@example.com,18,Other,Kochi,South,2024-07-07,Inactive
C05349,Varun Singh,varun.singh5349@example.com,18,Female,Nagpur,West,2023-11-26,Active
C05350,Aarav Davis,aarav.davis5350@example.com,35,Male,Lucknow,North,2024-02-03,Inactive
C05351,Olivia Reddy,olivia.reddy5351@example.com,41,Male,Delhi,North,2024-11-14,Active
C05352,William Iyer,william.iyer5352@example.com,38,Female,Delhi,North,2023-03-17,Active
C05353,Kavya Mehta,kavya.mehta5353@example.com,36,Female,Pune,West,2025-02-28,Active
C05354,Arjun Rao,arjun.rao5354@example.com,46,Male,Jaipur,North,2023-02-18,Active
C05355,Michael Gupta,michael.gupta5355@example.com,29,Other,Mysuru,South,2025-05-24,Active
C05356,Divya Patel,divya.patel5356@example.com,43,Other,Goa,West,2024-12-04,Inactive
C05357,Rahul Gupta,rahul.gupta5357@example.com,18,Other,Surat,West,2023-08-12,Active
C05358,Sanjay Kumar,sanjay.kumar5358@example.com,25,Female,Patna,East,2024-11-23,Inactive
C05359,Sneha Miller,sneha.miller5359@example.com,18,Female,Nagpur,West,2025-05-26,Inactive
C05360,Emma Kapoor,emma.kapoor5360@example.com,32,Male,Patna,East,2024-09-12,Active
C05361,Kavya Singh,kavya.singh5361@example.com,34,Male,Amritsar,North,2023-01-22,Active
C05362,Emma Joshi,emma.joshi5362@example.com,36,Female,Amritsar,North,2023-05-05,Active
C05363,Daniel Miller,daniel.miller5363@example.com,35,Other,Dehradun,North,2023-08-17,Inactive
C05364,Meera Mehta,meera.mehta5364@example.com,25,Male,Bengaluru,South,2024-12-07,Active
C05365,Sanjay Gupta,sanjay.gupta5365@example.com,33,Female,Kochi,South,2024-10-02,Active
C05366,Isabella Malhotra,isabella.malhotra5366@example.com,20,Female,Chandigarh,North,2023-10-08,Active
C05367,Sneha Williams,sneha.williams5367@example.com,48,Other,Bengaluru,South,2023-03-11,Active
C05368,Priya Iyer,priya.iyer5368@example.com,31,Male,Mysuru,South,2025-03-18,Inactive
C05369,Sophia Joshi,sophia.joshi5369@example.com,30,Female,Mysuru,South,2023-04-15,Active
C05370,Varun Mehta,varun.mehta5370@example.com,50,Other,Kochi,South,2025-05-16,Active
C05371,Mia Verma,mia.verma5371@example.com,22,Female,Bhubaneswar,East,2023-07-09,Inactive
C05372,Vikram Nair,vikram.nair5372@example.com,23,Other,Ahmedabad,West,2024-06-16,Active
C05373,Daniel Kapoor,daniel.kapoor5373@example.com,24,Other,Mysuru,South,2025-01-17,Active
C05374,Arjun Nair,arjun.nair5374@example.com,34,Male,Delhi,North,2023-08-15,Active
C05375,Divya Moore,divya.moore5375@example.com,39,Other,Kolkata,East,2023-01-26,Active
C05376,Arjun Iyer,arjun.iyer5376@example.com,42,Female,Surat,West,2024-12-20,Active
C05377,Mia Joshi,mia.joshi5377@example.com,60,Other,Dehradun,North,2025-06-29,Active
C05378,Pooja Davis,pooja.davis5378@example.com,18,Male,Goa,West,2023-06-25,Inactive
C05379,Rahul Sharma,rahul.sharma5379@example.com,41,Other,Dehradun,North,2025-01-17,Active
C05380,Nikhil Verma,nikhil.verma5380@example.com,29,Male,Pune,West,2024-02-27,Active
C05381,Emma Sharma,emma.sharma5381@example.com,29,Male,Surat,West,2023-05-30,Active
C05382,Kavya Sharma,kavya.sharma5382@example.com,28,Male,Kolkata,East,2024-09-29,Active
C05383,Michael Rao,michael.rao5383@example.com,25,Other,Surat,West,2024-04-11,Inactive
C05384,William Das,william.das5384@example.com,51,Female,Coimbatore,South,2025-05-23,Active
C05385,Varun Miller,varun.miller5385@example.com,43,Male,Kolkata,East,2023-09-18,Active
C05386,Arjun Reddy,arjun.reddy5386@example.com,35,Female,Kolkata,East,2024-11-22,Active
C05387,Aarav Gupta,aarav.gupta5387@example.com,48,Other,Surat,West,2024-06-24,Active
C05388,Daniel Malhotra,daniel.malhotra5388@example.com,19,Female,Ranchi,East,2023-04-17,Active
C05389,Neha Taylor,neha.taylor5389@example.com,21,Male,Guwahati,East,2023-07-30,Active
C05390,Aanya Das,aanya.das5390@example.com,18,Female,Amritsar,North,2023-09-13,Active
C05391,Priya Miller,priya.miller5391@example.com,28,Female,Coimbatore,South,2024-10-14,Active
C05392,Mia Verma,mia.verma5392@example.com,36,Male,Pune,West,2023-02-10,Inactive
C05393,Priya Miller,priya.miller5393@example.com,36,Female,Hyderabad,South,2023-08-24,Active
C05394,Kavya Das,kavya.das5394@example.com,36,Male,Patna,East,2023-07-08,Active
C05395,Arjun Davis,arjun.davis5395@example.com,20,Female,Hyderabad,South,2025-05-15,Active
C05396,Kavya Brown,kavya.brown5396@example.com,43,Female,Bhubaneswar,East,2025-04-29,Active
C05397,James Verma,james.verma5397@example.com,37,Female,Nagpur,West,2024-09-19,Active
C05398,Karan Iyer,karan.iyer5398@example.com,42,Male,Mysuru,South,2023-06-10,Active
C05399,Aditya Reddy,aditya.reddy5399@example.com,18,Other,Patna,East,2024-12-27,Active
C05400,Aanya Smith,aanya.smith5400@example.com,38,Male,Kolkata,East,2024-09-25,Active
C05401,Rahul Kapoor,rahul.kapoor5401@example.com,23,Male,Bhubaneswar,East,2023-08-01,Active
C05402,Meera Sharma,meera.sharma5402@example.com,31,Female,Jaipur,North,2023-05-18,Active
C05403,Rahul Taylor,rahul.taylor5403@example.com,40,Other,Kolkata,East,2024-06-25,Active
C05404,Vikram Wilson,vikram.wilson5404@example.com,35,Male,Mysuru,South,2025-06-17,Active
C05405,Nikhil Iyer,nikhil.iyer5405@example.com,26,Male,Bhubaneswar,East,2024-08-11,Active
C05406,Rahul Johnson,rahul.johnson5406@example.com,35,Male,Goa,West,2025-06-04,Active
C05407,Karan Rao,karan.rao5407@example.com,19,Male,Nagpur,West,2024-03-08,Inactive
C05408,Karan Johnson,karan.johnson5408@example.com,46,Female,Goa,West,2025-01-14,Active
C05409,Rohan Sharma,rohan.sharma5409@example.com,32,Female,Jaipur,North,2024-01-18,Active
C05410,Aarav Joshi,aarav.joshi5410@example.com,46,Male,Kolkata,East,2024-03-22,Active
C05411,Aarav Wilson,aarav.wilson5411@example.com,29,Other,Mumbai,West,2023-10-22,Active
C05412,Aarav Kumar,aarav.kumar5412@example.com,29,Female,Guwahati,East,2025-01-16,Active
C05413,Neha Singh,neha.singh5413@example.com,27,Other,Surat,West,2024-02-27,Inactive
C05414,Aarav Williams,aarav.williams5414@example.com,43,Male,Coimbatore,South,2023-10-30,Active
C05415,Aditya Sharma,aditya.sharma5415@example.com,27,Other,Kolkata,East,2024-09-16,Inactive
C05416,Varun Moore,varun.moore5416@example.com,41,Female,Goa,West,2023-04-12,Active
C05417,Aditya Verma,aditya.verma5417@example.com,31,Other,Hyderabad,South,2023-12-06,Active
C05418,Priya Singh,priya.singh5418@example.com,18,Other,Mysuru,South,2025-03-23,Inactive
C05419,Sanjay Johnson,sanjay.johnson5419@example.com,29,Male,Lucknow,North,2024-04-11,Active
C05420,Ishita Mehta,ishita.mehta5420@example.com,23,Other,Bhubaneswar,East,2023-02-28,Inactive
C05421,Karan Verma,karan.verma5421@example.com,35,Female,Ranchi,East,2025-02-03,Inactive
C05422,Ishita Patel,ishita.patel5422@example.com,23,Male,Coimbatore,South,2023-03-31,Active
C05423,William Iyer,william.iyer5423@example.com,44,Female,Bhubaneswar,East,2024-06-02,Active
C05424,Nikhil Moore,nikhil.moore5424@example.com,34,Other,Kochi,South,2024-07-19,Active
C05425,Sneha Reddy,sneha.reddy5425@example.com,33,Female,Mumbai,West,2023-10-10,Active
C05426,Aarav Mehta,aarav.mehta5426@example.com,41,Female,Jaipur,North,2025-04-01,Inactive
C05427,Michael Williams,michael.williams5427@example.com,44,Female,Dehradun,North,2023-05-01,Inactive
C05428,Sophia Nair,sophia.nair5428@example.com,34,Male,Mumbai,West,2023-07-02,Active
C05429,James Iyer,james.iyer5429@example.com,27,Other,Chennai,South,2025-02-25,Active
C05430,David Verma,david.verma5430@example.com,18,Male,Guwahati,East,2023-11-30,Active
C05431,Meera Malhotra,meera.malhotra5431@example.com,28,Female,Guwahati,East,2024-03-31,Active
C05432,Olivia Gupta,olivia.gupta5432@example.com,28,Female,Delhi,North,2024-08-29,Active
C05433,James Nair,james.nair5433@example.com,36,Female,Hyderabad,South,2024-04-23,Active
C05434,Isabella Mehta,isabella.mehta5434@example.com,31,Female,Kochi,South,2025-02-24,Inactive
C05435,Karan Sharma,karan.sharma5435@example.com,41,Other,Delhi,North,2024-08-06,Inactive
C05436,Varun Malhotra,varun.malhotra5436@example.com,28,Male,Guwahati,East,2025-03-28,Active
C05437,Priya Kumar,priya.kumar5437@example.com,34,Male,Bhubaneswar,East,2023-07-26,Active
C05438,Aarav Smith,aarav.smith5438@example.com,46,Male,Mumbai,West,2023-10-06,Active
C05439,Olivia Smith,olivia.smith5439@example.com,38,Other,Jaipur,North,2024-08-14,Inactive
C05440,Olivia Brown,olivia.brown5440@example.com,34,Female,Hyderabad,South,2024-02-04,Inactive
C05441,Sneha Taylor,sneha.taylor5441@example.com,28,Other,Dehradun,North,2024-09-10,Active
C05442,David Davis,david.davis5442@example.com,28,Male,Goa,West,2024-04-22,Active
C05443,Mia Patel,mia.patel5443@example.com,26,Male,Ranchi,East,2023-08-05,Active
C05444,Kavya Smith,kavya.smith5444@example.com,29,Other,Nagpur,West,2023-12-28,Inactive
C05445,Ishita Taylor,ishita.taylor5445@example.com,42,Other,Coimbatore,South,2024-07-28,Inactive
C05446,Daniel Kumar,daniel.kumar5446@example.com,32,Other,Goa,West,2025-03-02,Active
C05447,Nikhil Joshi,nikhil.joshi5447@example.com,21,Other,Coimbatore,South,2023-09-06,Active
C05448,Aarav Brown,aarav.brown5448@example.com,52,Male,Dehradun,North,2024-05-23,Active
C05449,Aditya Malhotra,aditya.malhotra5449@example.com,38,Other,Patna,East,2024-10-19,Active
C05450,Ananya Patel,ananya.patel5450@example.com,20,Female,Patna,East,2024-02-17,Active
C05451,Meera Singh,meera.singh5451@example.com,30,Female,Mysuru,South,2024-10-17,Active
C05452,Daniel Rao,daniel.rao5452@example.com,36,Female,Patna,East,2025-02-26,Active
C05453,Ananya Moore,ananya.moore5453@example.com,52,Female,Guwahati,East,2023-02-01,Inactive
C05454,Aditya Williams,aditya.williams5454@example.com,23,Other,Bhubaneswar,East,2024-06-11,Active
C05455,Emma Patel,emma.patel5455@example.com,44,Female,Guwahati,East,2025-04-11,Active
C05456,Sanjay Iyer,sanjay.iyer5456@example.com,48,Female,Ahmedabad,West,2024-06-03,Active
C05457,Meera Wilson,meera.wilson5457@example.com,28,Other,Ahmedabad,West,2023-03-15,Active
C05458,Neha Wilson,neha.wilson5458@example.com,32,Male,Bhubaneswar,East,2024-05-15,Inactive
C05459,Nikhil Miller,nikhil.miller5459@example.com,24,Other,Hyderabad,South,2023-04-11,Active
C05460,Karan Kumar,karan.kumar5460@example.com,32,Other,Surat,West,2024-10-14,Inactive
C05461,Daniel Miller,daniel.miller5461@example.com,34,Male,Kolkata,East,2024-05-18,Active
C05462,Varun Verma,varun.verma5462@example.com,41,Male,Kochi,South,2023-07-15,Active
C05463,Aarav Rao,aarav.rao5463@example.com,45,Male,Patna,East,2024-02-23,Active
C05464,Kavya Iyer,kavya.iyer5464@example.com,27,Other,Bhubaneswar,East,2025-02-23,Active
C05465,Arjun Anderson,arjun.anderson5465@example.com,18,Male,Bengaluru,South,2025-04-21,Active
C05466,Rohan Verma,rohan.verma5466@example.com,34,Female,Ahmedabad,West,2023-09-01,Active
C05467,Neha Davis,neha.davis5467@example.com,37,Female,Kolkata,East,2023-06-09,Active
C05468,Rahul Singh,rahul.singh5468@example.com,37,Male,Jaipur,North,2023-10-02,Active
C05469,Meera Davis,meera.davis5469@example.com,31,Female,Lucknow,North,2025-06-26,Active
C05470,Ishita Iyer,ishita.iyer5470@example.com,36,Female,Mysuru,South,2023-12-19,Active
C05471,Aanya Patel,aanya.patel5471@example.com,50,Female,Jaipur,North,2023-04-27,Active
C05472,Meera Nair,meera.nair5472@example.com,38,Female,Jaipur,North,2025-03-22,Active
C05473,Sophia Joshi,sophia.joshi5473@example.com,31,Male,Ranchi,East,2025-02-23,Active
C05474,Divya Reddy,divya.reddy5474@example.com,29,Other,Mysuru,South,2023-06-01,Active
C05475,Aditya Sharma,aditya.sharma5475@example.com,33,Female,Chandigarh,North,2025-01-22,Active
C05476,Isabella Singh,isabella.singh5476@example.com,51,Other,Bengaluru,South,2024-10-26,Active
C05477,Karan Nair,karan.nair5477@example.com,33,Female,Lucknow,North,2024-03-05,Active
C05478,Olivia Sharma,olivia.sharma5478@example.com,34,Female,Bhubaneswar,East,2024-01-15,Active
C05479,Aditya Patel,aditya.patel5479@example.com,30,Male,Guwahati,East,2024-02-22,Active
C05480,Aarav Brown,aarav.brown5480@example.com,45,Female,Ranchi,East,2024-05-13,Active
C05481,Sneha Miller,sneha.miller5481@example.com,54,Male,Bhubaneswar,East,2024-05-14,Active
C05482,Emma Davis,emma.davis5482@example.com,39,Male,Coimbatore,South,2023-09-27,Active
C05483,Aarav Smith,aarav.smith5483@example.com,35,Male,Mumbai,West,2024-12-11,Active
C05484,Varun Joshi,varun.joshi5484@example.com,35,Other,Kochi,South,2024-11-07,Inactive
C05485,David Williams,david.williams5485@example.com,18,Male,Kochi,South,2023-07-08,Inactive
C05486,Aanya Williams,aanya.williams5486@example.com,42,Female,Bengaluru,South,2024-01-19,Inactive
C05487,Ananya Malhotra,ananya.malhotra5487@example.com,36,Other,Chandigarh,North,2023-02-08,Active
C05488,Mia Taylor,mia.taylor5488@example.com,39,Male,Mumbai,West,2023-12-15,Active
C05489,Aanya Gupta,aanya.gupta5489@example.com,27,Other,Hyderabad,South,2025-05-18,Active
C05490,Aanya Malhotra,aanya.malhotra5490@example.com,31,Female,Guwahati,East,2024-09-05,Active
C05491,Karan Verma,karan.verma5491@example.com,30,Other,Hyderabad,South,2023-03-17,Active
C05492,Sneha Anderson,sneha.anderson5492@example.com,45,Other,Mysuru,South,2025-04-17,Active
C05493,Divya Verma,divya.verma5493@example.com,31,Other,Dehradun,North,2024-01-22,Active
C05494,Aarav Iyer,aarav.iyer5494@example.com,55,Male,Hyderabad,South,2023-01-26,Active
C05495,Mia Kapoor,mia.kapoor5495@example.com,39,Male,Bengaluru,South,2025-06-05,Active
C05496,Sanjay Rao,sanjay.rao5496@example.com,22,Other,Bengaluru,South,2024-04-19,Active
C05497,Nikhil Anderson,nikhil.anderson5497@example.com,33,Male,Bhubaneswar,East,2023-11-20,Active
C05498,Emma Johnson,emma.johnson5498@example.com,28,Other,Ranchi,East,2025-06-29,Active
C05499,Mia Singh,mia.singh5499@example.com,18,Male,Coimbatore,South,2024-02-14,Active
C05500,Olivia Smith,olivia.smith5500@example.com,50,Other,Mysuru,South,2025-02-04,Active
C05501,Meera Williams,meera.williams5501@example.com,42,Other,Jaipur,North,2023-02-24,Inactive
C05502,James Kapoor,james.kapoor5502@example.com,40,Female,Ranchi,East,2024-05-30,Active
C05503,David Mehta,david.mehta5503@example.com,36,Female,Mysuru,South,2024-02-23,Active
C05504,William Sharma,william.sharma5504@example.com,21,Other,Nagpur,West,2024-03-12,Inactive
C05505,Rahul Moore,rahul.moore5505@example.com,30,Other,Ranchi,East,2023-09-21,Inactive
C05506,Ishita Malhotra,ishita.malhotra5506@example.com,43,Male,Bhubaneswar,East,2024-04-08,Active
C05507,Pooja Johnson,pooja.johnson5507@example.com,24,Other,Ranchi,East,2023-09-25,Active
C05508,James Davis,james.davis5508@example.com,18,Female,Dehradun,North,2024-03-02,Active
C05509,Michael Patel,michael.patel5509@example.com,32,Female,Surat,West,2023-03-30,Active
C05510,Kavya Nair,kavya.nair5510@example.com,33,Male,Pune,West,2024-02-13,Active
C05511,Sophia Singh,sophia.singh5511@example.com,36,Female,Coimbatore,South,2024-12-04,Active
C05512,Ananya Malhotra,ananya.malhotra5512@example.com,42,Male,Ahmedabad,West,2023-01-02,Active
C05513,Daniel Smith,daniel.smith5513@example.com,41,Female,Mumbai,West,2023-02-04,Active
C05514,Sanjay Sharma,sanjay.sharma5514@example.com,37,Male,Goa,West,2023-03-18,Active
C05515,Neha Brown,neha.brown5515@example.com,46,Other,Surat,West,2025-05-08,Active
C05516,Nikhil Williams,nikhil.williams5516@example.com,19,Other,Jaipur,North,2023-07-15,Inactive
C05517,Rahul Johnson,rahul.johnson5517@example.com,40,Other,Chennai,South,2024-01-05,Active
C05518,Arjun Joshi,arjun.joshi5518@example.com,41,Male,Patna,East,2023-03-28,Active
C05519,Kavya Wilson,kavya.wilson5519@example.com,22,Female,Amritsar,North,2024-07-23,Active
C05520,Mia Moore,mia.moore5520@example.com,19,Male,Mumbai,West,2024-04-27,Active
C05521,Isabella Kumar,isabella.kumar5521@example.com,27,Female,Surat,West,2023-06-24,Active
C05522,Ananya Taylor,ananya.taylor5522@example.com,28,Male,Nagpur,West,2024-04-27,Inactive
C05523,Sneha Rao,sneha.rao5523@example.com,42,Female,Lucknow,North,2024-07-15,Active
C05524,Karan Malhotra,karan.malhotra5524@example.com,28,Other,Goa,West,2023-06-05,Active
C05525,Arjun Wilson,arjun.wilson5525@example.com,26,Male,Ranchi,East,2023-12-02,Inactive
C05526,Mia Williams,mia.williams5526@example.com,28,Male,Delhi,North,2023-02-22,Active
C05527,Pooja Johnson,pooja.johnson5527@example.com,46,Other,Delhi,North,2024-01-06,Active
C05528,Ishita Patel,ishita.patel5528@example.com,35,Male,Hyderabad,South,2023-12-23,Active
C05529,Olivia Anderson,olivia.anderson5529@example.com,33,Other,Pune,West,2023-08-24,Active
C05530,Arjun Sharma,arjun.sharma5530@example.com,33,Other,Hyderabad,South,2023-06-26,Active
C05531,David Davis,david.davis5531@example.com,47,Other,Ahmedabad,West,2024-04-29,Active
C05532,James Miller,james.miller5532@example.com,27,Other,Nagpur,West,2025-05-30,Inactive
C05533,Meera Iyer,meera.iyer5533@example.com,48,Other,Coimbatore,South,2025-06-06,Active
C05534,Neha Mehta,neha.mehta5534@example.com,37,Male,Nagpur,West,2023-12-21,Active
C05535,Aanya Nair,aanya.nair5535@example.com,33,Male,Bhubaneswar,East,2024-02-19,Active
C05536,Nikhil Nair,nikhil.nair5536@example.com,60,Male,Bhubaneswar,East,2025-03-23,Active
C05537,David Gupta,david.gupta5537@example.com,24,Male,Kolkata,East,2024-04-14,Inactive
C05538,Sophia Kapoor,sophia.kapoor5538@example.com,31,Female,Kochi,South,2025-01-29,Active
C05539,Kavya Kumar,kavya.kumar5539@example.com,22,Other,Surat,West,2024-11-23,Inactive
C05540,Aditya Iyer,aditya.iyer5540@example.com,44,Female,Amritsar,North,2025-02-24,Active
C05541,Divya Wilson,divya.wilson5541@example.com,51,Male,Ahmedabad,West,2025-03-30,Active
C05542,Emma Joshi,emma.joshi5542@example.com,51,Other,Guwahati,East,2024-06-05,Active
C05543,Divya Patel,divya.patel5543@example.com,47,Other,Guwahati,East,2023-03-01,Active
C05544,Karan Verma,karan.verma5544@example.com,33,Female,Guwahati,East,2025-01-22,Active
C05545,Vikram Mehta,vikram.mehta5545@example.com,31,Female,Ranchi,East,2023-01-28,Active
C05546,Priya Mehta,priya.mehta5546@example.com,18,Female,Pune,West,2025-02-22,Active
C05547,Emma Williams,emma.williams5547@example.com,55,Male,Kochi,South,2023-04-10,Inactive
C05548,Aanya Moore,aanya.moore5548@example.com,39,Other,Dehradun,North,2024-01-16,Active
C05549,Vikram Kapoor,vikram.kapoor5549@example.com,30,Other,Amritsar,North,2024-03-10,Inactive
C05550,Sneha Verma,sneha.verma5550@example.com,48,Male,Guwahati,East,2023-09-06,Active
C05551,Sanjay Wilson,sanjay.wilson5551@example.com,25,Male,Mumbai,West,2023-02-23,Active
C05552,James Gupta,james.gupta5552@example.com,39,Other,Nagpur,West,2023-10-09,Active
C05553,David Singh,david.singh5553@example.com,33,Male,Delhi,North,2024-11-03,Inactive
C05554,Ishita Davis,ishita.davis5554@example.com,41,Female,Bhubaneswar,East,2024-11-09,Inactive
C05555,Isabella Iyer,isabella.iyer5555@example.com,34,Female,Lucknow,North,2024-07-13,Inactive
C05556,Isabella Kumar,isabella.kumar5556@example.com,20,Other,Goa,West,2024-09-16,Active
C05557,Pooja Wilson,pooja.wilson5557@example.com,35,Female,Lucknow,North,2024-09-15,Active
C05558,Neha Joshi,neha.joshi5558@example.com,45,Male,Ranchi,East,2023-10-29,Active
C05559,Ananya Brown,ananya.brown5559@example.com,34,Other,Kochi,South,2024-07-14,Inactive
C05560,Arjun Mehta,arjun.mehta5560@example.com,42,Female,Pune,West,2023-03-22,Active
C05561,Kavya Patel,kavya.patel5561@example.com,24,Female,Ahmedabad,West,2023-12-19,Active
C05562,Nikhil Kapoor,nikhil.kapoor5562@example.com,34,Other,Kochi,South,2024-05-30,Active
C05563,Kavya Smith,kavya.smith5563@example.com,28,Female,Goa,West,2024-04-26,Active
C05564,Sanjay Mehta,sanjay.mehta5564@example.com,42,Female,Patna,East,2025-02-15,Active
C05565,Vikram Sharma,vikram.sharma5565@example.com,35,Male,Jaipur,North,2024-09-17,Inactive
C05566,Mia Williams,mia.williams5566@example.com,41,Other,Mysuru,South,2023-08-07,Active
C05567,Aditya Davis,aditya.davis5567@example.com,45,Female,Dehradun,North,2023-07-06,Active
C05568,James Williams,james.williams5568@example.com,41,Male,Kolkata,East,2023-09-15,Active
C05569,Divya Sharma,divya.sharma5569@example.com,37,Male,Coimbatore,South,2023-06-06,Inactive
C05570,Pooja Davis,pooja.davis5570@example.com,25,Male,Patna,East,2024-03-08,Active
C05571,Ananya Reddy,ananya.reddy5571@example.com,34,Female,Ranchi,East,2024-02-24,Active
C05572,James Singh,james.singh5572@example.com,29,Other,Pune,West,2023-09-03,Inactive
C05573,Aarav Wilson,aarav.wilson5573@example.com,31,Female,Chandigarh,North,2023-12-10,Active
C05574,Sneha Kumar,sneha.kumar5574@example.com,31,Female,Lucknow,North,2023-02-05,Active
C05575,Daniel Nair,daniel.nair5575@example.com,25,Male,Kochi,South,2023-09-12,Active
C05576,Priya Miller,priya.miller5576@example.com,18,Other,Nagpur,West,2025-02-07,Inactive
C05577,Meera Miller,meera.miller5577@example.com,28,Other,Amritsar,North,2023-06-15,Active
C05578,Meera Gupta,,36,Male,Ahmedabad,West,2025-03-29,Active
C05579,Arjun Gupta,arjun.gupta5579@example.com,21,Other,Mysuru,South,2024-12-16,Active
C05580,David Brown,david.brown5580@example.com,35,Other,Coimbatore,South,2025-02-15,Active
C05581,Arjun Iyer,arjun.iyer5581@example.com,54,Other,Surat,West,2025-06-22,Active
C05582,Karan Joshi,karan.joshi5582@example.com,45,Male,Guwahati,East,2023-12-29,Active
C05583,Sanjay Sharma,sanjay.sharma5583@example.com,51,Male,Kolkata,East,2024-10-05,Inactive
C05584,Rahul Reddy,rahul.reddy5584@example.com,38,Male,Chennai,South,2024-11-09,Active
C05585,Varun Patel,varun.patel5585@example.com,46,Female,Surat,West,2025-05-04,Inactive
C05586,Varun Moore,varun.moore5586@example.com,27,Other,Ranchi,East,2024-06-22,Active
C05587,Sanjay Verma,sanjay.verma5587@example.com,28,Other,Coimbatore,South,2025-05-10,Active
C05588,David Patel,david.patel5588@example.com,18,Female,Ranchi,East,2023-06-07,Active
C05589,Sneha Wilson,sneha.wilson5589@example.com,46,Male,Dehradun,North,2025-04-14,Active
C05590,Sophia Taylor,sophia.taylor5590@example.com,50,Male,Mumbai,West,2023-08-03,Active
C05591,Isabella Kapoor,isabella.kapoor5591@example.com,29,Female,Jaipur,North,2024-06-19,Active
C05592,Sophia Malhotra,sophia.malhotra5592@example.com,32,Other,Bhubaneswar,East,2024-05-07,Active
C05593,Kavya Moore,kavya.moore5593@example.com,27,Other,Kochi,South,2025-03-07,Active
C05594,Sanjay Malhotra,sanjay.malhotra5594@example.com,38,Other,Pune,West,2024-01-23,Inactive
C05595,Aarav Smith,aarav.smith5595@example.com,46,Female,Bengaluru,South,2024-04-04,Active
C05596,Arjun Taylor,arjun.taylor5596@example.com,18,Male,Ranchi,East,2024-02-21,Active
C05597,Vikram Miller,vikram.miller5597@example.com,39,Other,Bengaluru,South,2023-12-22,Active
C05598,Sneha Iyer,sneha.iyer5598@example.com,32,Female,Ranchi,East,2023-06-27,Active
C05599,Pooja Miller,pooja.miller5599@example.com,36,Other,Kochi,South,2025-02-24,Active
C05600,Rohan Iyer,rohan.iyer5600@example.com,39,Other,Patna,East,2024-01-01,Active
C05601,Aanya Singh,aanya.singh5601@example.com,33,Female,Pune,West,2023-08-14,Active
C05602,Kavya Das,kavya.das5602@example.com,33,Female,Bengaluru,South,2023-01-24,Active
C05603,Aanya Anderson,aanya.anderson5603@example.com,32,Other,Chennai,South,2023-06-06,Active
C05604,Mia Kapoor,mia.kapoor5604@example.com,44,Other,Patna,East,2024-09-10,Active
C05605,Sophia Malhotra,sophia.malhotra5605@example.com,39,Female,Coimbatore,South,2024-10-26,Active
C05606,Meera Brown,meera.brown5606@example.com,37,Other,Delhi,North,2024-07-04,Inactive
C05607,Sophia Williams,sophia.williams5607@example.com,22,Female,Lucknow,North,2024-10-14,Active
C05608,Isabella Miller,isabella.miller5608@example.com,31,Female,Ranchi,East,2023-08-27,Active
C05609,Divya Sharma,divya.sharma5609@example.com,43,Female,Ranchi,East,2023-10-13,Active
C05610,Pooja Taylor,pooja.taylor5610@example.com,35,Male,Ranchi,East,2023-08-01,Active
C05611,Isabella Reddy,isabella.reddy5611@example.com,41,Other,Coimbatore,South,2023-06-16,Active
C05612,Kavya Malhotra,kavya.malhotra5612@example.com,52,Other,Patna,East,2024-03-24,Active
C05613,Sneha Wilson,sneha.wilson5613@example.com,45,Other,Pune,West,2023-09-26,Inactive
C05614,Meera Mehta,meera.mehta5614@example.com,35,Male,Bhubaneswar,East,2024-05-14,Active
C05615,Aanya Reddy,aanya.reddy5615@example.com,29,Male,Bhubaneswar,East,2025-01-05,Active
C05616,Sanjay Sharma,sanjay.sharma5616@example.com,18,Other,Coimbatore,South,2023-05-01,Active
C05617,Isabella Anderson,isabella.anderson5617@example.com,33,Female,Mumbai,West,2023-05-28,Active
C05618,Meera Johnson,meera.johnson5618@example.com,31,Other,Chennai,South,2023-02-24,Active
C05619,Kavya Wilson,kavya.wilson5619@example.com,38,Male,Delhi,North,2023-04-30,Active
C05620,Nikhil Mehta,nikhil.mehta5620@example.com,33,Male,Bengaluru,South,2023-11-30,Active
C05621,Daniel Miller,daniel.miller5621@example.com,31,Female,Jaipur,North,2024-05-17,Active
C05622,Aditya Joshi,aditya.joshi5622@example.com,18,Female,Mumbai,West,2024-09-14,Active
C05623,James Williams,james.williams5623@example.com,25,Other,Ranchi,East,2023-10-30,Active
C05624,Varun Iyer,varun.iyer5624@example.com,39,Other,Ahmedabad,West,2024-08-06,Active
C05625,David Iyer,david.iyer5625@example.com,52,Female,Kolkata,East,2024-10-26,Active
C05626,Varun Moore,varun.moore5626@example.com,34,Other,Pune,West,2023-03-26,Active
C05627,Ishita Nair,ishita.nair5627@example.com,38,Male,Guwahati,East,2024-07-26,Active
C05628,James Iyer,james.iyer5628@example.com,44,Male,Bhubaneswar,East,2025-01-26,Inactive
C05629,Sophia Patel,sophia.patel5629@example.com,26,Female,Bhubaneswar,East,2024-11-15,Active
C05630,Karan Miller,karan.miller5630@example.com,38,Female,Hyderabad,South,2023-04-09,Inactive
C05631,Neha Das,neha.das5631@example.com,27,Female,Hyderabad,South,2023-10-30,Active
C05632,Aanya Gupta,aanya.gupta5632@example.com,43,Male,Bhubaneswar,East,2025-03-19,Active
C05633,Daniel Joshi,daniel.joshi5633@example.com,36,Other,Kochi,South,2025-06-21,Active
C05634,Sanjay Taylor,sanjay.taylor5634@example.com,37,Other,Hyderabad,South,2023-05-25,Active
C05635,William Taylor,william.taylor5635@example.com,27,Female,Jaipur,North,2024-11-30,Inactive
C05636,Mia Reddy,mia.reddy5636@example.com,42,Male,Mysuru,South,2025-01-25,Inactive
C05637,Emma Moore,emma.moore5637@example.com,55,Male,Kolkata,East,2024-08-19,Active
C05638,Neha Miller,neha.miller5638@example.com,24,Male,Pune,West,2024-08-12,Active
C05639,Arjun Johnson,arjun.johnson5639@example.com,31,Male,Mysuru,South,2024-01-06,Active
C05640,Pooja Williams,pooja.williams5640@example.com,37,Female,Chennai,South,2024-08-19,Active
C05641,Mia Brown,mia.brown5641@example.com,42,Other,Lucknow,North,2023-09-16,Active
C05642,Aditya Nair,aditya.nair5642@example.com,29,Female,Bengaluru,South,2023-01-09,Active
C05643,Rohan Nair,rohan.nair5643@example.com,18,Other,Delhi,North,2025-01-17,Inactive
C05644,James Das,james.das5644@example.com,48,Female,Guwahati,East,2023-03-12,Active
C05645,Priya Malhotra,priya.malhotra5645@example.com,42,Female,Nagpur,West,2024-07-13,Active
C05646,Sneha Nair,sneha.nair5646@example.com,18,Male,Kochi,South,2023-04-29,Active
C05647,Michael Verma,michael.verma5647@example.com,28,Other,Hyderabad,South,2023-03-30,Inactive
C05648,Arjun Rao,arjun.rao5648@example.com,50,Male,Coimbatore,South,2023-04-05,Active
C05649,Aanya Verma,aanya.verma5649@example.com,49,Other,Guwahati,East,2024-06-22,Inactive
C05650,Kavya Miller,kavya.miller5650@example.com,44,Other,Amritsar,North,2024-12-29,Active
C05651,Meera Nair,meera.nair5651@example.com,33,Female,Nagpur,West,2023-06-11,Active
C05652,Varun Williams,varun.williams5652@example.com,35,Male,Dehradun,North,2024-06-09,Active
C05653,Aditya Joshi,aditya.joshi5653@example.com,33,Other,Bengaluru,South,2025-01-14,Active
C05654,Nikhil Singh,nikhil.singh5654@example.com,46,Male,Hyderabad,South,2025-02-17,Active
C05655,Aanya Nair,aanya.nair5655@example.com,26,Other,Surat,West,2025-06-20,Active
C05656,Arjun Sharma,arjun.sharma5656@example.com,26,Other,Chandigarh,North,2023-08-11,Active
C05657,Ananya Smith,ananya.smith5657@example.com,45,Female,Amritsar,North,2023-10-25,Active
C05658,Sneha Taylor,sneha.taylor5658@example.com,34,Male,Delhi,North,2025-03-11,Active
C05659,Sophia Mehta,sophia.mehta5659@example.com,48,Other,Chennai,South,2024-01-12,Active
C05660,Vikram Smith,vikram.smith5660@example.com,28,Female,Mumbai,West,2025-02-27,Active
C05661,Pooja Malhotra,pooja.malhotra5661@example.com,34,Female,Dehradun,North,2025-02-08,Active
C05662,Rahul Rao,rahul.rao5662@example.com,25,Male,Ranchi,East,2025-04-25,Active
C05663,Karan Sharma,karan.sharma5663@example.com,35,Male,Hyderabad,South,2024-11-09,Active
C05664,Daniel Wilson,daniel.wilson5664@example.com,20,Other,Delhi,North,2025-02-26,Active
C05665,Rohan Anderson,rohan.anderson5665@example.com,30,Other,Mumbai,West,2024-09-18,Active
C05666,Meera Joshi,meera.joshi5666@example.com,20,Female,Hyderabad,South,2023-01-24,Active
C05667,Mia Davis,mia.davis5667@example.com,41,Female,Ranchi,East,2024-02-11,Active
C05668,Rahul Anderson,rahul.anderson5668@example.com,42,Male,Mysuru,South,2023-08-12,Active
C05669,Pooja Kumar,pooja.kumar5669@example.com,18,Other,Delhi,North,2024-11-28,Active
C05670,Varun Brown,varun.brown5670@example.com,48,Male,Delhi,North,2023-10-08,Active
C05671,Sneha Verma,sneha.verma5671@example.com,59,Male,Pune,West,2023-11-02,Active
C05672,Aditya Johnson,aditya.johnson5672@example.com,35,Female,Chandigarh,North,2023-10-28,Active
C05673,David Miller,david.miller5673@example.com,28,Male,Coimbatore,South,2023-09-07,Active
C05674,Pooja Verma,pooja.verma5674@example.com,63,Male,Amritsar,North,2024-06-21,Inactive
C05675,William Moore,william.moore5675@example.com,21,Male,Guwahati,East,2024-12-03,Active
C05676,Ishita Iyer,ishita.iyer5676@example.com,35,Male,Patna,East,2023-08-05,Active
C05677,Meera Sharma,meera.sharma5677@example.com,36,Male,Amritsar,North,2023-11-15,Active
C05678,Meera Brown,meera.brown5678@example.com,48,Other,Bengaluru,South,2024-07-28,Inactive
C05679,Karan Williams,,38,Other,Pune,West,2023-07-17,Active
C05680,Aarav Patel,aarav.patel5680@example.com,30,Female,Coimbatore,South,2024-12-12,Active
C05681,Ishita Smith,ishita.smith5681@example.com,25,Female,Ranchi,East,2024-02-28,Active
C05682,Meera Taylor,meera.taylor5682@example.com,31,Female,Guwahati,East,2024-12-29,Active
C05683,Pooja Anderson,pooja.anderson5683@example.com,24,Male,Pune,West,2023-05-14,Active
C05684,Nikhil Iyer,nikhil.iyer5684@example.com,35,Female,Hyderabad,South,2025-06-30,Active
C05685,Karan Patel,karan.patel5685@example.com,29,Male,Surat,West,2023-09-24,Active
C05686,Sanjay Kumar,sanjay.kumar5686@example.com,20,Male,Kolkata,East,2025-02-06,Active
C05687,Ishita Malhotra,ishita.malhotra5687@example.com,47,Male,Kolkata,East,2024-07-11,Active
C05688,James Joshi,james.joshi5688@example.com,30,Male,Bhubaneswar,East,2023-03-16,Active
C05689,Ananya Nair,ananya.nair5689@example.com,22,Female,Mumbai,West,2023-02-01,Inactive
C05690,Arjun Smith,arjun.smith5690@example.com,33,Other,Mumbai,West,2023-06-20,Active
C05691,Aditya Iyer,aditya.iyer5691@example.com,35,Other,Lucknow,North,2024-10-07,Active
C05692,Priya Taylor,priya.taylor5692@example.com,18,Female,Patna,East,2024-05-27,Inactive
C05693,Michael Mehta,michael.mehta5693@example.com,38,Male,Goa,West,2024-05-26,Active
C05694,Rohan Nair,,24,Other,Kolkata,East,2023-10-07,Active
C05695,Aditya Williams,aditya.williams5695@example.com,52,Female,Patna,East,2024-11-21,Active
C05696,Aarav Rao,aarav.rao5696@example.com,40,Male,Mumbai,West,2025-05-21,Active
C05697,Rahul Singh,rahul.singh5697@example.com,31,Female,Nagpur,West,2025-03-05,Active
C05698,Karan Williams,karan.williams5698@example.com,27,Female,Coimbatore,South,2023-10-01,Active
C05699,Isabella Taylor,isabella.taylor5699@example.com,33,Female,Dehradun,North,2025-01-31,Inactive
C05700,Sophia Smith,sophia.smith5700@example.com,41,Male,Kochi,South,2024-07-01,Active
C05701,Aditya Wilson,aditya.wilson5701@example.com,34,Other,Amritsar,North,2024-04-06,Active
C05702,Aarav Anderson,aarav.anderson5702@example.com,32,Other,Chennai,South,2024-09-11,Active
C05703,Mia Das,mia.das5703@example.com,35,Male,Nagpur,West,2024-07-10,Active
C05704,Sophia Moore,sophia.moore5704@example.com,28,Female,Kochi,South,2025-05-26,Inactive
C05705,Vikram Smith,vikram.smith5705@example.com,31,Other,Jaipur,North,2023-09-15,Active
C05706,Pooja Malhotra,pooja.malhotra5706@example.com,18,Male,Mysuru,South,2023-01-16,Active
C05707,Mia Williams,mia.williams5707@example.com,44,Female,Kochi,South,2024-12-30,Active
C05708,Neha Verma,neha.verma5708@example.com,37,Other,Kolkata,East,2023-12-30,Active
C05709,Varun Iyer,varun.iyer5709@example.com,27,Female,Surat,West,2023-05-22,Inactive
C05710,James Das,james.das5710@example.com,53,Female,Nagpur,West,2023-05-14,Active
C05711,Aarav Sharma,aarav.sharma5711@example.com,35,Male,Coimbatore,South,2024-02-29,Inactive
C05712,Nikhil Gupta,nikhil.gupta5712@example.com,24,Female,Dehradun,North,2023-11-10,Active
C05713,Varun Verma,varun.verma5713@example.com,43,Male,Patna,East,2023-11-17,Active
C05714,Rohan Johnson,rohan.johnson5714@example.com,38,Male,Nagpur,West,2025-04-23,Active
C05715,Divya Brown,divya.brown5715@example.com,38,Other,Guwahati,East,2023-04-04,Active
C05716,Arjun Malhotra,arjun.malhotra5716@example.com,30,Male,Delhi,North,2024-04-21,Active
C05717,Olivia Moore,olivia.moore5717@example.com,39,Other,Jaipur,North,2023-10-18,Active
C05718,Karan Reddy,karan.reddy5718@example.com,32,Other,Ranchi,East,2025-01-26,Active
C05719,Neha Johnson,neha.johnson5719@example.com,40,Female,Guwahati,East,2023-04-03,Active
C05720,Daniel Moore,daniel.moore5720@example.com,18,Other,Bhubaneswar,East,2025-05-18,Inactive
C05721,James Das,james.das5721@example.com,30,Male,Chennai,South,2025-03-17,Inactive
C05722,Rohan Brown,rohan.brown5722@example.com,52,Male,Mysuru,South,2024-11-21,Active
C05723,Ishita Joshi,ishita.joshi5723@example.com,27,Other,Nagpur,West,2024-05-18,Active
C05724,Rohan Patel,rohan.patel5724@example.com,28,Male,Dehradun,North,2024-02-29,Inactive
C05725,Daniel Malhotra,daniel.malhotra5725@example.com,30,Other,Ahmedabad,West,2024-04-28,Active
C05726,Sanjay Johnson,sanjay.johnson5726@example.com,22,Male,Lucknow,North,2025-06-23,Active
C05727,Isabella Malhotra,isabella.malhotra5727@example.com,18,Male,Amritsar,North,2024-11-22,Inactive
C05728,Mia Taylor,mia.taylor5728@example.com,32,Male,Kolkata,East,2024-05-14,Active
C05729,Meera Kumar,meera.kumar5729@example.com,36,Male,Delhi,North,2023-11-04,Inactive
C05730,Karan Moore,karan.moore5730@example.com,34,Other,Patna,East,2023-03-25,Inactive
C05731,Michael Williams,michael.williams5731@example.com,33,Female,Hyderabad,South,2024-01-07,Active
C05732,Michael Nair,michael.nair5732@example.com,35,Female,Mysuru,South,2023-08-06,Inactive
C05733,Sneha Brown,sneha.brown5733@example.com,45,Other,Bhubaneswar,East,2024-11-16,Active
C05734,Olivia Taylor,olivia.taylor5734@example.com,33,Female,Guwahati,East,2024-04-14,Active
C05735,Kavya Kumar,kavya.kumar5735@example.com,29,Other,Goa,West,2023-05-31,Active
C05736,Mia Kumar,mia.kumar5736@example.com,32,Male,Chennai,South,2023-03-30,Active
C05737,Priya Anderson,priya.anderson5737@example.com,40,Male,Amritsar,North,2024-02-20,Active
C05738,Meera Wilson,meera.wilson5738@example.com,49,Female,Amritsar,North,2024-02-26,Active
C05739,Meera Das,meera.das5739@example.com,28,Other,Coimbatore,South,2025-05-13,Active
C05740,Daniel Das,daniel.das5740@example.com,35,Female,Coimbatore,South,2023-03-06,Active
C05741,Sanjay Singh,sanjay.singh5741@example.com,38,Male,Nagpur,West,2025-02-25,Active
C05742,Olivia Taylor,olivia.taylor5742@example.com,25,Female,Jaipur,North,2023-01-10,Inactive
C05743,Aanya Rao,aanya.rao5743@example.com,35,Female,Chandigarh,North,2024-06-16,Active
C05744,James Anderson,james.anderson5744@example.com,20,Female,Nagpur,West,2025-02-08,Active
C05745,Aanya Brown,aanya.brown5745@example.com,18,Other,Bengaluru,South,2023-02-05,Active
C05746,Sanjay Mehta,sanjay.mehta5746@example.com,38,Other,Chennai,South,2023-06-08,Active
C05747,Emma Nair,emma.nair5747@example.com,31,Other,Surat,West,2024-03-26,Inactive
C05748,Meera Das,meera.das5748@example.com,37,Male,Coimbatore,South,2025-05-22,Active
C05749,Sophia Iyer,sophia.iyer5749@example.com,34,Female,Patna,East,2023-11-21,Active
C05750,Karan Das,karan.das5750@example.com,25,Other,Surat,West,2023-10-10,Active
C05751,Ananya Malhotra,ananya.malhotra5751@example.com,34,Other,Coimbatore,South,2023-10-05,Active
C05752,Isabella Patel,isabella.patel5752@example.com,22,Male,Kolkata,East,2023-11-11,Active
C05753,Aanya Verma,aanya.verma5753@example.com,48,Female,Bengaluru,South,2023-07-03,Active
C05754,Rohan Singh,rohan.singh5754@example.com,21,Other,Hyderabad,South,2024-02-03,Active
C05755,Priya Das,priya.das5755@example.com,33,Female,Patna,East,2023-08-17,Active
C05756,Michael Anderson,michael.anderson5756@example.com,24,Female,Chandigarh,North,2025-03-05,Active
C05757,Aditya Reddy,aditya.reddy5757@example.com,40,Female,Pune,West,2024-06-11,Active
C05758,Nikhil Joshi,nikhil.joshi5758@example.com,31,Other,Chennai,South,2024-05-05,Active
C05759,James Johnson,james.johnson5759@example.com,29,Male,Chennai,South,2024-05-08,Active
C05760,Emma Das,emma.das5760@example.com,43,Male,Delhi,North,2024-02-14,Active
C05761,Mia Gupta,mia.gupta5761@example.com,35,Male,Goa,West,2023-05-20,Active
C05762,Vikram Singh,vikram.singh5762@example.com,40,Male,Bengaluru,South,2024-06-29,Inactive
C05763,Michael Anderson,michael.anderson5763@example.com,25,Other,Pune,West,2023-08-25,Active
C05764,Olivia Verma,olivia.verma5764@example.com,20,Male,Kochi,South,2023-12-12,Active
C05765,Aanya Rao,aanya.rao5765@example.com,36,Male,Hyderabad,South,2025-01-04,Active
C05766,Kavya Moore,kavya.moore5766@example.com,31,Other,Delhi,North,2023-11-16,Active
C05767,Mia Patel,mia.patel5767@example.com,41,Male,Chennai,South,2025-01-30,Active
C05768,Rohan Rao,rohan.rao5768@example.com,34,Male,Bhubaneswar,East,2024-11-30,Active
C05769,Vikram Das,vikram.das5769@example.com,37,Female,Coimbatore,South,2024-10-11,Active
C05770,Ishita Miller,ishita.miller5770@example.com,18,Female,Jaipur,North,2024-07-14,Active
C05771,Nikhil Rao,nikhil.rao5771@example.com,53,Female,Lucknow,North,2023-04-14,Active
C05772,Pooja Kapoor,pooja.kapoor5772@example.com,33,Other,Kolkata,East,2024-11-05,Active
C05773,Daniel Joshi,daniel.joshi5773@example.com,41,Female,Dehradun,North,2024-01-14,Inactive
C05774,Neha Taylor,neha.taylor5774@example.com,26,Other,Patna,East,2023-05-28,Active
C05775,James Johnson,james.johnson5775@example.com,38,Male,Nagpur,West,2024-04-19,Active
C05776,Neha Sharma,neha.sharma5776@example.com,21,Female,Kochi,South,2023-07-31,Active
C05777,Daniel Davis,daniel.davis5777@example.com,39,Female,Pune,West,2024-06-18,Active
C05778,Emma Singh,emma.singh5778@example.com,31,Other,Chennai,South,2024-07-23,Active
C05779,Divya Malhotra,divya.malhotra5779@example.com,35,Other,Jaipur,North,2024-09-13,Active
C05780,Rohan Reddy,rohan.reddy5780@example.com,41,Other,Mysuru,South,2024-01-17,Active
C05781,Divya Smith,divya.smith5781@example.com,22,Female,Hyderabad,South,2025-02-14,Active
C05782,Sophia Das,sophia.das5782@example.com,28,Male,Ahmedabad,West,2024-11-28,Active
C05783,Aditya Sharma,aditya.sharma5783@example.com,39,Female,Jaipur,North,2024-03-22,Active
C05784,Olivia Anderson,olivia.anderson5784@example.com,55,Male,Nagpur,West,2024-02-17,Active
C05785,Pooja Kapoor,pooja.kapoor5785@example.com,33,Female,Chennai,South,2023-04-06,Inactive
C05786,Rahul Johnson,rahul.johnson5786@example.com,40,Other,Pune,West,2024-01-02,Active
C05787,Aarav Rao,aarav.rao5787@example.com,33,Other,Dehradun,North,2023-12-09,Active
C05788,Karan Verma,karan.verma5788@example.com,54,Male,Kochi,South,2023-04-16,Active
C05789,Mia Wilson,mia.wilson5789@example.com,18,Female,Pune,West,2023-10-30,Active
C05790,Divya Davis,divya.davis5790@example.com,35,Female,Pune,West,2024-09-21,Active
C05791,Rohan Johnson,rohan.johnson5791@example.com,18,Other,Kolkata,East,2023-12-23,Active
C05792,Ishita Kapoor,ishita.kapoor5792@example.com,18,Other,Ranchi,East,2024-10-30,Active
C05793,Aanya Smith,aanya.smith5793@example.com,37,Female,Chandigarh,North,2023-08-11,Active
C05794,Isabella Reddy,isabella.reddy5794@example.com,36,Male,Mysuru,South,2024-11-09,Active
C05795,Karan Wilson,karan.wilson5795@example.com,32,Female,Pune,West,2023-08-15,Active
C05796,Emma Joshi,emma.joshi5796@example.com,33,Other,Chennai,South,2025-03-24,Active
C05797,Emma Gupta,emma.gupta5797@example.com,65,Female,Bengaluru,South,2024-06-01,Active
C05798,Arjun Kapoor,arjun.kapoor5798@example.com,32,Other,Coimbatore,South,2024-02-05,Active
C05799,Ananya Patel,ananya.patel5799@example.com,40,Other,Amritsar,North,2023-01-11,Active
C05800,Emma Taylor,emma.taylor5800@example.com,28,Male,Surat,West,2025-02-04,Active
C05801,Neha Nair,neha.nair5801@example.com,37,Female,Kochi,South,2025-03-03,Active
C05802,Pooja Smith,pooja.smith5802@example.com,32,Female,Mysuru,South,2024-09-20,Active
C05803,Pooja Kapoor,pooja.kapoor5803@example.com,30,Male,Kolkata,East,2025-03-16,Active
C05804,Rohan Brown,rohan.brown5804@example.com,53,Male,Amritsar,North,2024-02-29,Active
C05805,Ananya Sharma,ananya.sharma5805@example.com,46,Female,Guwahati,East,2023-12-25,Active
C05806,Vikram Kapoor,vikram.kapoor5806@example.com,36,Female,Mysuru,South,2024-08-11,Inactive
C05807,Sophia Gupta,sophia.gupta5807@example.com,18,Other,Ranchi,East,2023-08-28,Active
C05808,Michael Moore,michael.moore5808@example.com,31,Female,Dehradun,North,2023-05-14,Active
C05809,Aditya Joshi,aditya.joshi5809@example.com,62,Female,Dehradun,North,2023-12-20,Inactive
C05810,Rohan Malhotra,rohan.malhotra5810@example.com,32,Other,Amritsar,North,2025-03-29,Inactive
C05811,Arjun Williams,arjun.williams5811@example.com,46,Other,Surat,West,2025-02-10,Active
C05812,Vikram Rao,vikram.rao5812@example.com,49,Female,Kochi,South,2023-12-30,Active
C05813,Aditya Davis,aditya.davis5813@example.com,37,Male,Goa,West,2024-05-30,Active
C05814,Aditya Patel,aditya.patel5814@example.com,26,Male,Mysuru,South,2023-09-03,Active
C05815,Karan Davis,karan.davis5815@example.com,18,Other,Ahmedabad,West,2023-06-19,Active
C05816,Michael Rao,michael.rao5816@example.com,41,Female,Chennai,South,2023-09-15,Active
C05817,Ananya Verma,ananya.verma5817@example.com,26,Male,Bhubaneswar,East,2024-12-03,Active
C05818,Sanjay Malhotra,sanjay.malhotra5818@example.com,36,Male,Jaipur,North,2023-01-06,Active
C05819,Aditya Nair,aditya.nair5819@example.com,22,Female,Jaipur,North,2024-09-28,Active
C05820,David Nair,david.nair5820@example.com,32,Other,Mumbai,West,2025-04-01,Active
C05821,Vikram Malhotra,vikram.malhotra5821@example.com,35,Female,Surat,West,2024-04-15,Active
C05822,Emma Reddy,emma.reddy5822@example.com,37,Female,Dehradun,North,2023-03-25,Active
C05823,Aanya Anderson,aanya.anderson5823@example.com,23,Male,Lucknow,North,2025-01-14,Active
C05824,Aditya Das,aditya.das5824@example.com,46,Other,Nagpur,West,2025-03-18,Active
C05825,Varun Miller,varun.miller5825@example.com,29,Male,Dehradun,North,2023-02-13,Active
C05826,Aditya Smith,aditya.smith5826@example.com,18,Other,Kolkata,East,2023-08-15,Active
C05827,Isabella Johnson,isabella.johnson5827@example.com,33,Female,Bhubaneswar,East,2025-01-01,Active
C05828,Ananya Rao,ananya.rao5828@example.com,35,Other,Mumbai,West,2023-11-18,Active
C05829,Priya Williams,priya.williams5829@example.com,36,Female,Delhi,North,2025-03-15,Inactive
C05830,Aarav Kumar,aarav.kumar5830@example.com,48,Male,Coimbatore,South,2023-03-12,Active
C05831,Isabella Malhotra,isabella.malhotra5831@example.com,32,Male,Patna,East,2024-07-08,Active
C05832,Aanya Joshi,aanya.joshi5832@example.com,33,Other,Guwahati,East,2024-10-31,Active
C05833,Varun Anderson,varun.anderson5833@example.com,23,Other,Guwahati,East,2023-04-29,Active
C05834,Sophia Taylor,sophia.taylor5834@example.com,43,Female,Nagpur,West,2023-02-07,Inactive
C05835,Varun Kumar,varun.kumar5835@example.com,36,Other,Kolkata,East,2025-04-12,Active
C05836,Meera Johnson,meera.johnson5836@example.com,30,Female,Coimbatore,South,2023-03-25,Active
C05837,Pooja Sharma,pooja.sharma5837@example.com,18,Other,Mumbai,West,2023-01-12,Active
C05838,Isabella Gupta,isabella.gupta5838@example.com,49,Other,Coimbatore,South,2023-06-16,Active
C05839,Pooja Moore,pooja.moore5839@example.com,22,Male,Kolkata,East,2024-09-06,Active
C05840,Sneha Gupta,sneha.gupta5840@example.com,29,Male,Coimbatore,South,2023-03-18,Active
C05841,Ishita Verma,ishita.verma5841@example.com,38,Male,Guwahati,East,2023-02-13,Active
C05842,Olivia Patel,olivia.patel5842@example.com,23,Male,Kolkata,East,2024-05-04,Inactive
C05843,Pooja Das,pooja.das5843@example.com,20,Other,Chandigarh,North,2024-07-23,Active
C05844,Nikhil Mehta,nikhil.mehta5844@example.com,18,Other,Mysuru,South,2023-01-08,Active
C05845,James Verma,james.verma5845@example.com,42,Female,Delhi,North,2025-03-18,Inactive
C05846,Aanya Miller,aanya.miller5846@example.com,29,Male,Mysuru,South,2023-03-02,Inactive
C05847,Meera Iyer,meera.iyer5847@example.com,64,Female,Kolkata,East,2024-11-20,Active
C05848,Kavya Kapoor,kavya.kapoor5848@example.com,25,Male,Delhi,North,2025-05-01,Active
C05849,Olivia Taylor,olivia.taylor5849@example.com,25,Male,Delhi,North,2025-06-03,Active
C05850,Divya Davis,divya.davis5850@example.com,29,Male,Mysuru,South,2023-07-20,Active
C05851,Varun Taylor,varun.taylor5851@example.com,37,Other,Patna,East,2025-02-26,Active
C05852,Meera Singh,meera.singh5852@example.com,30,Male,Hyderabad,South,2023-04-28,Active
C05853,Meera Johnson,meera.johnson5853@example.com,41,Other,Guwahati,East,2024-12-05,Active
C05854,David Williams,david.williams5854@example.com,25,Other,Delhi,North,2024-02-01,Active
C05855,Aanya Nair,aanya.nair5855@example.com,21,Female,Goa,West,2023-02-01,Active
C05856,Rahul Anderson,rahul.anderson5856@example.com,18,Male,Delhi,North,2025-05-12,Active
C05857,Sanjay Kumar,sanjay.kumar5857@example.com,18,Female,Mumbai,West,2025-03-15,Active
C05858,David Johnson,david.johnson5858@example.com,29,Male,Dehradun,North,2023-09-17,Active
C05859,David Johnson,david.johnson5859@example.com,31,Other,Mumbai,West,2023-03-19,Active
C05860,Vikram Patel,vikram.patel5860@example.com,28,Other,Mumbai,West,2025-05-10,Active
C05861,Aditya Mehta,aditya.mehta5861@example.com,47,Female,Goa,West,2024-08-02,Inactive
C05862,Aarav Williams,aarav.williams5862@example.com,47,Other,Chandigarh,North,2025-04-11,Inactive
C05863,Aanya Kapoor,aanya.kapoor5863@example.com,31,Male,Guwahati,East,2024-12-09,Inactive
C05864,Karan Kapoor,karan.kapoor5864@example.com,18,Other,Patna,East,2024-07-24,Active
C05865,Daniel Patel,daniel.patel5865@example.com,29,Female,Guwahati,East,2023-09-22,Active
C05866,Neha Singh,neha.singh5866@example.com,29,Other,Kolkata,East,2024-09-25,Active
C05867,Ishita Malhotra,ishita.malhotra5867@example.com,28,Other,Guwahati,East,2024-03-29,Inactive
C05868,Isabella Gupta,isabella.gupta5868@example.com,28,Other,Chennai,South,2025-02-18,Active
C05869,Karan Anderson,karan.anderson5869@example.com,28,Female,Ranchi,East,2024-09-11,Active
C05870,Aanya Kumar,aanya.kumar5870@example.com,31,Female,Bhubaneswar,East,2025-05-27,Inactive
C05871,Sanjay Miller,sanjay.miller5871@example.com,28,Female,Pune,West,2023-05-07,Active
C05872,David Smith,david.smith5872@example.com,37,Female,Ranchi,East,2024-08-19,Inactive
C05873,Karan Singh,karan.singh5873@example.com,38,Other,Mysuru,South,2025-04-05,Active
C05874,Ananya Anderson,ananya.anderson5874@example.com,25,Female,Mumbai,West,2024-02-01,Active
C05875,Aarav Anderson,aarav.anderson5875@example.com,47,Male,Surat,West,2023-11-12,Active
C05876,Sophia Joshi,sophia.joshi5876@example.com,25,Other,Chennai,South,2024-08-31,Inactive
C05877,Daniel Patel,daniel.patel5877@example.com,18,Male,Surat,West,2024-02-10,Active
C05878,Emma Brown,emma.brown5878@example.com,38,Other,Kochi,South,2023-10-30,Active
C05879,William Brown,william.brown5879@example.com,26,Male,Lucknow,North,2023-07-31,Active
C05880,Rahul Mehta,rahul.mehta5880@example.com,38,Male,Chennai,South,2023-07-27,Active
C05881,William Patel,william.patel5881@example.com,18,Male,Ranchi,East,2024-06-17,Active
C05882,Karan Reddy,karan.reddy5882@example.com,48,Female,Guwahati,East,2023-07-04,Active
C05883,Michael Singh,michael.singh5883@example.com,41,Male,Lucknow,North,2024-10-02,Active
C05884,Rohan Anderson,rohan.anderson5884@example.com,19,Male,Chennai,South,2023-07-12,Active
C05885,Mia Kapoor,mia.kapoor5885@example.com,20,Male,Patna,East,2023-12-04,Active
C05886,Olivia Singh,olivia.singh5886@example.com,51,Male,Chennai,South,2023-06-03,Active
C05887,Divya Reddy,divya.reddy5887@example.com,27,Male,Delhi,North,2025-06-18,Active
C05888,Emma Kumar,emma.kumar5888@example.com,26,Female,Bhubaneswar,East,2024-12-16,Active
C05889,Isabella Sharma,isabella.sharma5889@example.com,18,Other,Lucknow,North,2025-03-19,Active
C05890,James Gupta,james.gupta5890@example.com,31,Other,Chennai,South,2025-05-13,Active
C05891,Michael Johnson,michael.johnson5891@example.com,32,Male,Goa,West,2024-12-06,Inactive
C05892,Ananya Kumar,ananya.kumar5892@example.com,42,Female,Jaipur,North,2024-06-27,Active
C05893,Pooja Davis,pooja.davis5893@example.com,21,Other,Jaipur,North,2025-06-05,Active
C05894,Ananya Miller,ananya.miller5894@example.com,19,Male,Amritsar,North,2023-02-13,Active
C05895,Isabella Nair,isabella.nair5895@example.com,39,Male,Pune,West,2024-02-23,Active
C05896,Michael Davis,michael.davis5896@example.com,45,Female,Goa,West,2025-04-10,Active
C05897,Sanjay Brown,sanjay.brown5897@example.com,19,Female,Patna,East,2023-10-17,Active
C05898,Meera Gupta,meera.gupta5898@example.com,45,Other,Bhubaneswar,East,2023-11-04,Active
C05899,Emma Anderson,emma.anderson5899@example.com,35,Female,Bengaluru,South,2025-04-23,Active
C05900,Neha Taylor,neha.taylor5900@example.com,45,Male,Patna,East,2023-05-12,Active
C05901,Ananya Reddy,ananya.reddy5901@example.com,34,Female,Chennai,South,2024-06-23,Active
C05902,Aarav Iyer,aarav.iyer5902@example.com,18,Male,Coimbatore,South,2023-09-13,Active
C05903,Kavya Taylor,kavya.taylor5903@example.com,33,Other,Bhubaneswar,East,2023-07-11,Active
C05904,Aarav Mehta,aarav.mehta5904@example.com,45,Female,Pune,West,2024-02-11,Active
C05905,James Patel,james.patel5905@example.com,26,Other,Surat,West,2023-05-12,Active
C05906,Aditya Moore,aditya.moore5906@example.com,31,Other,Ahmedabad,West,2025-04-27,Active
C05907,Olivia Singh,olivia.singh5907@example.com,33,Male,Dehradun,North,2024-10-02,Active
C05908,Olivia Gupta,olivia.gupta5908@example.com,18,Other,Hyderabad,South,2024-02-04,Active
C05909,Ishita Anderson,ishita.anderson5909@example.com,51,Other,Hyderabad,South,2023-05-20,Active
C05910,Daniel Patel,daniel.patel5910@example.com,25,Female,Dehradun,North,2025-05-11,Active
C05911,Sophia Mehta,sophia.mehta5911@example.com,40,Male,Lucknow,North,2023-01-04,Active
C05912,Sophia Joshi,sophia.joshi5912@example.com,34,Male,Delhi,North,2023-10-12,Inactive
C05913,Varun Davis,varun.davis5913@example.com,47,Female,Bhubaneswar,East,2023-11-10,Active
C05914,Vikram Gupta,vikram.gupta5914@example.com,39,Male,Ahmedabad,West,2023-03-12,Active
C05915,Sophia Kumar,sophia.kumar5915@example.com,32,Other,Mumbai,West,2025-05-21,Active
C05916,David Mehta,david.mehta5916@example.com,26,Other,Bengaluru,South,2024-04-06,Active
C05917,Nikhil Sharma,nikhil.sharma5917@example.com,42,Male,Goa,West,2023-01-26,Active
C05918,Neha Rao,neha.rao5918@example.com,18,Female,Mysuru,South,2023-11-05,Active
C05919,Emma Moore,emma.moore5919@example.com,41,Other,Ahmedabad,West,2024-12-18,Active
C05920,Arjun Taylor,arjun.taylor5920@example.com,24,Other,Nagpur,West,2024-06-20,Active
C05921,Karan Patel,karan.patel5921@example.com,47,Other,Goa,West,2025-04-08,Inactive
C05922,Varun Williams,varun.williams5922@example.com,36,Male,Lucknow,North,2024-05-26,Active
C05923,Meera Rao,meera.rao5923@example.com,41,Other,Kochi,South,2023-05-11,Active
C05924,Isabella Patel,isabella.patel5924@example.com,35,Male,Guwahati,East,2023-08-08,Active
C05925,Sneha Davis,sneha.davis5925@example.com,18,Female,Bengaluru,South,2023-09-28,Active
C05926,Neha Malhotra,neha.malhotra5926@example.com,26,Male,Mumbai,West,2024-12-03,Active
C05927,Rohan Joshi,rohan.joshi5927@example.com,41,Other,Guwahati,East,2024-04-19,Active
C05928,Isabella Brown,isabella.brown5928@example.com,36,Female,Nagpur,West,2023-01-07,Active
C05929,Karan Kapoor,karan.kapoor5929@example.com,46,Female,Kochi,South,2024-02-16,Active
C05930,James Singh,james.singh5930@example.com,39,Male,Surat,West,2025-05-25,Inactive
C05931,Isabella Verma,isabella.verma5931@example.com,25,Other,Hyderabad,South,2024-10-22,Active
C05932,William Gupta,william.gupta5932@example.com,27,Other,Amritsar,North,2024-03-01,Inactive
C05933,Kavya Mehta,kavya.mehta5933@example.com,36,Female,Kochi,South,2023-05-17,Active
C05934,Rohan Gupta,rohan.gupta5934@example.com,18,Male,Coimbatore,South,2023-11-03,Active
C05935,William Kapoor,william.kapoor5935@example.com,51,Other,Guwahati,East,2023-06-20,Active
C05936,Karan Wilson,karan.wilson5936@example.com,39,Female,Chandigarh,North,2023-02-03,Inactive
C05937,Ananya Verma,ananya.verma5937@example.com,47,Male,Bhubaneswar,East,2023-09-16,Active
C05938,Aditya Smith,aditya.smith5938@example.com,19,Other,Bhubaneswar,East,2023-10-11,Active
C05939,Sanjay Wilson,sanjay.wilson5939@example.com,47,Female,Delhi,North,2025-05-30,Active
C05940,Rahul Mehta,rahul.mehta5940@example.com,57,Male,Kolkata,East,2023-05-02,Active
C05941,Sneha Malhotra,sneha.malhotra5941@example.com,21,Other,Nagpur,West,2024-11-29,Active
C05942,Kavya Moore,kavya.moore5942@example.com,42,Other,Lucknow,North,2023-08-19,Active
C05943,Ananya Reddy,ananya.reddy5943@example.com,35,Other,Guwahati,East,2024-02-25,Active
C05944,Emma Johnson,emma.johnson5944@example.com,19,Other,Patna,East,2024-12-27,Active
C05945,Arjun Davis,arjun.davis5945@example.com,39,Male,Bhubaneswar,East,2024-05-26,Active
C05946,Rohan Anderson,rohan.anderson5946@example.com,43,Female,Hyderabad,South,2023-07-18,Inactive
C05947,Varun Brown,varun.brown5947@example.com,28,Male,Ahmedabad,West,2024-05-15,Active
C05948,Pooja Brown,pooja.brown5948@example.com,46,Female,Goa,West,2024-01-10,Active
C05949,Meera Reddy,meera.reddy5949@example.com,18,Male,Guwahati,East,2025-05-03,Active
C05950,Vikram Davis,vikram.davis5950@example.com,20,Male,Chandigarh,North,2024-08-21,Active
C05951,Daniel Johnson,daniel.johnson5951@example.com,36,Female,Amritsar,North,2023-07-03,Active
C05952,Rohan Gupta,rohan.gupta5952@example.com,35,Other,Pune,West,2024-09-13,Active
C05953,Ananya Das,ananya.das5953@example.com,27,Male,Surat,West,2023-02-03,Active
C05954,Divya Kumar,divya.kumar5954@example.com,43,Female,Jaipur,North,2023-11-12,Active
C05955,Neha Verma,neha.verma5955@example.com,40,Other,Lucknow,North,2023-07-23,Active
C05956,Divya Verma,divya.verma5956@example.com,43,Male,Ranchi,East,2023-09-25,Inactive
C05957,Aarav Taylor,aarav.taylor5957@example.com,33,Other,Delhi,North,2024-02-08,Active
C05958,William Malhotra,william.malhotra5958@example.com,41,Other,Ahmedabad,West,2024-09-12,Active
C05959,David Brown,david.brown5959@example.com,30,Male,Lucknow,North,2024-06-27,Active
C05960,Nikhil Davis,nikhil.davis5960@example.com,55,Other,Chandigarh,North,2024-01-26,Active
C05961,Nikhil Verma,nikhil.verma5961@example.com,26,Male,Kochi,South,2024-08-21,Active
C05962,Sophia Verma,sophia.verma5962@example.com,56,Male,Delhi,North,2024-04-14,Active
C05963,Olivia Verma,olivia.verma5963@example.com,35,Male,Bhubaneswar,East,2024-01-08,Active
C05964,Varun Malhotra,varun.malhotra5964@example.com,21,Male,Goa,West,2023-10-01,Inactive
C05965,Olivia Anderson,olivia.anderson5965@example.com,48,Other,Mumbai,West,2024-01-08,Active
C05966,Rohan Verma,rohan.verma5966@example.com,36,Female,Goa,West,2024-04-23,Active
C05967,Aditya Nair,aditya.nair5967@example.com,43,Other,Dehradun,North,2024-09-25,Active
C05968,Pooja Gupta,pooja.gupta5968@example.com,47,Other,Nagpur,West,2025-04-07,Active
C05969,William Williams,william.williams5969@example.com,38,Female,Mumbai,West,2024-06-04,Active
C05970,Aanya Anderson,aanya.anderson5970@example.com,29,Other,Mumbai,West,2023-12-18,Active
C05971,Ishita Smith,ishita.smith5971@example.com,44,Female,Pune,West,2024-05-05,Inactive
C05972,James Gupta,james.gupta5972@example.com,35,Female,Bhubaneswar,East,2023-10-08,Active
C05973,Priya Joshi,priya.joshi5973@example.com,41,Male,Mumbai,West,2023-06-03,Active
C05974,Meera Anderson,meera.anderson5974@example.com,18,Female,Nagpur,West,2024-08-31,Active
C05975,Sanjay Malhotra,sanjay.malhotra5975@example.com,39,Other,Patna,East,2025-01-29,Active
C05976,Daniel Mehta,daniel.mehta5976@example.com,28,Female,Guwahati,East,2025-02-01,Active
C05977,Vikram Malhotra,vikram.malhotra5977@example.com,51,Female,Bhubaneswar,East,2025-06-03,Active
C05978,Daniel Singh,daniel.singh5978@example.com,41,Female,Dehradun,North,2023-01-25,Active
C05979,Pooja Verma,pooja.verma5979@example.com,37,Other,Kochi,South,2024-10-24,Active
C05980,Divya Joshi,divya.joshi5980@example.com,39,Female,Guwahati,East,2025-06-18,Active
C05981,David Sharma,david.sharma5981@example.com,25,Male,Patna,East,2024-03-27,Active
C05982,Kavya Patel,kavya.patel5982@example.com,51,Female,Patna,East,2024-06-21,Active
C05983,Rohan Gupta,rohan.gupta5983@example.com,54,Other,Coimbatore,South,2024-06-30,Active
C05984,Rohan Verma,rohan.verma5984@example.com,38,Other,Goa,West,2024-09-13,Active
C05985,Karan Nair,karan.nair5985@example.com,50,Other,Goa,West,2024-06-21,Active
C05986,Pooja Rao,pooja.rao5986@example.com,29,Female,Kolkata,East,2023-08-03,Active
C05987,Ishita Sharma,ishita.sharma5987@example.com,27,Other,Kolkata,East,2025-06-20,Active
C05988,Vikram Sharma,vikram.sharma5988@example.com,35,Female,Mysuru,South,2023-04-16,Active
C05989,Ishita Smith,ishita.smith5989@example.com,39,Male,Kochi,South,2025-06-09,Active
C05990,Rohan Nair,rohan.nair5990@example.com,31,Female,Pune,West,2024-04-23,Active
C05991,James Joshi,james.joshi5991@example.com,40,Female,Ahmedabad,West,2025-02-02,Active
C05992,David Brown,david.brown5992@example.com,38,Male,Bengaluru,South,2025-04-21,Active
C05993,Ananya Iyer,ananya.iyer5993@example.com,25,Other,Ahmedabad,West,2023-05-31,Active
C05994,Aanya Reddy,aanya.reddy5994@example.com,40,Male,Kolkata,East,2023-07-03,Active
C05995,Pooja Johnson,pooja.johnson5995@example.com,43,Male,Mumbai,West,2024-11-29,Inactive
C05996,Karan Nair,karan.nair5996@example.com,36,Other,Kolkata,East,2023-09-26,Active
C05997,Varun Miller,varun.miller5997@example.com,46,Female,Surat,West,2023-07-27,Active
C05998,Meera Reddy,meera.reddy5998@example.com,22,Female,Hyderabad,South,2023-09-15,Active
C05999,Isabella Miller,isabella.miller5999@example.com,39,Female,Ranchi,East,2023-10-04,Active
C06000,Varun Gupta,varun.gupta6000@example.com,23,Female,Goa,West,2023-01-24,Inactive
C06001,Meera Patel,meera.patel6001@example.com,23,Male,Bhubaneswar,East,2025-02-17,Active
C06002,Pooja Iyer,pooja.iyer6002@example.com,28,Female,Goa,West,2025-02-13,Active
C06003,Daniel Moore,daniel.moore6003@example.com,25,Other,Mumbai,West,2024-11-27,Inactive
C06004,Priya Rao,priya.rao6004@example.com,29,Other,Coimbatore,South,2024-02-13,Inactive
C06005,Ananya Singh,ananya.singh6005@example.com,32,Male,Coimbatore,South,2024-05-18,Active
C06006,Daniel Williams,daniel.williams6006@example.com,43,Other,Guwahati,East,2023-11-01,Inactive
C06007,Emma Gupta,emma.gupta6007@example.com,31,Male,Dehradun,North,2024-05-25,Active
C06008,Aditya Moore,aditya.moore6008@example.com,19,Other,Mumbai,West,2025-03-08,Inactive
C06009,Arjun Anderson,arjun.anderson6009@example.com,46,Male,Goa,West,2024-10-05,Active
C06010,Ishita Kumar,ishita.kumar6010@example.com,26,Male,Nagpur,West,2025-04-18,Active
C06011,Aanya Malhotra,aanya.malhotra6011@example.com,34,Other,Chandigarh,North,2023-07-29,Active
C06012,Sanjay Taylor,sanjay.taylor6012@example.com,39,Female,Ranchi,East,2024-06-08,Inactive
C06013,Vikram Smith,vikram.smith6013@example.com,36,Female,Jaipur,North,2024-04-18,Active
C06014,James Wilson,james.wilson6014@example.com,45,Male,Patna,East,2025-06-07,Active
C06015,Rahul Brown,rahul.brown6015@example.com,39,Male,Guwahati,East,2024-06-10,Active
C06016,Ananya Malhotra,ananya.malhotra6016@example.com,26,Other,Jaipur,North,2025-06-08,Active
C06017,Sophia Joshi,sophia.joshi6017@example.com,56,Female,Mysuru,South,2023-09-09,Active
C06018,Pooja Taylor,pooja.taylor6018@example.com,36,Other,Chandigarh,North,2023-11-30,Active
C06019,Vikram Patel,vikram.patel6019@example.com,33,Other,Patna,East,2024-07-29,Active
C06020,Rohan Sharma,rohan.sharma6020@example.com,44,Male,Guwahati,East,2023-07-10,Inactive
C06021,Daniel Das,daniel.das6021@example.com,37,Female,Chandigarh,North,2023-01-06,Inactive
C06022,Meera Davis,meera.davis6022@example.com,38,Other,Bhubaneswar,East,2025-03-10,Active
C06023,Rohan Miller,rohan.miller6023@example.com,59,Male,Bhubaneswar,East,2023-05-14,Active
C06024,Rohan Rao,rohan.rao6024@example.com,32,Male,Surat,West,2024-09-06,Inactive
C06025,Ishita Joshi,ishita.joshi6025@example.com,31,Female,Bengaluru,South,2023-09-29,Inactive
C06026,Nikhil Davis,nikhil.davis6026@example.com,36,Other,Hyderabad,South,2024-08-30,Active
C06027,Sophia Patel,sophia.patel6027@example.com,45,Male,Patna,East,2024-11-30,Active
C06028,Ananya Singh,ananya.singh6028@example.com,19,Other,Hyderabad,South,2024-09-15,Active
C06029,Mia Iyer,mia.iyer6029@example.com,18,Male,Amritsar,North,2023-01-23,Active
C06030,Olivia Johnson,olivia.johnson6030@example.com,29,Male,Hyderabad,South,2024-12-17,Active
C06031,Rahul Patel,rahul.patel6031@example.com,18,Female,Goa,West,2024-06-25,Inactive
C06032,Sneha Patel,sneha.patel6032@example.com,30,Female,Amritsar,North,2023-11-01,Active
C06033,Mia Smith,mia.smith6033@example.com,40,Female,Pune,West,2024-03-30,Active
C06034,Nikhil Gupta,nikhil.gupta6034@example.com,26,Other,Goa,West,2025-04-10,Active
C06035,William Moore,william.moore6035@example.com,20,Female,Chennai,South,2024-10-15,Active
C06036,William Kumar,william.kumar6036@example.com,35,Female,Coimbatore,South,2025-05-28,Active
C06037,Rahul Wilson,rahul.wilson6037@example.com,43,Male,Kochi,South,2025-02-22,Active
C06038,Mia Mehta,mia.mehta6038@example.com,18,Male,Kochi,South,2024-08-23,Active
C06039,Aditya Verma,aditya.verma6039@example.com,43,Female,Amritsar,North,2024-01-09,Active
C06040,Sophia Smith,sophia.smith6040@example.com,43,Other,Goa,West,2025-01-11,Active
C06041,Aanya Rao,aanya.rao6041@example.com,44,Male,Guwahati,East,2024-06-09,Active
C06042,Emma Davis,emma.davis6042@example.com,47,Female,Nagpur,West,2025-05-15,Active
C06043,Ananya Wilson,ananya.wilson6043@example.com,57,Female,Surat,West,2023-01-16,Inactive
C06044,Kavya Nair,kavya.nair6044@example.com,31,Other,Guwahati,East,2025-01-27,Active
C06045,Sanjay Williams,sanjay.williams6045@example.com,36,Male,Kolkata,East,2024-11-01,Active
C06046,Neha Patel,neha.patel6046@example.com,30,Male,Nagpur,West,2023-12-07,Active
C06047,Mia Das,mia.das6047@example.com,35,Female,Goa,West,2025-03-13,Active
C06048,Isabella Iyer,isabella.iyer6048@example.com,50,Other,Chennai,South,2024-06-07,Active
C06049,Michael Moore,michael.moore6049@example.com,21,Male,Amritsar,North,2024-11-10,Active
C06050,Neha Malhotra,neha.malhotra6050@example.com,26,Female,Ahmedabad,West,2024-10-04,Active
C06051,Ishita Williams,ishita.williams6051@example.com,48,Male,Ahmedabad,West,2024-01-14,Active
C06052,Rohan Smith,rohan.smith6052@example.com,45,Female,Jaipur,North,2023-06-01,Inactive
C06053,Divya Brown,divya.brown6053@example.com,31,Other,Kochi,South,2023-02-09,Active
C06054,Neha Iyer,neha.iyer6054@example.com,43,Female,Dehradun,North,2024-09-06,Inactive
C06055,James Taylor,james.taylor6055@example.com,38,Female,Guwahati,East,2024-04-17,Inactive
C06056,Meera Singh,meera.singh6056@example.com,50,Male,Chandigarh,North,2024-11-25,Active
C06057,Isabella Brown,isabella.brown6057@example.com,35,Male,Nagpur,West,2023-06-07,Active
C06058,David Sharma,david.sharma6058@example.com,45,Male,Chennai,South,2025-03-06,Active
C06059,Divya Taylor,divya.taylor6059@example.com,61,Male,Ahmedabad,West,2024-01-20,Active
C06060,Pooja Singh,pooja.singh6060@example.com,40,Other,Bengaluru,South,2024-05-09,Active
C06061,Neha Das,neha.das6061@example.com,35,Male,Hyderabad,South,2024-12-11,Active
C06062,Pooja Miller,pooja.miller6062@example.com,42,Male,Kolkata,East,2023-02-27,Active
C06063,Kavya Rao,kavya.rao6063@example.com,31,Female,Patna,East,2023-12-28,Active
C06064,Mia Kapoor,mia.kapoor6064@example.com,58,Male,Patna,East,2023-05-06,Active
C06065,Ishita Wilson,ishita.wilson6065@example.com,36,Female,Bengaluru,South,2024-12-17,Inactive
C06066,Sanjay Patel,sanjay.patel6066@example.com,32,Other,Surat,West,2025-04-20,Active
C06067,Neha Taylor,neha.taylor6067@example.com,26,Other,Kolkata,East,2023-04-04,Active
C06068,Aanya Nair,aanya.nair6068@example.com,45,Male,Nagpur,West,2023-03-23,Active
C06069,Olivia Brown,olivia.brown6069@example.com,43,Other,Patna,East,2023-11-25,Active
C06070,James Williams,james.williams6070@example.com,30,Female,Dehradun,North,2024-08-20,Active
C06071,Karan Patel,karan.patel6071@example.com,40,Other,Goa,West,2024-11-29,Inactive
C06072,Olivia Kapoor,olivia.kapoor6072@example.com,19,Male,Dehradun,North,2024-06-20,Active
C06073,Arjun Patel,arjun.patel6073@example.com,36,Female,Kolkata,East,2024-01-16,Active
C06074,Arjun Reddy,arjun.reddy6074@example.com,39,Male,Coimbatore,South,2024-01-14,Inactive
C06075,Priya Joshi,priya.joshi6075@example.com,52,Female,Hyderabad,South,2023-02-19,Active
C06076,Olivia Taylor,olivia.taylor6076@example.com,27,Male,Mysuru,South,2024-12-25,Active
C06077,Pooja Williams,pooja.williams6077@example.com,22,Male,Pune,West,2023-07-09,Inactive
C06078,Kavya Miller,kavya.miller6078@example.com,26,Female,Coimbatore,South,2024-06-15,Active
C06079,Kavya Davis,kavya.davis6079@example.com,21,Male,Amritsar,North,2024-06-24,Active
C06080,Ananya Anderson,ananya.anderson6080@example.com,48,Female,Goa,West,2025-03-02,Active
C06081,Emma Mehta,emma.mehta6081@example.com,50,Male,Pune,West,2025-01-26,Active
C06082,Sanjay Moore,sanjay.moore6082@example.com,38,Male,Chennai,South,2023-07-10,Active
C06083,Neha Brown,neha.brown6083@example.com,47,Female,Surat,West,2023-06-02,Active
C06084,Vikram Sharma,vikram.sharma6084@example.com,36,Female,Ahmedabad,West,2024-04-19,Active
C06085,Michael Verma,michael.verma6085@example.com,34,Female,Mysuru,South,2024-09-05,Inactive
C06086,Nikhil Davis,nikhil.davis6086@example.com,31,Other,Pune,West,2023-12-02,Active
C06087,William Nair,william.nair6087@example.com,31,Female,Surat,West,2024-09-16,Active
C06088,Sanjay Malhotra,sanjay.malhotra6088@example.com,19,Other,Ranchi,East,2023-04-01,Active
C06089,William Davis,william.davis6089@example.com,37,Male,Ranchi,East,2025-03-23,Active
C06090,Arjun Iyer,arjun.iyer6090@example.com,34,Female,Bhubaneswar,East,2025-04-07,Active
C06091,Rohan Davis,rohan.davis6091@example.com,42,Female,Bhubaneswar,East,2023-01-11,Inactive
C06092,Michael Sharma,michael.sharma6092@example.com,35,Other,Goa,West,2024-08-01,Active
C06093,Karan Joshi,karan.joshi6093@example.com,33,Female,Guwahati,East,2024-11-14,Inactive
C06094,Olivia Johnson,olivia.johnson6094@example.com,26,Male,Delhi,North,2025-05-09,Active
C06095,Olivia Anderson,olivia.anderson6095@example.com,35,Other,Bengaluru,South,2024-10-07,Inactive
C06096,Karan Johnson,karan.johnson6096@example.com,42,Female,Chennai,South,2023-05-21,Active
C06097,Nikhil Gupta,nikhil.gupta6097@example.com,23,Male,Jaipur,North,2024-05-12,Active
C06098,Karan Wilson,karan.wilson6098@example.com,35,Other,Kolkata,East,2023-03-07,Active
C06099,Mia Nair,mia.nair6099@example.com,37,Other,Surat,West,2025-06-23,Inactive
C06100,Sanjay Rao,sanjay.rao6100@example.com,27,Male,Ranchi,East,2023-09-29,Active
C06101,Karan Wilson,karan.wilson6101@example.com,29,Female,Guwahati,East,2024-11-22,Active
C06102,William Wilson,william.wilson6102@example.com,37,Female,Nagpur,West,2025-04-25,Active
C06103,Olivia Sharma,olivia.sharma6103@example.com,23,Male,Goa,West,2025-06-26,Active
C06104,Rahul Joshi,rahul.joshi6104@example.com,38,Other,Dehradun,North,2025-02-05,Active
C06105,Daniel Mehta,daniel.mehta6105@example.com,26,Other,Ahmedabad,West,2023-09-28,Active
C06106,Priya Malhotra,priya.malhotra6106@example.com,45,Male,Pune,West,2024-01-12,Active
C06107,Ishita Gupta,ishita.gupta6107@example.com,58,Female,Ranchi,East,2025-03-29,Active
C06108,Neha Singh,neha.singh6108@example.com,26,Male,Delhi,North,2024-12-02,Active
C06109,Nikhil Moore,nikhil.moore6109@example.com,40,Male,Ahmedabad,West,2025-06-05,Active
C06110,Aditya Reddy,aditya.reddy6110@example.com,27,Other,Jaipur,North,2024-08-11,Active
C06111,Sophia Iyer,sophia.iyer6111@example.com,45,Female,Kolkata,East,2024-01-19,Active
C06112,Aditya Johnson,aditya.johnson6112@example.com,22,Female,Bengaluru,South,2023-02-20,Active
C06113,Mia Verma,mia.verma6113@example.com,39,Male,Bhubaneswar,East,2024-12-27,Active
C06114,Meera Moore,meera.moore6114@example.com,26,Male,Surat,West,2023-07-10,Inactive
C06115,Rahul Gupta,rahul.gupta6115@example.com,32,Male,Lucknow,North,2024-07-15,Active
C06116,Mia Taylor,mia.taylor6116@example.com,24,Other,Mumbai,West,2024-09-22,Inactive
C06117,Aanya Das,aanya.das6117@example.com,43,Male,Mumbai,West,2023-05-10,Active
C06118,Nikhil Miller,nikhil.miller6118@example.com,26,Female,Patna,East,2024-08-17,Inactive
C06119,Divya Davis,divya.davis6119@example.com,40,Male,Ahmedabad,West,2023-12-08,Inactive
C06120,James Verma,james.verma6120@example.com,31,Female,Mumbai,West,2024-09-23,Active
C06121,Sophia Nair,sophia.nair6121@example.com,33,Male,Delhi,North,2023-11-21,Inactive
C06122,Neha Sharma,neha.sharma6122@example.com,36,Other,Hyderabad,South,2024-05-10,Active
C06123,Sneha Patel,sneha.patel6123@example.com,27,Female,Kolkata,East,2023-03-20,Active
C06124,Ananya Joshi,ananya.joshi6124@example.com,37,Other,Bengaluru,South,2024-08-24,Active
C06125,William Malhotra,william.malhotra6125@example.com,50,Male,Bhubaneswar,East,2023-10-17,Inactive
C06126,Aanya Nair,aanya.nair6126@example.com,27,Male,Bengaluru,South,2023-03-26,Active
C06127,Sneha Reddy,sneha.reddy6127@example.com,46,Male,Ahmedabad,West,2024-02-28,Active
C06128,Isabella Patel,isabella.patel6128@example.com,49,Male,Ranchi,East,2023-08-15,Active
C06129,Ishita Iyer,ishita.iyer6129@example.com,26,Other,Chandigarh,North,2023-01-23,Active
C06130,Nikhil Iyer,nikhil.iyer6130@example.com,20,Female,Chennai,South,2023-12-13,Active
C06131,David Patel,david.patel6131@example.com,38,Other,Pune,West,2023-09-05,Active
C06132,Aanya Singh,aanya.singh6132@example.com,29,Female,Nagpur,West,2025-01-11,Active
C06133,David Das,david.das6133@example.com,53,Other,Delhi,North,2025-05-15,Inactive
C06134,Pooja Patel,pooja.patel6134@example.com,35,Female,Goa,West,2024-08-15,Active
C06135,Michael Reddy,michael.reddy6135@example.com,26,Male,Mumbai,West,2023-03-27,Active
C06136,Nikhil Moore,nikhil.moore6136@example.com,23,Other,Chandigarh,North,2023-07-27,Active
C06137,Sophia Gupta,sophia.gupta6137@example.com,45,Other,Chennai,South,2025-04-02,Active
C06138,Daniel Das,daniel.das6138@example.com,29,Female,Hyderabad,South,2024-06-26,Active
C06139,Isabella Kapoor,isabella.kapoor6139@example.com,35,Female,Kolkata,East,2024-04-29,Active
C06140,Neha Gupta,neha.gupta6140@example.com,44,Male,Goa,West,2025-05-31,Active
C06141,Rahul Mehta,rahul.mehta6141@example.com,30,Male,Hyderabad,South,2024-02-10,Active
C06142,Sanjay Iyer,sanjay.iyer6142@example.com,34,Other,Nagpur,West,2024-12-01,Active
C06143,Aarav Singh,aarav.singh6143@example.com,34,Other,Amritsar,North,2023-02-05,Active
C06144,James Nair,james.nair6144@example.com,41,Other,Lucknow,North,2024-05-31,Active
C06145,Aanya Davis,aanya.davis6145@example.com,40,Male,Kolkata,East,2023-07-14,Active
C06146,Sneha Kapoor,sneha.kapoor6146@example.com,32,Male,Bhubaneswar,East,2025-02-21,Active
C06147,James Anderson,james.anderson6147@example.com,35,Female,Ranchi,East,2024-12-17,Active
C06148,Isabella Patel,isabella.patel6148@example.com,31,Male,Nagpur,West,2024-08-14,Active
C06149,Karan Anderson,karan.anderson6149@example.com,20,Female,Kolkata,East,2023-08-27,Active
C06150,Daniel Miller,daniel.miller6150@example.com,37,Male,Mumbai,West,2023-04-09,Active
C06151,Vikram Malhotra,vikram.malhotra6151@example.com,53,Male,Dehradun,North,2023-04-24,Active
C06152,Priya Johnson,priya.johnson6152@example.com,26,Other,Guwahati,East,2025-05-04,Active
C06153,William Williams,william.williams6153@example.com,27,Other,Mysuru,South,2024-04-26,Active
C06154,Sanjay Kumar,sanjay.kumar6154@example.com,26,Female,Ranchi,East,2024-01-23,Active
C06155,Ishita Davis,ishita.davis6155@example.com,42,Male,Kolkata,East,2024-05-20,Inactive
C06156,Michael Williams,michael.williams6156@example.com,39,Male,Mysuru,South,2023-02-01,Active
C06157,Olivia Das,olivia.das6157@example.com,33,Other,Delhi,North,2024-01-07,Inactive
C06158,Divya Anderson,divya.anderson6158@example.com,25,Other,Chandigarh,North,2023-07-13,Active
C06159,Varun Gupta,varun.gupta6159@example.com,35,Female,Chandigarh,North,2023-10-22,Active
C06160,Divya Moore,divya.moore6160@example.com,19,Female,Amritsar,North,2025-01-10,Active
C06161,James Moore,james.moore6161@example.com,36,Other,Ahmedabad,West,2023-10-31,Inactive
C06162,Emma Iyer,emma.iyer6162@example.com,43,Other,Bhubaneswar,East,2023-07-27,Inactive
C06163,Aarav Wilson,aarav.wilson6163@example.com,22,Female,Ranchi,East,2025-05-22,Inactive
C06164,Aarav Williams,aarav.williams6164@example.com,19,Female,Ahmedabad,West,2024-02-06,Active
C06165,Kavya Miller,kavya.miller6165@example.com,50,Female,Chandigarh,North,2024-03-11,Active
C06166,Ananya Williams,ananya.williams6166@example.com,28,Other,Kochi,South,2025-04-18,Active
C06167,Mia Miller,mia.miller6167@example.com,46,Other,Jaipur,North,2024-01-28,Active
C06168,Kavya Kapoor,kavya.kapoor6168@example.com,33,Other,Delhi,North,2025-05-31,Inactive
C06169,Divya Rao,divya.rao6169@example.com,33,Female,Delhi,North,2025-05-08,Active
C06170,Vikram Williams,vikram.williams6170@example.com,39,Male,Amritsar,North,2025-04-14,Active
C06171,Aanya Gupta,aanya.gupta6171@example.com,26,Male,Mumbai,West,2024-05-26,Active
C06172,Aarav Das,aarav.das6172@example.com,36,Other,Coimbatore,South,2024-11-13,Active
C06173,William Brown,william.brown6173@example.com,31,Female,Surat,West,2025-03-14,Active
C06174,Nikhil Singh,nikhil.singh6174@example.com,21,Other,Guwahati,East,2024-01-30,Active
C06175,Varun Iyer,varun.iyer6175@example.com,38,Female,Delhi,North,2024-10-25,Active
C06176,Meera Sharma,meera.sharma6176@example.com,32,Female,Ahmedabad,West,2024-04-05,Active
C06177,Ishita Joshi,ishita.joshi6177@example.com,33,Other,Guwahati,East,2025-03-28,Active
C06178,William Verma,william.verma6178@example.com,22,Male,Amritsar,North,2023-02-07,Active
C06179,Ishita Joshi,ishita.joshi6179@example.com,50,Male,Jaipur,North,2025-05-26,Inactive
C06180,Emma Smith,emma.smith6180@example.com,43,Other,Ahmedabad,West,2024-09-16,Active
C06181,Pooja Das,pooja.das6181@example.com,44,Male,Delhi,North,2024-03-10,Active
C06182,Meera Miller,meera.miller6182@example.com,31,Female,Guwahati,East,2023-07-13,Active
C06183,Rahul Taylor,rahul.taylor6183@example.com,18,Male,Amritsar,North,2024-05-16,Active
C06184,Nikhil Nair,nikhil.nair6184@example.com,54,Female,Guwahati,East,2024-04-06,Active
C06185,Mia Davis,mia.davis6185@example.com,34,Other,Guwahati,East,2024-11-25,Inactive
C06186,Kavya Rao,kavya.rao6186@example.com,27,Female,Bhubaneswar,East,2024-01-31,Active
C06187,Priya Das,priya.das6187@example.com,39,Male,Mumbai,West,2025-03-02,Active
C06188,Rohan Patel,rohan.patel6188@example.com,46,Other,Amritsar,North,2024-01-25,Inactive
C06189,Varun Kumar,varun.kumar6189@example.com,34,Male,Nagpur,West,2024-01-26,Active
C06190,Arjun Williams,arjun.williams6190@example.com,47,Female,Amritsar,North,2024-08-22,Active
C06191,Sneha Wilson,sneha.wilson6191@example.com,45,Male,Chennai,South,2023-08-06,Active
C06192,Pooja Johnson,pooja.johnson6192@example.com,24,Male,Coimbatore,South,2023-02-10,Active
C06193,Rahul Smith,rahul.smith6193@example.com,28,Other,Goa,West,2025-01-11,Active
C06194,Sneha Iyer,sneha.iyer6194@example.com,44,Female,Bhubaneswar,East,2023-07-02,Active
C06195,Rahul Davis,rahul.davis6195@example.com,18,Other,Hyderabad,South,2023-10-11,Active
C06196,Pooja Smith,pooja.smith6196@example.com,33,Male,Ahmedabad,West,2023-04-27,Active
C06197,Varun Wilson,varun.wilson6197@example.com,20,Other,Kochi,South,2023-07-21,Active
C06198,Nikhil Rao,nikhil.rao6198@example.com,30,Other,Kolkata,East,2023-06-19,Active
C06199,Sneha Reddy,sneha.reddy6199@example.com,32,Female,Coimbatore,South,2024-10-22,Active
C06200,David Sharma,david.sharma6200@example.com,31,Male,Ahmedabad,West,2024-08-04,Active
C06201,William Anderson,william.anderson6201@example.com,29,Other,Ahmedabad,West,2024-10-25,Active
C06202,James Wilson,james.wilson6202@example.com,24,Female,Ranchi,East,2025-01-12,Active
C06203,Neha Gupta,neha.gupta6203@example.com,57,Male,Chandigarh,North,2023-05-09,Active
C06204,Daniel Iyer,daniel.iyer6204@example.com,53,Male,Chennai,South,2023-12-25,Active
C06205,James Iyer,james.iyer6205@example.com,23,Female,Delhi,North,2023-12-27,Active
C06206,Priya Patel,priya.patel6206@example.com,50,Other,Kochi,South,2023-10-06,Active
C06207,Varun Moore,varun.moore6207@example.com,31,Female,Kochi,South,2024-04-06,Active
C06208,David Davis,david.davis6208@example.com,36,Female,Pune,West,2023-07-21,Active
C06209,Kavya Joshi,kavya.joshi6209@example.com,34,Female,Chandigarh,North,2023-01-05,Active
C06210,Aarav Joshi,aarav.joshi6210@example.com,28,Other,Patna,East,2025-02-16,Active
C06211,Sophia Kumar,sophia.kumar6211@example.com,44,Male,Patna,East,2025-03-15,Active
C06212,Rahul Brown,rahul.brown6212@example.com,36,Other,Lucknow,North,2024-08-30,Active
C06213,Vikram Williams,vikram.williams6213@example.com,30,Male,Chennai,South,2023-04-28,Inactive
C06214,Isabella Smith,isabella.smith6214@example.com,21,Male,Delhi,North,2024-06-01,Active
C06215,David Davis,david.davis6215@example.com,26,Other,Goa,West,2023-04-27,Active
C06216,Varun Rao,varun.rao6216@example.com,18,Female,Mysuru,South,2024-04-04,Inactive
C06217,Sanjay Nair,sanjay.nair6217@example.com,35,Other,Bhubaneswar,East,2025-06-28,Active
C06218,Aditya Moore,aditya.moore6218@example.com,23,Female,Delhi,North,2023-02-08,Inactive
C06219,Ishita Joshi,ishita.joshi6219@example.com,32,Male,Ranchi,East,2024-10-20,Active
C06220,William Wilson,william.wilson6220@example.com,48,Male,Ahmedabad,West,2024-01-29,Active
C06221,Neha Kapoor,neha.kapoor6221@example.com,46,Male,Patna,East,2023-01-04,Inactive
C06222,Aditya Moore,aditya.moore6222@example.com,34,Female,Jaipur,North,2025-03-23,Active
C06223,Olivia Rao,olivia.rao6223@example.com,34,Other,Bengaluru,South,2023-10-19,Active
C06224,Sneha Wilson,sneha.wilson6224@example.com,53,Female,Chandigarh,North,2023-08-23,Active
C06225,Mia Davis,mia.davis6225@example.com,40,Female,Mumbai,West,2025-05-03,Inactive
C06226,Aanya Taylor,aanya.taylor6226@example.com,31,Other,Nagpur,West,2023-02-21,Active
C06227,Sanjay Reddy,sanjay.reddy6227@example.com,20,Male,Coimbatore,South,2024-03-28,Active
C06228,Karan Gupta,karan.gupta6228@example.com,38,Female,Kolkata,East,2023-05-17,Active
C06229,Priya Sharma,priya.sharma6229@example.com,43,Male,Dehradun,North,2023-06-19,Active
C06230,Aditya Joshi,aditya.joshi6230@example.com,28,Male,Chandigarh,North,2024-01-28,Active
C06231,Vikram Wilson,vikram.wilson6231@example.com,37,Male,Ranchi,East,2024-06-25,Active
C06232,Ananya Gupta,ananya.gupta6232@example.com,31,Male,Patna,East,2024-11-21,Active
C06233,Emma Sharma,emma.sharma6233@example.com,33,Male,Ahmedabad,West,2024-06-14,Active
C06234,David Kapoor,david.kapoor6234@example.com,18,Other,Lucknow,North,2025-02-16,Inactive
C06235,Daniel Davis,daniel.davis6235@example.com,32,Male,Chandigarh,North,2024-11-13,Active
C06236,Priya Williams,priya.williams6236@example.com,44,Male,Goa,West,2024-12-21,Active
C06237,Priya Verma,priya.verma6237@example.com,28,Male,Guwahati,East,2025-04-13,Active
C06238,Olivia Kumar,olivia.kumar6238@example.com,35,Other,Dehradun,North,2023-10-17,Active
C06239,Ananya Nair,ananya.nair6239@example.com,27,Male,Guwahati,East,2023-10-19,Active
C06240,William Smith,william.smith6240@example.com,38,Female,Jaipur,North,2024-12-11,Active
C06241,Ananya Nair,ananya.nair6241@example.com,32,Male,Coimbatore,South,2024-02-27,Active
C06242,William Verma,william.verma6242@example.com,25,Other,Delhi,North,2023-02-01,Active
C06243,Rahul Patel,rahul.patel6243@example.com,48,Other,Kolkata,East,2024-06-02,Active
C06244,Divya Smith,divya.smith6244@example.com,44,Other,Ranchi,East,2024-06-17,Active
C06245,Neha Johnson,neha.johnson6245@example.com,28,Male,Guwahati,East,2024-12-08,Active
C06246,Sophia Davis,sophia.davis6246@example.com,39,Male,Pune,West,2023-09-11,Active
C06247,Aditya Davis,aditya.davis6247@example.com,40,Male,Nagpur,West,2024-03-02,Active
C06248,Ananya Iyer,ananya.iyer6248@example.com,41,Male,Guwahati,East,2025-03-25,Active
C06249,Daniel Sharma,daniel.sharma6249@example.com,18,Male,Amritsar,North,2023-04-11,Active
C06250,Rohan Kumar,rohan.kumar6250@example.com,45,Female,Bhubaneswar,East,2024-02-17,Inactive
C06251,Neha Verma,neha.verma6251@example.com,29,Other,Bengaluru,South,2023-09-14,Inactive
C06252,Rahul Singh,rahul.singh6252@example.com,31,Other,Dehradun,North,2025-06-16,Active
C06253,Priya Joshi,priya.joshi6253@example.com,61,Female,Ranchi,East,2025-05-03,Active
C06254,Aarav Singh,aarav.singh6254@example.com,38,Female,Bengaluru,South,2023-09-10,Inactive
C06255,Sneha Johnson,sneha.johnson6255@example.com,31,Female,Bhubaneswar,East,2024-03-27,Active
C06256,Karan Sharma,karan.sharma6256@example.com,18,Female,Surat,West,2025-03-02,Active
C06257,Daniel Wilson,daniel.wilson6257@example.com,48,Other,Mysuru,South,2024-08-27,Active
C06258,James Kapoor,james.kapoor6258@example.com,21,Other,Nagpur,West,2024-02-09,Inactive
C06259,Kavya Moore,kavya.moore6259@example.com,24,Female,Kolkata,East,2024-05-13,Inactive
C06260,Nikhil Miller,nikhil.miller6260@example.com,31,Female,Delhi,North,2023-07-02,Active
C06261,Sneha Gupta,sneha.gupta6261@example.com,49,Other,Delhi,North,2023-02-06,Inactive
C06262,Aarav Moore,aarav.moore6262@example.com,42,Other,Kolkata,East,2025-04-13,Active
C06263,Neha Malhotra,neha.malhotra6263@example.com,33,Male,Pune,West,2023-12-19,Active
C06264,Neha Reddy,neha.reddy6264@example.com,38,Female,Ahmedabad,West,2025-02-01,Active
C06265,Priya Brown,priya.brown6265@example.com,28,Female,Coimbatore,South,2025-02-09,Active
C06266,Kavya Iyer,kavya.iyer6266@example.com,36,Other,Coimbatore,South,2023-07-09,Active
C06267,Priya Smith,priya.smith6267@example.com,35,Other,Amritsar,North,2023-07-15,Inactive
C06268,Daniel Verma,daniel.verma6268@example.com,44,Female,Mysuru,South,2024-07-16,Active
C06269,David Taylor,david.taylor6269@example.com,44,Male,Chandigarh,North,2023-10-08,Active
C06270,David Malhotra,david.malhotra6270@example.com,39,Other,Chennai,South,2023-08-25,Active
C06271,Sneha Reddy,sneha.reddy6271@example.com,31,Male,Guwahati,East,2025-01-12,Active
C06272,Arjun Miller,arjun.miller6272@example.com,42,Male,Mysuru,South,2023-11-23,Active
C06273,Aanya Das,aanya.das6273@example.com,34,Male,Nagpur,West,2025-04-14,Active
C06274,Pooja Das,,24,Male,Chandigarh,North,2025-01-10,Active
C06275,Neha Wilson,neha.wilson6275@example.com,30,Other,Guwahati,East,2024-09-16,Active
C06276,Sophia Das,sophia.das6276@example.com,35,Female,Pune,West,2024-01-22,Active
C06277,Michael Reddy,michael.reddy6277@example.com,44,Male,Pune,West,2024-07-13,Inactive
C06278,Ishita Reddy,ishita.reddy6278@example.com,33,Other,Guwahati,East,2025-03-10,Inactive
C06279,Vikram Taylor,vikram.taylor6279@example.com,22,Male,Patna,East,2023-06-16,Inactive
C06280,Ananya Gupta,ananya.gupta6280@example.com,35,Male,Patna,East,2024-12-25,Active
C06281,Arjun Das,arjun.das6281@example.com,36,Female,Guwahati,East,2023-04-09,Active
C06282,James Das,james.das6282@example.com,36,Male,Mysuru,South,2025-02-04,Active
C06283,Divya Kapoor,divya.kapoor6283@example.com,44,Female,Delhi,North,2023-11-13,Active
C06284,Sneha Joshi,sneha.joshi6284@example.com,45,Female,Kochi,South,2025-01-21,Active
C06285,Vikram Reddy,vikram.reddy6285@example.com,29,Female,Kolkata,East,2023-09-01,Active
C06286,Sneha Mehta,sneha.mehta6286@example.com,28,Male,Bengaluru,South,2024-03-05,Inactive
C06287,Sophia Malhotra,sophia.malhotra6287@example.com,24,Male,Goa,West,2024-12-27,Active
C06288,Daniel Johnson,daniel.johnson6288@example.com,41,Male,Bengaluru,South,2023-05-24,Active
C06289,David Smith,david.smith6289@example.com,49,Other,Mumbai,West,2024-10-31,Active
C06290,Isabella Nair,isabella.nair6290@example.com,31,Other,Chennai,South,2024-03-29,Active
C06291,William Kumar,william.kumar6291@example.com,32,Male,Bhubaneswar,East,2023-06-15,Active
C06292,Meera Rao,meera.rao6292@example.com,49,Female,Guwahati,East,2025-04-16,Active
C06293,Divya Gupta,divya.gupta6293@example.com,40,Male,Lucknow,North,2023-04-18,Inactive
C06294,Sneha Patel,sneha.patel6294@example.com,39,Female,Pune,West,2025-01-19,Active
C06295,Aarav Rao,aarav.rao6295@example.com,23,Other,Kolkata,East,2023-04-08,Active
C06296,James Kapoor,james.kapoor6296@example.com,41,Female,Jaipur,North,2024-07-14,Inactive
C06297,Aanya Patel,aanya.patel6297@example.com,25,Male,Dehradun,North,2023-03-11,Active
C06298,James Mehta,james.mehta6298@example.com,23,Male,Kolkata,East,2024-07-11,Active
C06299,Sanjay Mehta,sanjay.mehta6299@example.com,31,Female,Jaipur,North,2023-03-06,Active
C06300,Nikhil Miller,nikhil.miller6300@example.com,29,Other,Goa,West,2023-07-16,Active
C06301,Varun Davis,varun.davis6301@example.com,32,Other,Lucknow,North,2024-05-04,Inactive
C06302,Olivia Singh,olivia.singh6302@example.com,20,Male,Jaipur,North,2023-10-14,Active
C06303,Vikram Gupta,vikram.gupta6303@example.com,44,Other,Ranchi,East,2023-07-29,Active
C06304,Aanya Kapoor,aanya.kapoor6304@example.com,46,Female,Hyderabad,South,2023-03-09,Inactive
C06305,William Joshi,william.joshi6305@example.com,18,Male,Lucknow,North,2023-03-09,Active
C06306,Rohan Kumar,rohan.kumar6306@example.com,44,Male,Kolkata,East,2023-12-11,Active
C06307,Neha Singh,neha.singh6307@example.com,26,Male,Goa,West,2025-01-08,Active
C06308,Olivia Singh,olivia.singh6308@example.com,43,Other,Mysuru,South,2023-08-26,Active
C06309,Michael Moore,michael.moore6309@example.com,34,Female,Ranchi,East,2023-05-14,Active
C06310,Sophia Anderson,sophia.anderson6310@example.com,35,Male,Surat,West,2024-12-28,Active
C06311,Kavya Malhotra,kavya.malhotra6311@example.com,33,Female,Nagpur,West,2024-03-09,Active
C06312,Isabella Reddy,isabella.reddy6312@example.com,47,Male,Ahmedabad,West,2024-05-27,Active
C06313,Sophia Gupta,sophia.gupta6313@example.com,22,Other,Jaipur,North,2024-07-03,Active
C06314,Nikhil Miller,nikhil.miller6314@example.com,41,Other,Coimbatore,South,2025-03-30,Active
C06315,Pooja Rao,pooja.rao6315@example.com,46,Male,Guwahati,East,2023-10-09,Active
C06316,Aditya Taylor,aditya.taylor6316@example.com,42,Other,Patna,East,2024-02-24,Inactive
C06317,Emma Malhotra,emma.malhotra6317@example.com,58,Other,Dehradun,North,2023-08-17,Active
C06318,Varun Wilson,varun.wilson6318@example.com,29,Female,Chandigarh,North,2025-03-08,Active
C06319,Daniel Miller,daniel.miller6319@example.com,44,Male,Jaipur,North,2023-12-23,Inactive
C06320,Aditya Davis,aditya.davis6320@example.com,33,Male,Guwahati,East,2024-08-05,Active
C06321,Olivia Joshi,olivia.joshi6321@example.com,47,Other,Bhubaneswar,East,2023-05-24,Active
C06322,Divya Gupta,divya.gupta6322@example.com,34,Male,Patna,East,2024-08-20,Active
C06323,Varun Iyer,varun.iyer6323@example.com,31,Female,Dehradun,North,2023-02-01,Inactive
C06324,Aditya Kapoor,aditya.kapoor6324@example.com,48,Female,Coimbatore,South,2023-01-09,Active
C06325,Nikhil Miller,nikhil.miller6325@example.com,30,Male,Dehradun,North,2025-02-25,Active
C06326,Olivia Mehta,olivia.mehta6326@example.com,20,Male,Goa,West,2023-02-26,Active
C06327,Olivia Miller,olivia.miller6327@example.com,29,Female,Patna,East,2025-01-06,Active
C06328,Aditya Mehta,aditya.mehta6328@example.com,41,Female,Mysuru,South,2025-02-16,Inactive
C06329,James Williams,james.williams6329@example.com,48,Other,Goa,West,2024-02-28,Active
C06330,James Taylor,james.taylor6330@example.com,36,Male,Mysuru,South,2025-03-29,Active
C06331,Aanya Malhotra,aanya.malhotra6331@example.com,48,Male,Dehradun,North,2024-11-26,Active
C06332,Michael Anderson,michael.anderson6332@example.com,21,Other,Kolkata,East,2023-11-14,Active
C06333,Sophia Verma,sophia.verma6333@example.com,30,Female,Delhi,North,2024-02-17,Active
C06334,Olivia Brown,olivia.brown6334@example.com,32,Other,Ahmedabad,West,2024-12-10,Active
C06335,David Sharma,david.sharma6335@example.com,33,Other,Kolkata,East,2023-11-15,Active
C06336,Arjun Smith,,35,Female,Surat,West,2023-09-21,Inactive
C06337,Rahul Anderson,rahul.anderson6337@example.com,41,Female,Kochi,South,2023-11-04,Inactive
C06338,James Mehta,james.mehta6338@example.com,30,Other,Mumbai,West,2024-07-15,Active
C06339,Sophia Sharma,sophia.sharma6339@example.com,36,Male,Delhi,North,2024-05-29,Active
C06340,Sneha Verma,sneha.verma6340@example.com,34,Female,Jaipur,North,2024-04-19,Active
C06341,Sneha Anderson,sneha.anderson6341@example.com,25,Male,Patna,East,2024-04-19,Active
C06342,Olivia Kapoor,olivia.kapoor6342@example.com,33,Other,Ranchi,East,2024-08-02,Inactive
C06343,David Mehta,david.mehta6343@example.com,33,Other,Nagpur,West,2025-04-10,Active
C06344,Daniel Anderson,daniel.anderson6344@example.com,33,Male,Jaipur,North,2023-09-25,Active
C06345,Ananya Malhotra,ananya.malhotra6345@example.com,35,Female,Coimbatore,South,2024-10-01,Active
C06346,Karan Williams,karan.williams6346@example.com,35,Male,Chennai,South,2023-10-18,Active
C06347,Ananya Kumar,ananya.kumar6347@example.com,30,Other,Guwahati,East,2023-07-16,Active
C06348,Sneha Singh,sneha.singh6348@example.com,47,Male,Ahmedabad,West,2023-03-27,Active
C06349,William Das,william.das6349@example.com,23,Male,Ranchi,East,2024-06-06,Active
C06350,Ishita Davis,ishita.davis6350@example.com,27,Male,Kochi,South,2025-04-16,Active
C06351,Vikram Rao,vikram.rao6351@example.com,62,Female,Jaipur,North,2023-10-05,Active
C06352,David Joshi,david.joshi6352@example.com,24,Other,Chennai,South,2024-04-25,Active
C06353,Karan Singh,karan.singh6353@example.com,21,Female,Bhubaneswar,East,2023-04-04,Inactive
C06354,Ananya Reddy,ananya.reddy6354@example.com,42,Female,Bengaluru,South,2023-09-22,Active
C06355,Varun Sharma,varun.sharma6355@example.com,18,Other,Delhi,North,2023-05-21,Active
C06356,Ananya Rao,ananya.rao6356@example.com,32,Other,Chandigarh,North,2024-02-16,Active
C06357,Sophia Patel,sophia.patel6357@example.com,56,Female,Hyderabad,South,2025-06-11,Active
C06358,Neha Mehta,neha.mehta6358@example.com,19,Male,Dehradun,North,2024-10-24,Inactive
C06359,Sneha Taylor,sneha.taylor6359@example.com,18,Female,Nagpur,West,2025-04-15,Active
C06360,Aditya Anderson,aditya.anderson6360@example.com,20,Female,Bhubaneswar,East,2023-05-03,Active
C06361,Olivia Iyer,olivia.iyer6361@example.com,43,Other,Mumbai,West,2025-02-21,Active
C06362,Emma Singh,emma.singh6362@example.com,46,Female,Patna,East,2025-03-22,Active
C06363,Aditya Gupta,aditya.gupta6363@example.com,29,Female,Patna,East,2025-02-20,Active
C06364,Rahul Joshi,rahul.joshi6364@example.com,41,Other,Guwahati,East,2023-05-11,Active
C06365,Kavya Kumar,kavya.kumar6365@example.com,48,Female,Kolkata,East,2025-05-21,Active
C06366,Priya Gupta,priya.gupta6366@example.com,52,Male,Kolkata,East,2023-07-19,Active
C06367,Sneha Das,sneha.das6367@example.com,32,Other,Guwahati,East,2023-02-27,Active
C06368,Sanjay Smith,sanjay.smith6368@example.com,18,Male,Bhubaneswar,East,2023-12-11,Active
C06369,Aanya Brown,aanya.brown6369@example.com,26,Other,Ahmedabad,West,2024-11-12,Active
C06370,Ishita Mehta,ishita.mehta6370@example.com,30,Female,Pune,West,2023-05-15,Active
C06371,Pooja Brown,pooja.brown6371@example.com,32,Female,Ranchi,East,2023-09-17,Active
C06372,Karan Mehta,karan.mehta6372@example.com,33,Other,Guwahati,East,2023-09-09,Active
C06373,Sophia Patel,sophia.patel6373@example.com,46,Male,Ahmedabad,West,2024-03-21,Active
C06374,Neha Johnson,neha.johnson6374@example.com,47,Female,Kochi,South,2023-05-09,Inactive
C06375,Sophia Das,sophia.das6375@example.com,33,Male,Ahmedabad,West,2024-05-23,Active
C06376,Ishita Miller,ishita.miller6376@example.com,45,Female,Coimbatore,South,2024-10-30,Active
C06377,Ananya Singh,ananya.singh6377@example.com,38,Male,Amritsar,North,2023-01-23,Inactive
C06378,Nikhil Verma,nikhil.verma6378@example.com,35,Female,Kolkata,East,2023-09-17,Active
C06379,Divya Kapoor,divya.kapoor6379@example.com,44,Male,Bhubaneswar,East,2023-04-05,Active
C06380,William Davis,william.davis6380@example.com,35,Male,Amritsar,North,2023-05-25,Inactive
C06381,Aarav Malhotra,aarav.malhotra6381@example.com,55,Other,Ranchi,East,2023-05-27,Active
C06382,Olivia Kumar,olivia.kumar6382@example.com,20,Other,Chennai,South,2024-05-03,Active
C06383,Karan Anderson,karan.anderson6383@example.com,29,Male,Dehradun,North,2023-08-11,Active
C06384,William Rao,william.rao6384@example.com,33,Other,Dehradun,North,2024-11-27,Inactive
C06385,Olivia Miller,olivia.miller6385@example.com,39,Other,Bhubaneswar,East,2024-06-04,Inactive
C06386,Rahul Malhotra,rahul.malhotra6386@example.com,47,Other,Patna,East,2024-08-09,Active
C06387,Arjun Brown,arjun.brown6387@example.com,34,Other,Kochi,South,2023-09-28,Active
C06388,Mia Nair,mia.nair6388@example.com,20,Other,Patna,East,2024-12-16,Active
C06389,Ishita Malhotra,ishita.malhotra6389@example.com,43,Other,Guwahati,East,2024-06-03,Inactive
C06390,Emma Gupta,emma.gupta6390@example.com,42,Other,Kochi,South,2023-04-22,Active
C06391,Nikhil Taylor,nikhil.taylor6391@example.com,18,Male,Bhubaneswar,East,2024-06-25,Active
C06392,Vikram Sharma,vikram.sharma6392@example.com,34,Male,Mysuru,South,2023-08-07,Active
C06393,Isabella Wilson,isabella.wilson6393@example.com,19,Male,Kochi,South,2024-05-02,Active
C06394,Mia Mehta,mia.mehta6394@example.com,28,Other,Surat,West,2023-02-01,Active
C06395,Vikram Taylor,vikram.taylor6395@example.com,25,Female,Kolkata,East,2023-12-11,Active
C06396,Priya Johnson,priya.johnson6396@example.com,43,Female,Delhi,North,2023-08-25,Active
C06397,Ishita Sharma,ishita.sharma6397@example.com,36,Male,Delhi,North,2024-12-25,Inactive
C06398,James Davis,james.davis6398@example.com,22,Male,Coimbatore,South,2023-02-08,Active
C06399,Varun Das,varun.das6399@example.com,43,Male,Patna,East,2025-03-23,Inactive
C06400,Michael Kapoor,michael.kapoor6400@example.com,20,Female,Kochi,South,2024-05-08,Active
C06401,Divya Gupta,divya.gupta6401@example.com,38,Female,Bengaluru,South,2024-12-16,Active
C06402,David Malhotra,david.malhotra6402@example.com,26,Male,Mysuru,South,2025-01-18,Active
C06403,Rohan Davis,rohan.davis6403@example.com,31,Female,Goa,West,2025-02-27,Active
C06404,William Das,william.das6404@example.com,40,Male,Hyderabad,South,2023-02-12,Active
C06405,Pooja Malhotra,pooja.malhotra6405@example.com,40,Male,Mumbai,West,2023-03-11,Active
C06406,Karan Williams,karan.williams6406@example.com,48,Other,Guwahati,East,2025-03-17,Active
C06407,Isabella Brown,isabella.brown6407@example.com,34,Male,Bhubaneswar,East,2024-01-05,Inactive
C06408,Ananya Sharma,ananya.sharma6408@example.com,38,Female,Pune,West,2023-07-05,Active
C06409,Kavya Malhotra,kavya.malhotra6409@example.com,30,Male,Hyderabad,South,2023-02-01,Active
C06410,Pooja Davis,pooja.davis6410@example.com,36,Male,Kolkata,East,2025-05-11,Active
C06411,Ananya Singh,ananya.singh6411@example.com,39,Other,Pune,West,2024-05-02,Inactive
C06412,Emma Nair,emma.nair6412@example.com,34,Other,Kolkata,East,2023-12-15,Active
C06413,James Malhotra,james.malhotra6413@example.com,18,Other,Mysuru,South,2024-01-18,Active
C06414,Rahul Kapoor,rahul.kapoor6414@example.com,38,Other,Amritsar,North,2025-01-03,Active
C06415,Rahul Verma,rahul.verma6415@example.com,38,Male,Chandigarh,North,2024-07-28,Active
C06416,Isabella Verma,isabella.verma6416@example.com,28,Male,Mumbai,West,2024-06-18,Active
C06417,Priya Rao,priya.rao6417@example.com,22,Other,Patna,East,2024-10-20,Active
C06418,Rahul Rao,rahul.rao6418@example.com,49,Male,Mumbai,West,2023-03-19,Active
C06419,Ananya Malhotra,ananya.malhotra6419@example.com,39,Female,Ahmedabad,West,2024-04-01,Active
C06420,Priya Gupta,priya.gupta6420@example.com,32,Male,Jaipur,North,2025-04-18,Inactive
C06421,Isabella Sharma,isabella.sharma6421@example.com,23,Other,Chandigarh,North,2023-10-17,Inactive
C06422,Aarav Verma,aarav.verma6422@example.com,26,Other,Ahmedabad,West,2023-10-14,Active
C06423,Aanya Malhotra,aanya.malhotra6423@example.com,48,Other,Hyderabad,South,2024-10-02,Active
C06424,Ishita Smith,ishita.smith6424@example.com,36,Other,Nagpur,West,2025-03-11,Active
C06425,Aditya Sharma,aditya.sharma6425@example.com,29,Other,Guwahati,East,2023-12-13,Active
C06426,Aditya Patel,aditya.patel6426@example.com,40,Female,Lucknow,North,2024-09-25,Inactive
C06427,David Rao,david.rao6427@example.com,26,Female,Pune,West,2024-02-27,Active
C06428,Nikhil Verma,nikhil.verma6428@example.com,50,Other,Pune,West,2024-03-15,Inactive
C06429,Mia Kumar,mia.kumar6429@example.com,48,Female,Amritsar,North,2025-02-24,Active
C06430,Sophia Rao,sophia.rao6430@example.com,30,Other,Lucknow,North,2024-07-20,Active
C06431,Olivia Moore,olivia.moore6431@example.com,28,Female,Kolkata,East,2024-02-15,Active
C06432,Vikram Wilson,vikram.wilson6432@example.com,18,Male,Surat,West,2023-10-30,Active
C06433,David Nair,david.nair6433@example.com,20,Male,Coimbatore,South,2024-03-11,Active
C06434,Vikram Patel,vikram.patel6434@example.com,21,Female,Surat,West,2024-07-23,Inactive
C06435,Sanjay Taylor,sanjay.taylor6435@example.com,36,Other,Goa,West,2025-05-05,Inactive
C06436,Vikram Davis,vikram.davis6436@example.com,31,Male,Ranchi,East,2025-02-08,Active
C06437,Sophia Kapoor,sophia.kapoor6437@example.com,21,Female,Nagpur,West,2024-10-18,Active
C06438,Arjun Smith,arjun.smith6438@example.com,32,Female,Ahmedabad,West,2024-10-01,Active
C06439,Divya Iyer,divya.iyer6439@example.com,40,Male,Goa,West,2024-04-10,Active
C06440,Vikram Williams,vikram.williams6440@example.com,40,Male,Jaipur,North,2025-06-18,Inactive
C06441,Vikram Das,vikram.das6441@example.com,18,Other,Nagpur,West,2024-11-17,Active
C06442,Sneha Malhotra,sneha.malhotra6442@example.com,33,Other,Chennai,South,2023-01-15,Active
C06443,Aanya Brown,aanya.brown6443@example.com,21,Other,Lucknow,North,2024-08-26,Active
C06444,Sophia Smith,sophia.smith6444@example.com,44,Female,Kolkata,East,2024-01-18,Active
C06445,David Moore,david.moore6445@example.com,42,Other,Kochi,South,2023-05-23,Active
C06446,Emma Verma,emma.verma6446@example.com,26,Female,Mysuru,South,2023-08-02,Inactive
C06447,Rahul Das,rahul.das6447@example.com,27,Female,Mumbai,West,2024-05-10,Inactive
C06448,Isabella Rao,isabella.rao6448@example.com,30,Male,Jaipur,North,2023-01-28,Active
C06449,Olivia Smith,olivia.smith6449@example.com,18,Other,Ranchi,East,2023-12-24,Active
C06450,Sneha Singh,sneha.singh6450@example.com,38,Other,Lucknow,North,2023-11-09,Active
C06451,Aarav Sharma,aarav.sharma6451@example.com,32,Other,Surat,West,2024-07-06,Active
C06452,Mia Brown,mia.brown6452@example.com,44,Other,Lucknow,North,2023-08-06,Active
C06453,Rohan Sharma,rohan.sharma6453@example.com,24,Male,Dehradun,North,2023-10-03,Active
C06454,Karan Iyer,karan.iyer6454@example.com,28,Other,Mysuru,South,2023-07-13,Active
C06455,Emma Johnson,emma.johnson6455@example.com,19,Female,Ranchi,East,2024-09-23,Inactive
C06456,Sophia Malhotra,sophia.malhotra6456@example.com,24,Male,Nagpur,West,2025-01-24,Active
C06457,Aanya Sharma,aanya.sharma6457@example.com,23,Female,Chandigarh,North,2023-10-06,Inactive
C06458,Sophia Rao,sophia.rao6458@example.com,44,Male,Lucknow,North,2025-06-11,Active
C06459,Emma Williams,emma.williams6459@example.com,28,Male,Lucknow,North,2025-01-17,Inactive
C06460,David Nair,david.nair6460@example.com,36,Male,Ahmedabad,West,2024-02-01,Active
C06461,Emma Miller,emma.miller6461@example.com,31,Female,Dehradun,North,2023-09-02,Active
C06462,Priya Reddy,priya.reddy6462@example.com,22,Female,Surat,West,2024-05-04,Active
C06463,Emma Iyer,emma.iyer6463@example.com,33,Female,Kolkata,East,2024-01-19,Inactive
C06464,Ananya Smith,ananya.smith6464@example.com,40,Male,Surat,West,2023-10-25,Active
C06465,Arjun Mehta,,22,Male,Ahmedabad,West,2024-05-15,Active
C06466,Arjun Mehta,arjun.mehta6466@example.com,43,Male,Mysuru,South,2025-01-13,Active
C06467,Meera Gupta,meera.gupta6467@example.com,26,Other,Pune,West,2023-09-22,Active
C06468,Daniel Verma,daniel.verma6468@example.com,30,Male,Hyderabad,South,2023-07-29,Active
C06469,Aditya Williams,aditya.williams6469@example.com,40,Male,Hyderabad,South,2023-01-15,Active
C06470,Isabella Singh,isabella.singh6470@example.com,28,Other,Jaipur,North,2024-12-13,Active
C06471,Vikram Anderson,vikram.anderson6471@example.com,35,Female,Guwahati,East,2024-03-05,Active
C06472,Ishita Wilson,ishita.wilson6472@example.com,31,Female,Mumbai,West,2023-04-24,Active
C06473,James Joshi,james.joshi6473@example.com,36,Female,Nagpur,West,2023-01-08,Active
C06474,Varun Rao,varun.rao6474@example.com,18,Other,Goa,West,2023-03-28,Inactive
C06475,William Taylor,william.taylor6475@example.com,18,Female,Nagpur,West,2024-01-15,Active
C06476,Mia Wilson,mia.wilson6476@example.com,41,Female,Surat,West,2025-02-08,Active
C06477,Emma Kapoor,emma.kapoor6477@example.com,45,Female,Ranchi,East,2024-02-15,Inactive
C06478,Aanya Johnson,aanya.johnson6478@example.com,25,Female,Surat,West,2023-05-09,Active
C06479,Varun Kapoor,varun.kapoor6479@example.com,32,Female,Bhubaneswar,East,2023-12-04,Inactive
C06480,Pooja Das,pooja.das6480@example.com,37,Male,Hyderabad,South,2023-10-22,Active
C06481,Rahul Williams,rahul.williams6481@example.com,41,Other,Goa,West,2024-05-28,Active
C06482,Ishita Nair,ishita.nair6482@example.com,18,Other,Kochi,South,2023-10-10,Active
C06483,Arjun Wilson,arjun.wilson6483@example.com,26,Other,Chandigarh,North,2024-07-21,Active
C06484,David Davis,david.davis6484@example.com,31,Male,Chandigarh,North,2024-09-01,Inactive
C06485,Sneha Miller,sneha.miller6485@example.com,42,Other,Nagpur,West,2024-03-18,Active
C06486,Aanya Joshi,aanya.joshi6486@example.com,59,Female,Kolkata,East,2023-05-24,Active
C06487,Varun Patel,varun.patel6487@example.com,32,Male,Pune,West,2023-06-16,Active
C06488,Sneha Patel,sneha.patel6488@example.com,20,Male,Lucknow,North,2023-04-02,Active
C06489,William Rao,william.rao6489@example.com,39,Male,Coimbatore,South,2025-04-20,Active
C06490,Mia Kumar,mia.kumar6490@example.com,48,Other,Delhi,North,2023-09-27,Active
C06491,Vikram Smith,vikram.smith6491@example.com,36,Other,Ahmedabad,West,2023-11-28,Active
C06492,Ishita Singh,ishita.singh6492@example.com,25,Other,Ahmedabad,West,2023-10-24,Active
C06493,Aditya Reddy,aditya.reddy6493@example.com,44,Female,Mumbai,West,2023-07-17,Active
C06494,Ishita Malhotra,ishita.malhotra6494@example.com,41,Other,Ahmedabad,West,2024-06-19,Active
C06495,Varun Johnson,varun.johnson6495@example.com,24,Male,Chandigarh,North,2024-10-27,Active
C06496,Sneha Iyer,sneha.iyer6496@example.com,38,Female,Dehradun,North,2024-02-11,Inactive
C06497,Olivia Gupta,olivia.gupta6497@example.com,44,Other,Pune,West,2024-12-30,Active
C06498,Meera Wilson,meera.wilson6498@example.com,46,Female,Guwahati,East,2023-03-11,Active
C06499,Olivia Joshi,olivia.joshi6499@example.com,34,Male,Chennai,South,2024-12-10,Active
C06500,Meera Singh,meera.singh6500@example.com,31,Female,Dehradun,North,2025-05-31,Active
C06501,Meera Moore,meera.moore6501@example.com,47,Male,Ranchi,East,2024-08-29,Active
C06502,Meera Smith,meera.smith6502@example.com,22,Female,Bhubaneswar,East,2025-05-06,Active
C06503,Meera Brown,meera.brown6503@example.com,39,Other,Pune,West,2025-01-14,Inactive
C06504,William Sharma,william.sharma6504@example.com,21,Male,Delhi,North,2024-11-01,Inactive
C06505,Divya Anderson,divya.anderson6505@example.com,45,Male,Mumbai,West,2024-11-26,Active
C06506,William Sharma,william.sharma6506@example.com,32,Male,Bhubaneswar,East,2024-07-06,Inactive
C06507,Ananya Singh,ananya.singh6507@example.com,47,Male,Pune,West,2025-03-05,Inactive
C06508,Varun Patel,varun.patel6508@example.com,39,Other,Kolkata,East,2023-10-08,Inactive
C06509,William Nair,william.nair6509@example.com,22,Other,Pune,West,2023-10-05,Active
C06510,Aanya Kumar,aanya.kumar6510@example.com,49,Female,Bengaluru,South,2023-12-11,Active
C06511,Sophia Rao,sophia.rao6511@example.com,50,Other,Mysuru,South,2023-08-06,Inactive
C06512,Sanjay Singh,sanjay.singh6512@example.com,43,Female,Kolkata,East,2023-07-13,Active
C06513,Aditya Rao,aditya.rao6513@example.com,27,Other,Pune,West,2024-07-05,Active
C06514,Sneha Patel,sneha.patel6514@example.com,31,Other,Kolkata,East,2024-05-21,Active
C06515,Olivia Mehta,olivia.mehta6515@example.com,36,Male,Kolkata,East,2023-03-04,Active
C06516,Neha Gupta,neha.gupta6516@example.com,27,Female,Guwahati,East,2023-02-20,Active
C06517,Michael Taylor,michael.taylor6517@example.com,51,Other,Kolkata,East,2023-08-06,Active
C06518,Sanjay Patel,sanjay.patel6518@example.com,36,Other,Bengaluru,South,2024-10-17,Inactive
C06519,Rahul Mehta,rahul.mehta6519@example.com,18,Female,Mumbai,West,2023-01-05,Active
C06520,Aarav Davis,aarav.davis6520@example.com,38,Male,Hyderabad,South,2024-04-24,Active
C06521,Olivia Iyer,olivia.iyer6521@example.com,31,Other,Bengaluru,South,2024-12-07,Active
C06522,Pooja Miller,pooja.miller6522@example.com,34,Other,Kochi,South,2023-08-14,Active
C06523,Vikram Malhotra,vikram.malhotra6523@example.com,31,Female,Patna,East,2023-03-08,Active
C06524,Pooja Rao,pooja.rao6524@example.com,43,Female,Ahmedabad,West,2023-11-25,Active
C06525,Nikhil Kumar,nikhil.kumar6525@example.com,46,Male,Lucknow,North,2024-02-03,Active
C06526,David Wilson,david.wilson6526@example.com,37,Male,Lucknow,North,2024-08-17,Active
C06527,Vikram Verma,vikram.verma6527@example.com,31,Female,Coimbatore,South,2024-12-25,Active
C06528,Ishita Patel,ishita.patel6528@example.com,34,Other,Hyderabad,South,2023-04-11,Active
C06529,Daniel Rao,daniel.rao6529@example.com,35,Other,Bhubaneswar,East,2023-02-21,Active
C06530,Isabella Taylor,isabella.taylor6530@example.com,26,Other,Goa,West,2024-09-19,Active
C06531,Priya Nair,priya.nair6531@example.com,40,Female,Guwahati,East,2024-04-29,Active
C06532,Divya Davis,divya.davis6532@example.com,39,Male,Jaipur,North,2023-08-15,Active
C06533,Divya Kumar,divya.kumar6533@example.com,50,Male,Dehradun,North,2024-03-28,Active
C06534,James Das,james.das6534@example.com,47,Female,Coimbatore,South,2024-04-18,Active
C06535,Sophia Verma,sophia.verma6535@example.com,28,Male,Lucknow,North,2025-03-19,Active
C06536,Priya Verma,priya.verma6536@example.com,43,Male,Nagpur,West,2025-05-03,Inactive
C06537,Emma Wilson,emma.wilson6537@example.com,25,Female,Nagpur,West,2024-09-04,Active
C06538,Vikram Mehta,vikram.mehta6538@example.com,41,Male,Dehradun,North,2024-02-08,Active
C06539,Vikram Nair,vikram.nair6539@example.com,29,Female,Kochi,South,2023-08-04,Inactive
C06540,Arjun Mehta,arjun.mehta6540@example.com,24,Male,Goa,West,2023-06-10,Active
C06541,Aanya Malhotra,aanya.malhotra6541@example.com,37,Other,Dehradun,North,2023-06-03,Active
C06542,James Smith,james.smith6542@example.com,18,Male,Surat,West,2023-11-23,Active
C06543,Sanjay Malhotra,sanjay.malhotra6543@example.com,18,Other,Dehradun,North,2023-11-24,Active
C06544,Divya Gupta,divya.gupta6544@example.com,33,Male,Delhi,North,2024-07-07,Active
C06545,Aarav Patel,aarav.patel6545@example.com,35,Other,Hyderabad,South,2023-02-14,Inactive
C06546,Daniel Singh,daniel.singh6546@example.com,31,Female,Pune,West,2024-06-10,Active
C06547,Pooja Malhotra,pooja.malhotra6547@example.com,19,Female,Nagpur,West,2023-10-18,Active
C06548,Pooja Verma,pooja.verma6548@example.com,26,Other,Mumbai,West,2024-11-04,Active
C06549,Aarav Rao,aarav.rao6549@example.com,38,Female,Nagpur,West,2023-10-08,Active
C06550,Priya Moore,priya.moore6550@example.com,40,Female,Bengaluru,South,2025-04-19,Active
C06551,Neha Anderson,neha.anderson6551@example.com,34,Male,Goa,West,2023-12-09,Active
C06552,Rohan Iyer,rohan.iyer6552@example.com,46,Male,Nagpur,West,2024-04-21,Active
C06553,Michael Reddy,michael.reddy6553@example.com,38,Other,Chennai,South,2024-01-11,Active
C06554,Varun Wilson,varun.wilson6554@example.com,27,Female,Surat,West,2024-01-03,Active
C06555,Meera Iyer,meera.iyer6555@example.com,32,Female,Guwahati,East,2023-01-13,Active
C06556,Sneha Malhotra,sneha.malhotra6556@example.com,20,Other,Mysuru,South,2023-11-19,Active
C06557,Vikram Smith,vikram.smith6557@example.com,33,Female,Nagpur,West,2024-10-14,Active
C06558,Priya Verma,priya.verma6558@example.com,46,Male,Amritsar,North,2023-11-30,Active
C06559,Ishita Brown,ishita.brown6559@example.com,41,Other,Patna,East,2024-10-11,Active
C06560,Daniel Singh,daniel.singh6560@example.com,49,Male,Kochi,South,2024-05-11,Active
C06561,Arjun Nair,arjun.nair6561@example.com,31,Male,Lucknow,North,2024-03-15,Active
C06562,Divya Brown,divya.brown6562@example.com,48,Male,Jaipur,North,2024-07-12,Active
C06563,Priya Williams,priya.williams6563@example.com,33,Other,Pune,West,2023-05-27,Active
C06564,Daniel Anderson,daniel.anderson6564@example.com,49,Male,Chennai,South,2023-11-15,Inactive
C06565,Rahul Verma,rahul.verma6565@example.com,34,Other,Coimbatore,South,2024-10-15,Active
C06566,Olivia Wilson,olivia.wilson6566@example.com,42,Female,Dehradun,North,2024-08-04,Active
C06567,Vikram Sharma,vikram.sharma6567@example.com,49,Female,Coimbatore,South,2025-04-04,Active
C06568,Divya Patel,divya.patel6568@example.com,33,Other,Bhubaneswar,East,2024-04-24,Active
C06569,Olivia Nair,olivia.nair6569@example.com,37,Female,Mysuru,South,2024-02-17,Active
C06570,Nikhil Smith,nikhil.smith6570@example.com,47,Male,Delhi,North,2023-11-15,Active
C06571,Karan Davis,karan.davis6571@example.com,33,Female,Surat,West,2024-12-05,Active
C06572,William Sharma,william.sharma6572@example.com,21,Other,Nagpur,West,2024-08-01,Active
C06573,Meera Smith,meera.smith6573@example.com,56,Male,Coimbatore,South,2025-06-18,Active
C06574,Sanjay Iyer,sanjay.iyer6574@example.com,30,Female,Kolkata,East,2024-08-16,Active
C06575,Varun Brown,varun.brown6575@example.com,36,Male,Pune,West,2024-01-22,Active
C06576,Sophia Anderson,sophia.anderson6576@example.com,46,Male,Bengaluru,South,2023-12-02,Active
C06577,Sneha Miller,sneha.miller6577@example.com,28,Female,Kochi,South,2025-01-05,Inactive
C06578,William Moore,william.moore6578@example.com,24,Other,Goa,West,2024-12-29,Active
C06579,Olivia Mehta,olivia.mehta6579@example.com,37,Female,Dehradun,North,2023-07-01,Active
C06580,Daniel Mehta,daniel.mehta6580@example.com,18,Female,Chennai,South,2024-03-02,Active
C06581,Ananya Nair,ananya.nair6581@example.com,32,Other,Lucknow,North,2025-01-16,Active
C06582,Aanya Joshi,aanya.joshi6582@example.com,37,Other,Amritsar,North,2024-02-10,Active
C06583,Emma Smith,emma.smith6583@example.com,32,Other,Nagpur,West,2024-06-18,Inactive
C06584,Vikram Davis,vikram.davis6584@example.com,19,Female,Chennai,South,2025-06-29,Active
C06585,Mia Anderson,mia.anderson6585@example.com,50,Other,Mysuru,South,2024-11-23,Inactive
C06586,Sanjay Kapoor,sanjay.kapoor6586@example.com,36,Other,Kolkata,East,2024-12-25,Active
C06587,Olivia Nair,olivia.nair6587@example.com,49,Female,Jaipur,North,2023-02-18,Inactive
C06588,Daniel Rao,daniel.rao6588@example.com,32,Male,Mysuru,South,2024-07-11,Active
C06589,Karan Williams,karan.williams6589@example.com,26,Other,Delhi,North,2023-07-15,Active
C06590,Arjun Singh,arjun.singh6590@example.com,37,Other,Goa,West,2025-05-02,Active
C06591,Pooja Davis,pooja.davis6591@example.com,32,Male,Kochi,South,2024-10-08,Inactive
C06592,Michael Wilson,michael.wilson6592@example.com,23,Male,Delhi,North,2023-06-13,Inactive
C06593,Karan Gupta,karan.gupta6593@example.com,49,Male,Delhi,North,2024-05-28,Active
C06594,Aarav Miller,aarav.miller6594@example.com,28,Male,Hyderabad,South,2023-09-04,Active
C06595,Rohan Reddy,rohan.reddy6595@example.com,18,Male,Bhubaneswar,East,2023-09-06,Active
C06596,Michael Wilson,michael.wilson6596@example.com,48,Male,Nagpur,West,2024-11-26,Active
C06597,Kavya Verma,kavya.verma6597@example.com,29,Male,Amritsar,North,2023-06-21,Active
C06598,Ananya Johnson,ananya.johnson6598@example.com,28,Other,Bengaluru,South,2024-03-12,Active
C06599,Priya Davis,priya.davis6599@example.com,18,Female,Delhi,North,2024-09-10,Active
C06600,Olivia Anderson,olivia.anderson6600@example.com,52,Female,Hyderabad,South,2024-05-12,Active
C06601,James Moore,james.moore6601@example.com,22,Male,Goa,West,2023-01-08,Active
C06602,Varun Miller,varun.miller6602@example.com,35,Other,Dehradun,North,2023-03-23,Inactive
C06603,William Gupta,william.gupta6603@example.com,44,Male,Ahmedabad,West,2023-10-29,Inactive
C06604,Rohan Smith,rohan.smith6604@example.com,39,Female,Chennai,South,2023-04-27,Active
C06605,Neha Taylor,neha.taylor6605@example.com,34,Female,Lucknow,North,2023-11-08,Active
C06606,Nikhil Miller,nikhil.miller6606@example.com,18,Male,Delhi,North,2025-01-02,Active
C06607,Rahul Brown,rahul.brown6607@example.com,26,Male,Mumbai,West,2024-06-29,Inactive
C06608,Aanya Patel,aanya.patel6608@example.com,36,Other,Lucknow,North,2023-09-01,Active
C06609,Mia Taylor,mia.taylor6609@example.com,27,Male,Amritsar,North,2023-10-17,Active
C06610,William Gupta,william.gupta6610@example.com,37,Male,Jaipur,North,2023-04-26,Active
C06611,Ishita Davis,ishita.davis6611@example.com,41,Other,Delhi,North,2023-08-08,Active
C06612,Sneha Singh,sneha.singh6612@example.com,44,Other,Amritsar,North,2025-01-23,Active
C06613,Nikhil Joshi,nikhil.joshi6613@example.com,22,Male,Mysuru,South,2024-01-05,Active
C06614,Arjun Rao,arjun.rao6614@example.com,56,Male,Jaipur,North,2023-04-12,Active
C06615,Priya Smith,priya.smith6615@example.com,42,Other,Patna,East,2023-08-09,Active
C06616,Olivia Sharma,olivia.sharma6616@example.com,34,Male,Surat,West,2025-02-06,Active
C06617,Sanjay Kumar,sanjay.kumar6617@example.com,45,Male,Surat,West,2025-04-02,Active
C06618,Kavya Kapoor,kavya.kapoor6618@example.com,58,Other,Nagpur,West,2023-05-19,Inactive
C06619,Aditya Kumar,aditya.kumar6619@example.com,20,Female,Jaipur,North,2023-07-13,Active
C06620,Meera Malhotra,meera.malhotra6620@example.com,32,Male,Bhubaneswar,East,2025-03-09,Active
C06621,Divya Williams,divya.williams6621@example.com,18,Female,Hyderabad,South,2023-03-27,Active
C06622,Daniel Sharma,daniel.sharma6622@example.com,36,Female,Bhubaneswar,East,2024-11-20,Active
C06623,Divya Smith,divya.smith6623@example.com,38,Female,Hyderabad,South,2025-03-09,Active
C06624,Nikhil Iyer,nikhil.iyer6624@example.com,34,Female,Kolkata,East,2023-01-03,Active
C06625,Kavya Nair,kavya.nair6625@example.com,28,Female,Bhubaneswar,East,2024-05-16,Active
C06626,Sanjay Mehta,sanjay.mehta6626@example.com,18,Female,Kochi,South,2024-04-07,Active
C06627,Aarav Johnson,aarav.johnson6627@example.com,38,Other,Dehradun,North,2025-01-13,Active
C06628,Nikhil Joshi,nikhil.joshi6628@example.com,49,Female,Dehradun,North,2024-11-06,Active
C06629,Mia Smith,mia.smith6629@example.com,29,Male,Lucknow,North,2023-11-26,Active
C06630,Pooja Verma,pooja.verma6630@example.com,39,Female,Delhi,North,2023-06-21,Active
C06631,Mia Taylor,mia.taylor6631@example.com,19,Male,Pune,West,2024-07-15,Active
C06632,Isabella Moore,isabella.moore6632@example.com,39,Other,Delhi,North,2023-08-30,Active
C06633,Arjun Anderson,arjun.anderson6633@example.com,31,Male,Kolkata,East,2023-03-06,Inactive
C06634,Meera Gupta,meera.gupta6634@example.com,27,Female,Kolkata,East,2024-06-30,Active
C06635,Aarav Verma,aarav.verma6635@example.com,27,Female,Lucknow,North,2023-02-12,Active
C06636,Olivia Brown,olivia.brown6636@example.com,31,Other,Delhi,North,2024-12-31,Inactive
C06637,Emma Reddy,emma.reddy6637@example.com,38,Female,Mumbai,West,2023-02-20,Active
C06638,Ishita Malhotra,ishita.malhotra6638@example.com,21,Other,Guwahati,East,2024-03-22,Inactive
C06639,Daniel Wilson,daniel.wilson6639@example.com,31,Male,Pune,West,2023-06-17,Inactive
C06640,Nikhil Taylor,nikhil.taylor6640@example.com,34,Other,Kolkata,East,2024-09-10,Active
C06641,Olivia Reddy,olivia.reddy6641@example.com,24,Male,Guwahati,East,2024-07-09,Inactive
C06642,Aanya Kumar,aanya.kumar6642@example.com,52,Male,Amritsar,North,2025-02-10,Inactive
C06643,James Kapoor,james.kapoor6643@example.com,26,Female,Patna,East,2025-03-25,Active
C06644,Meera Reddy,meera.reddy6644@example.com,28,Other,Surat,West,2025-05-31,Active
C06645,Karan Taylor,karan.taylor6645@example.com,25,Male,Guwahati,East,2023-04-09,Active
C06646,Nikhil Kapoor,nikhil.kapoor6646@example.com,52,Female,Hyderabad,South,2023-12-06,Active
C06647,Michael Patel,michael.patel6647@example.com,40,Male,Surat,West,2025-06-24,Active
C06648,Aarav Mehta,aarav.mehta6648@example.com,25,Other,Coimbatore,South,2023-12-25,Inactive
C06649,Sanjay Verma,sanjay.verma6649@example.com,46,Female,Ranchi,East,2024-04-16,Active
C06650,Emma Singh,emma.singh6650@example.com,37,Male,Bhubaneswar,East,2024-09-24,Inactive
C06651,Vikram Smith,vikram.smith6651@example.com,37,Other,Coimbatore,South,2024-07-22,Active
C06652,James Smith,james.smith6652@example.com,31,Female,Chennai,South,2023-06-28,Inactive
C06653,Divya Gupta,divya.gupta6653@example.com,27,Male,Coimbatore,South,2024-10-05,Active
C06654,Daniel Sharma,daniel.sharma6654@example.com,38,Male,Nagpur,West,2024-12-17,Inactive
C06655,Sneha Williams,sneha.williams6655@example.com,29,Other,Amritsar,North,2024-02-15,Active
C06656,Divya Smith,divya.smith6656@example.com,53,Female,Mysuru,South,2025-02-23,Active
C06657,Rahul Wilson,rahul.wilson6657@example.com,22,Female,Patna,East,2023-09-12,Active
C06658,Emma Anderson,emma.anderson6658@example.com,50,Female,Chennai,South,2025-03-26,Active
C06659,Sneha Davis,sneha.davis6659@example.com,33,Male,Mysuru,South,2024-07-20,Active
C06660,Nikhil Joshi,nikhil.joshi6660@example.com,37,Male,Nagpur,West,2025-03-18,Inactive
C06661,Aditya Rao,aditya.rao6661@example.com,43,Male,Pune,West,2025-05-27,Active
C06662,Daniel Verma,daniel.verma6662@example.com,28,Male,Chandigarh,North,2025-05-22,Active
C06663,Sneha Mehta,sneha.mehta6663@example.com,43,Male,Pune,West,2023-04-30,Active
C06664,Ishita Joshi,ishita.joshi6664@example.com,18,Other,Hyderabad,South,2023-07-20,Active
C06665,Isabella Kapoor,isabella.kapoor6665@example.com,27,Male,Bhubaneswar,East,2024-02-15,Active
C06666,David Gupta,david.gupta6666@example.com,25,Male,Pune,West,2024-01-09,Active
C06667,Vikram Das,vikram.das6667@example.com,22,Female,Patna,East,2025-03-29,Active
C06668,Vikram Nair,vikram.nair6668@example.com,32,Male,Bhubaneswar,East,2023-03-28,Active
C06669,Vikram Williams,vikram.williams6669@example.com,38,Female,Ahmedabad,West,2023-10-28,Inactive
C06670,Daniel Nair,daniel.nair6670@example.com,42,Male,Ranchi,East,2025-02-22,Active
C06671,Isabella Miller,isabella.miller6671@example.com,37,Female,Bhubaneswar,East,2024-01-23,Active
C06672,Arjun Verma,arjun.verma6672@example.com,28,Other,Lucknow,North,2023-04-24,Active
C06673,Michael Brown,michael.brown6673@example.com,38,Other,Ahmedabad,West,2024-09-17,Active
C06674,Neha Verma,neha.verma6674@example.com,36,Other,Ranchi,East,2024-09-02,Inactive
C06675,Vikram Malhotra,vikram.malhotra6675@example.com,44,Other,Pune,West,2023-07-29,Active
C06676,Michael Miller,michael.miller6676@example.com,42,Other,Ahmedabad,West,2025-04-11,Active
C06677,Aanya Malhotra,aanya.malhotra6677@example.com,35,Female,Hyderabad,South,2025-04-08,Active
C06678,Sophia Smith,sophia.smith6678@example.com,26,Male,Kolkata,East,2025-05-27,Active
C06679,David Rao,david.rao6679@example.com,28,Male,Mysuru,South,2023-12-14,Inactive
C06680,Aditya Taylor,aditya.taylor6680@example.com,29,Male,Chennai,South,2023-03-20,Active
C06681,Vikram Joshi,vikram.joshi6681@example.com,31,Female,Jaipur,North,2023-09-02,Active
C06682,Neha Gupta,neha.gupta6682@example.com,37,Other,Pune,West,2023-02-18,Inactive
C06683,Daniel Kapoor,daniel.kapoor6683@example.com,42,Male,Lucknow,North,2024-03-11,Active
C06684,Emma Sharma,emma.sharma6684@example.com,34,Female,Mumbai,West,2025-04-08,Inactive
C06685,Emma Malhotra,emma.malhotra6685@example.com,35,Female,Pune,West,2024-09-13,Active
C06686,Sanjay Brown,sanjay.brown6686@example.com,36,Other,Hyderabad,South,2024-12-17,Active
C06687,Aarav Kapoor,aarav.kapoor6687@example.com,29,Male,Ahmedabad,West,2025-05-19,Active
C06688,Ishita Williams,ishita.williams6688@example.com,25,Male,Mumbai,West,2023-04-15,Active
C06689,Aarav Singh,aarav.singh6689@example.com,18,Other,Chennai,South,2023-07-15,Active
C06690,Mia Mehta,mia.mehta6690@example.com,28,Male,Delhi,North,2023-07-11,Inactive
C06691,Kavya Davis,kavya.davis6691@example.com,39,Other,Pune,West,2024-03-01,Active
C06692,Rahul Kumar,rahul.kumar6692@example.com,27,Male,Mysuru,South,2023-03-03,Active
C06693,Emma Moore,emma.moore6693@example.com,32,Other,Lucknow,North,2024-07-15,Active
C06694,Isabella Malhotra,isabella.malhotra6694@example.com,39,Other,Kolkata,East,2024-02-09,Active
C06695,David Mehta,david.mehta6695@example.com,40,Male,Goa,West,2023-02-03,Inactive
C06696,Arjun Mehta,arjun.mehta6696@example.com,24,Female,Lucknow,North,2023-05-20,Active
C06697,Pooja Rao,pooja.rao6697@example.com,44,Female,Dehradun,North,2023-06-23,Active
C06698,James Das,james.das6698@example.com,46,Other,Mumbai,West,2024-01-13,Active
C06699,James Davis,james.davis6699@example.com,23,Female,Guwahati,East,2024-04-12,Inactive
C06700,Meera Gupta,meera.gupta6700@example.com,26,Female,Nagpur,West,2024-12-20,Active
C06701,Sneha Sharma,sneha.sharma6701@example.com,46,Female,Coimbatore,South,2023-11-18,Active
C06702,William Davis,william.davis6702@example.com,33,Other,Nagpur,West,2024-07-01,Inactive
C06703,Nikhil Kapoor,nikhil.kapoor6703@example.com,18,Male,Kochi,South,2024-04-25,Active
C06704,Ishita Williams,ishita.williams6704@example.com,21,Male,Delhi,North,2024-09-11,Active
C06705,Aarav Anderson,aarav.anderson6705@example.com,32,Female,Lucknow,North,2025-04-16,Inactive
C06706,Aditya Kapoor,aditya.kapoor6706@example.com,23,Other,Jaipur,North,2023-01-27,Inactive
C06707,Daniel Kapoor,daniel.kapoor6707@example.com,30,Other,Guwahati,East,2024-10-09,Inactive
C06708,Aarav Davis,aarav.davis6708@example.com,35,Female,Nagpur,West,2023-08-05,Active
C06709,Aarav Brown,aarav.brown6709@example.com,49,Female,Surat,West,2025-05-15,Active
C06710,Aanya Reddy,aanya.reddy6710@example.com,32,Other,Hyderabad,South,2023-10-25,Active
C06711,Rahul Joshi,rahul.joshi6711@example.com,45,Female,Mysuru,South,2025-05-08,Active
C06712,Aarav Singh,aarav.singh6712@example.com,49,Female,Amritsar,North,2023-12-20,Active
C06713,Ishita Davis,ishita.davis6713@example.com,49,Other,Amritsar,North,2023-08-28,Active
C06714,Aditya Verma,aditya.verma6714@example.com,37,Female,Bhubaneswar,East,2024-10-18,Active
C06715,Varun Iyer,varun.iyer6715@example.com,18,Male,Nagpur,West,2025-04-22,Active
C06716,Mia Das,mia.das6716@example.com,39,Female,Nagpur,West,2024-04-14,Inactive
C06717,Kavya Taylor,kavya.taylor6717@example.com,45,Other,Ahmedabad,West,2023-12-28,Active
C06718,Arjun Verma,arjun.verma6718@example.com,34,Male,Chennai,South,2023-12-05,Inactive
C06719,Nikhil Williams,nikhil.williams6719@example.com,52,Other,Ranchi,East,2023-02-22,Active
C06720,Michael Verma,michael.verma6720@example.com,43,Male,Ahmedabad,West,2025-05-22,Active
C06721,Vikram Williams,vikram.williams6721@example.com,40,Other,Coimbatore,South,2025-02-18,Inactive
C06722,David Verma,david.verma6722@example.com,45,Male,Ahmedabad,West,2025-03-16,Active
C06723,Olivia Williams,olivia.williams6723@example.com,38,Other,Ahmedabad,West,2024-09-23,Active
C06724,Olivia Smith,olivia.smith6724@example.com,18,Female,Jaipur,North,2023-10-03,Active
C06725,Kavya Mehta,kavya.mehta6725@example.com,30,Male,Delhi,North,2023-12-17,Active
C06726,Neha Singh,neha.singh6726@example.com,46,Female,Jaipur,North,2024-07-31,Active
C06727,Sneha Moore,sneha.moore6727@example.com,26,Other,Ahmedabad,West,2023-12-15,Active
C06728,Divya Brown,divya.brown6728@example.com,32,Female,Mysuru,South,2024-12-23,Active
C06729,Neha Kapoor,neha.kapoor6729@example.com,24,Male,Coimbatore,South,2023-11-16,Active
C06730,Priya Sharma,priya.sharma6730@example.com,52,Female,Nagpur,West,2023-03-02,Active
C06731,Karan Rao,karan.rao6731@example.com,51,Male,Hyderabad,South,2023-09-27,Inactive
C06732,Sanjay Davis,sanjay.davis6732@example.com,26,Female,Delhi,North,2024-06-22,Active
C06733,Sanjay Verma,sanjay.verma6733@example.com,36,Other,Pune,West,2024-01-27,Inactive
C06734,Rohan Moore,rohan.moore6734@example.com,28,Other,Mysuru,South,2023-02-12,Active
C06735,Arjun Joshi,arjun.joshi6735@example.com,41,Male,Chandigarh,North,2023-09-09,Active
C06736,Sanjay Das,sanjay.das6736@example.com,40,Female,Hyderabad,South,2023-10-16,Active
C06737,Meera Miller,meera.miller6737@example.com,43,Female,Bhubaneswar,East,2023-02-25,Active
C06738,Divya Gupta,divya.gupta6738@example.com,38,Male,Dehradun,North,2023-08-16,Active
C06739,Priya Wilson,priya.wilson6739@example.com,64,Male,Dehradun,North,2023-02-02,Active
C06740,Emma Taylor,emma.taylor6740@example.com,24,Female,Surat,West,2024-05-25,Inactive
C06741,Sneha Kapoor,sneha.kapoor6741@example.com,18,Female,Surat,West,2025-02-22,Inactive
C06742,Ishita Das,,31,Female,Ahmedabad,West,2023-12-05,Active
C06743,Vikram Smith,vikram.smith6743@example.com,19,Male,Jaipur,North,2024-09-20,Active
C06744,Ishita Anderson,ishita.anderson6744@example.com,20,Other,Bhubaneswar,East,2025-01-09,Active
C06745,Karan Davis,karan.davis6745@example.com,24,Male,Jaipur,North,2024-08-10,Active
C06746,William Patel,william.patel6746@example.com,25,Other,Bengaluru,South,2024-09-25,Active
C06747,James Rao,james.rao6747@example.com,25,Male,Bengaluru,South,2024-10-30,Inactive
C06748,Ishita Wilson,ishita.wilson6748@example.com,40,Other,Jaipur,North,2023-03-13,Active
C06749,Emma Sharma,emma.sharma6749@example.com,29,Female,Patna,East,2023-01-24,Active
C06750,Meera Singh,meera.singh6750@example.com,33,Female,Kolkata,East,2023-01-15,Active
C06751,Aditya Miller,aditya.miller6751@example.com,43,Male,Kolkata,East,2025-02-03,Inactive
C06752,Pooja Kapoor,pooja.kapoor6752@example.com,27,Male,Guwahati,East,2023-04-20,Inactive
C06753,Kavya Rao,kavya.rao6753@example.com,32,Other,Ahmedabad,West,2023-09-19,Active
C06754,David Williams,david.williams6754@example.com,38,Female,Nagpur,West,2023-09-13,Active
C06755,Meera Williams,meera.williams6755@example.com,18,Female,Kolkata,East,2025-04-24,Active
C06756,Priya Wilson,priya.wilson6756@example.com,18,Male,Chennai,South,2023-06-11,Active
C06757,Divya Gupta,divya.gupta6757@example.com,38,Female,Guwahati,East,2024-04-18,Active
C06758,Kavya Verma,kavya.verma6758@example.com,39,Other,Chennai,South,2023-09-28,Active
C06759,Olivia Moore,olivia.moore6759@example.com,55,Other,Amritsar,North,2023-11-04,Inactive
C06760,Karan Wilson,karan.wilson6760@example.com,36,Other,Kolkata,East,2023-12-08,Active
C06761,James Moore,james.moore6761@example.com,43,Other,Dehradun,North,2023-10-10,Active
C06762,Neha Nair,neha.nair6762@example.com,33,Female,Nagpur,West,2023-09-15,Active
C06763,William Williams,william.williams6763@example.com,37,Male,Bengaluru,South,2023-01-31,Active
C06764,Neha Singh,neha.singh6764@example.com,51,Other,Bhubaneswar,East,2024-06-22,Active
C06765,Vikram Brown,vikram.brown6765@example.com,18,Male,Patna,East,2025-03-17,Active
C06766,Divya Wilson,divya.wilson6766@example.com,39,Female,Surat,West,2025-02-21,Active
C06767,Nikhil Patel,nikhil.patel6767@example.com,56,Other,Ranchi,East,2024-09-22,Active
C06768,Pooja Singh,pooja.singh6768@example.com,37,Other,Kochi,South,2023-12-18,Inactive
C06769,James Sharma,james.sharma6769@example.com,51,Male,Coimbatore,South,2025-03-27,Active
C06770,Pooja Moore,pooja.moore6770@example.com,28,Male,Chandigarh,North,2025-04-28,Active
C06771,James Kapoor,james.kapoor6771@example.com,34,Male,Chennai,South,2024-11-20,Active
C06772,Sneha Wilson,sneha.wilson6772@example.com,35,Female,Mumbai,West,2023-01-13,Active
C06773,Emma Reddy,emma.reddy6773@example.com,18,Female,Mysuru,South,2025-06-25,Active
C06774,William Verma,william.verma6774@example.com,23,Female,Ahmedabad,West,2023-12-20,Active
C06775,Sanjay Moore,sanjay.moore6775@example.com,24,Other,Mysuru,South,2025-06-13,Active
C06776,Michael Joshi,michael.joshi6776@example.com,43,Female,Coimbatore,South,2024-12-04,Inactive
C06777,Ishita Wilson,ishita.wilson6777@example.com,43,Male,Kolkata,East,2024-03-09,Inactive
C06778,Mia Smith,mia.smith6778@example.com,38,Male,Goa,West,2023-12-22,Active
C06779,James Iyer,james.iyer6779@example.com,43,Female,Mumbai,West,2025-05-05,Active
C06780,Isabella Kapoor,isabella.kapoor6780@example.com,33,Female,Mumbai,West,2024-07-27,Inactive
C06781,Varun Rao,varun.rao6781@example.com,47,Female,Kolkata,East,2025-02-03,Active
C06782,Daniel Sharma,daniel.sharma6782@example.com,35,Female,Ranchi,East,2024-08-05,Inactive
C06783,James Kapoor,james.kapoor6783@example.com,35,Male,Kolkata,East,2025-06-03,Inactive
C06784,Varun Iyer,varun.iyer6784@example.com,32,Female,Bengaluru,South,2023-07-12,Active
C06785,Mia Reddy,mia.reddy6785@example.com,41,Other,Patna,East,2023-06-02,Active
C06786,Varun Singh,varun.singh6786@example.com,30,Male,Mumbai,West,2023-05-29,Active
C06787,Nikhil Taylor,nikhil.taylor6787@example.com,44,Female,Goa,West,2024-07-25,Inactive
C06788,Pooja Johnson,pooja.johnson6788@example.com,23,Female,Goa,West,2024-06-22,Active
C06789,Rohan Reddy,rohan.reddy6789@example.com,24,Other,Nagpur,West,2024-03-11,Inactive
C06790,Priya Brown,priya.brown6790@example.com,41,Other,Lucknow,North,2023-02-22,Active
C06791,Varun Verma,varun.verma6791@example.com,34,Male,Kochi,South,2025-02-19,Active
C06792,Vikram Singh,vikram.singh6792@example.com,30,Male,Chandigarh,North,2023-01-05,Inactive
C06793,Neha Joshi,neha.joshi6793@example.com,43,Other,Kochi,South,2025-01-05,Active
C06794,Karan Gupta,karan.gupta6794@example.com,28,Male,Chandigarh,North,2025-02-10,Active
C06795,Nikhil Wilson,nikhil.wilson6795@example.com,32,Other,Pune,West,2023-01-18,Inactive
C06796,Sneha Joshi,sneha.joshi6796@example.com,48,Male,Patna,East,2024-03-06,Active
C06797,Aarav Kapoor,aarav.kapoor6797@example.com,50,Male,Bengaluru,South,2023-12-23,Active
C06798,Emma Das,emma.das6798@example.com,50,Female,Mysuru,South,2024-04-10,Active
C06799,Michael Davis,michael.davis6799@example.com,32,Other,Bhubaneswar,East,2023-11-13,Active
C06800,David Sharma,david.sharma6800@example.com,47,Other,Lucknow,North,2023-02-06,Active
C06801,Rohan Sharma,rohan.sharma6801@example.com,25,Male,Kochi,South,2025-02-09,Active
C06802,Nikhil Nair,nikhil.nair6802@example.com,25,Other,Mysuru,South,2024-01-26,Active
C06803,Olivia Taylor,olivia.taylor6803@example.com,18,Male,Bhubaneswar,East,2025-03-16,Active
C06804,Ananya Johnson,ananya.johnson6804@example.com,51,Other,Mumbai,West,2024-12-08,Active
C06805,William Johnson,william.johnson6805@example.com,26,Male,Jaipur,North,2024-12-04,Inactive
C06806,Olivia Kapoor,olivia.kapoor6806@example.com,33,Male,Guwahati,East,2024-11-08,Active
C06807,Mia Miller,mia.miller6807@example.com,25,Other,Bhubaneswar,East,2025-06-14,Active
C06808,Daniel Verma,daniel.verma6808@example.com,41,Other,Delhi,North,2025-02-19,Active
C06809,Aarav Gupta,aarav.gupta6809@example.com,31,Other,Goa,West,2024-02-05,Active
C06810,Karan Miller,karan.miller6810@example.com,21,Other,Pune,West,2024-09-23,Active
C06811,Arjun Miller,arjun.miller6811@example.com,39,Male,Coimbatore,South,2023-06-12,Active
C06812,Sanjay Mehta,sanjay.mehta6812@example.com,20,Female,Guwahati,East,2023-01-11,Active
C06813,Aanya Moore,aanya.moore6813@example.com,26,Male,Goa,West,2024-11-14,Active
C06814,William Rao,william.rao6814@example.com,18,Female,Kolkata,East,2024-01-05,Active
C06815,Emma Kumar,emma.kumar6815@example.com,20,Other,Mysuru,South,2023-07-25,Active
C06816,Rahul Moore,rahul.moore6816@example.com,36,Female,Patna,East,2024-12-06,Active
C06817,Varun Miller,varun.miller6817@example.com,18,Female,Mumbai,West,2023-02-18,Active
C06818,Ishita Joshi,ishita.joshi6818@example.com,20,Other,Hyderabad,South,2024-04-10,Active
C06819,Rahul Moore,rahul.moore6819@example.com,34,Female,Mumbai,West,2023-12-04,Active
C06820,Divya Reddy,divya.reddy6820@example.com,29,Other,Guwahati,East,2023-12-31,Active
C06821,Sanjay Verma,sanjay.verma6821@example.com,54,Male,Coimbatore,South,2024-12-31,Active
C06822,Varun Malhotra,varun.malhotra6822@example.com,53,Female,Lucknow,North,2024-05-23,Active
C06823,Karan Taylor,karan.taylor6823@example.com,26,Male,Jaipur,North,2024-02-23,Inactive
C06824,William Das,william.das6824@example.com,40,Male,Surat,West,2024-06-04,Inactive
C06825,James Anderson,james.anderson6825@example.com,42,Female,Bengaluru,South,2023-04-22,Inactive
C06826,James Williams,james.williams6826@example.com,29,Other,Patna,East,2025-04-14,Active
C06827,Neha Johnson,neha.johnson6827@example.com,20,Female,Coimbatore,South,2024-08-17,Active
C06828,Isabella Taylor,isabella.taylor6828@example.com,34,Female,Mysuru,South,2025-01-28,Inactive
C06829,William Kapoor,william.kapoor6829@example.com,33,Female,Surat,West,2023-03-20,Active
C06830,Kavya Kapoor,kavya.kapoor6830@example.com,30,Female,Coimbatore,South,2024-10-02,Active
C06831,David Williams,david.williams6831@example.com,39,Male,Dehradun,North,2024-12-15,Active
C06832,Emma Malhotra,emma.malhotra6832@example.com,27,Other,Ranchi,East,2023-07-12,Active
C06833,James Miller,james.miller6833@example.com,23,Other,Coimbatore,South,2025-03-14,Active
C06834,Sophia Sharma,sophia.sharma6834@example.com,36,Male,Kochi,South,2024-08-16,Active
C06835,Daniel Malhotra,daniel.malhotra6835@example.com,38,Male,Jaipur,North,2024-03-01,Active
C06836,Meera Patel,meera.patel6836@example.com,23,Other,Bhubaneswar,East,2024-06-27,Active
C06837,Rahul Sharma,rahul.sharma6837@example.com,44,Other,Chandigarh,North,2023-05-24,Active
C06838,James Gupta,james.gupta6838@example.com,18,Other,Mysuru,South,2024-07-16,Active
C06839,Aarav Anderson,aarav.anderson6839@example.com,29,Other,Jaipur,North,2024-09-24,Active
C06840,Sneha Malhotra,sneha.malhotra6840@example.com,32,Male,Surat,West,2023-01-18,Active
C06841,Neha Anderson,neha.anderson6841@example.com,28,Female,Pune,West,2024-05-30,Active
C06842,Meera Brown,meera.brown6842@example.com,29,Male,Ahmedabad,West,2024-04-16,Active
C06843,Karan Wilson,karan.wilson6843@example.com,53,Female,Lucknow,North,2024-05-17,Active
C06844,Meera Brown,meera.brown6844@example.com,26,Female,Coimbatore,South,2023-02-04,Active
C06845,Rohan Davis,rohan.davis6845@example.com,59,Male,Surat,West,2023-03-19,Active
C06846,Emma Iyer,emma.iyer6846@example.com,39,Female,Amritsar,North,2024-03-11,Inactive
C06847,Sneha Moore,sneha.moore6847@example.com,35,Other,Nagpur,West,2023-02-21,Active
C06848,Ananya Patel,ananya.patel6848@example.com,39,Male,Goa,West,2023-12-05,Active
C06849,Varun Verma,varun.verma6849@example.com,60,Female,Jaipur,North,2025-05-09,Inactive
C06850,Vikram Brown,vikram.brown6850@example.com,25,Other,Chennai,South,2023-02-19,Active
C06851,Aanya Nair,aanya.nair6851@example.com,23,Male,Guwahati,East,2025-05-19,Active
C06852,Ananya Iyer,ananya.iyer6852@example.com,27,Other,Ranchi,East,2025-03-17,Active
C06853,Aarav Reddy,aarav.reddy6853@example.com,35,Other,Delhi,North,2024-11-18,Active
C06854,Rohan Smith,rohan.smith6854@example.com,18,Other,Chandigarh,North,2023-11-24,Active
C06855,Sneha Miller,sneha.miller6855@example.com,35,Female,Nagpur,West,2025-01-15,Active
C06856,Michael Williams,michael.williams6856@example.com,51,Male,Kochi,South,2025-04-19,Active
C06857,Divya Mehta,divya.mehta6857@example.com,36,Male,Amritsar,North,2023-08-04,Active
C06858,Karan Brown,karan.brown6858@example.com,32,Male,Guwahati,East,2024-06-20,Active
C06859,Aarav Das,aarav.das6859@example.com,28,Female,Jaipur,North,2023-05-09,Inactive
C06860,Ishita Miller,ishita.miller6860@example.com,43,Male,Bhubaneswar,East,2023-04-17,Active
C06861,Michael Das,michael.das6861@example.com,26,Other,Jaipur,North,2023-11-04,Inactive
C06862,Neha Verma,neha.verma6862@example.com,53,Other,Amritsar,North,2024-08-14,Active
C06863,Varun Malhotra,varun.malhotra6863@example.com,54,Other,Chennai,South,2024-10-01,Active
C06864,Olivia Rao,olivia.rao6864@example.com,37,Male,Dehradun,North,2023-09-10,Active
C06865,Meera Malhotra,meera.malhotra6865@example.com,34,Female,Nagpur,West,2025-05-23,Active
C06866,William Taylor,william.taylor6866@example.com,45,Other,Pune,West,2024-08-14,Inactive
C06867,Michael Nair,michael.nair6867@example.com,45,Male,Jaipur,North,2024-10-25,Active
C06868,Rohan Johnson,rohan.johnson6868@example.com,26,Female,Goa,West,2023-10-21,Active
C06869,Sanjay Kumar,sanjay.kumar6869@example.com,29,Other,Hyderabad,South,2023-07-21,Active
C06870,Michael Williams,michael.williams6870@example.com,21,Other,Mysuru,South,2023-07-29,Active
C06871,Aarav Verma,aarav.verma6871@example.com,39,Female,Nagpur,West,2025-02-09,Active
C06872,Pooja Kumar,pooja.kumar6872@example.com,41,Female,Hyderabad,South,2023-11-13,Active
C06873,Sneha Rao,sneha.rao6873@example.com,21,Male,Kolkata,East,2023-03-21,Active
C06874,Aditya Malhotra,aditya.malhotra6874@example.com,30,Female,Mumbai,West,2024-02-20,Inactive
C06875,Varun Singh,varun.singh6875@example.com,21,Other,Mumbai,West,2025-03-12,Inactive
C06876,Isabella Rao,isabella.rao6876@example.com,26,Male,Hyderabad,South,2023-06-09,Active
C06877,Sophia Malhotra,sophia.malhotra6877@example.com,40,Female,Ahmedabad,West,2023-02-04,Active
C06878,Olivia Sharma,olivia.sharma6878@example.com,27,Male,Bengaluru,South,2024-03-03,Active
C06879,Sanjay Brown,sanjay.brown6879@example.com,31,Male,Surat,West,2024-08-31,Inactive
C06880,Michael Davis,michael.davis6880@example.com,18,Female,Chennai,South,2024-11-09,Inactive
C06881,Aditya Anderson,aditya.anderson6881@example.com,36,Female,Ahmedabad,West,2023-03-07,Active
C06882,Varun Kapoor,varun.kapoor6882@example.com,34,Female,Ahmedabad,West,2023-09-22,Active
C06883,Emma Nair,emma.nair6883@example.com,27,Female,Dehradun,North,2023-08-23,Active
C06884,Nikhil Taylor,nikhil.taylor6884@example.com,33,Female,Chennai,South,2025-04-06,Active
C06885,Rahul Taylor,rahul.taylor6885@example.com,36,Female,Chennai,South,2024-11-01,Inactive
C06886,Ananya Smith,ananya.smith6886@example.com,26,Female,Dehradun,North,2023-04-17,Active
C06887,Aditya Taylor,aditya.taylor6887@example.com,20,Female,Delhi,North,2024-05-02,Inactive
C06888,Isabella Das,isabella.das6888@example.com,53,Male,Coimbatore,South,2023-11-24,Active
C06889,Pooja Patel,pooja.patel6889@example.com,28,Other,Ranchi,East,2024-01-13,Active
C06890,Aarav Davis,aarav.davis6890@example.com,34,Other,Goa,West,2023-07-27,Active
C06891,Isabella Williams,isabella.williams6891@example.com,45,Male,Hyderabad,South,2023-09-23,Active
C06892,Michael Brown,michael.brown6892@example.com,70,Female,Jaipur,North,2024-06-05,Inactive
C06893,Mia Miller,mia.miller6893@example.com,22,Female,Jaipur,North,2025-02-03,Active
C06894,Rohan Moore,rohan.moore6894@example.com,39,Male,Ranchi,East,2025-05-24,Active
C06895,Neha Davis,neha.davis6895@example.com,27,Female,Bengaluru,South,2023-05-22,Active
C06896,Aanya Iyer,aanya.iyer6896@example.com,29,Male,Ranchi,East,2023-11-21,Inactive
C06897,Isabella Smith,isabella.smith6897@example.com,27,Other,Ranchi,East,2023-05-17,Active
C06898,Rohan Verma,rohan.verma6898@example.com,23,Female,Dehradun,North,2024-11-24,Active
C06899,Arjun Joshi,arjun.joshi6899@example.com,34,Male,Kochi,South,2024-11-12,Active
C06900,James Moore,james.moore6900@example.com,20,Other,Pune,West,2024-10-09,Active
C06901,Vikram Brown,vikram.brown6901@example.com,44,Female,Nagpur,West,2025-01-10,Active
C06902,Pooja Sharma,pooja.sharma6902@example.com,35,Male,Mysuru,South,2024-12-01,Active
C06903,Kavya Anderson,kavya.anderson6903@example.com,39,Female,Ranchi,East,2025-02-09,Inactive
C06904,Sanjay Kumar,sanjay.kumar6904@example.com,30,Other,Kochi,South,2025-06-07,Active
C06905,Rahul Verma,rahul.verma6905@example.com,31,Other,Amritsar,North,2024-08-08,Inactive
C06906,Priya Moore,priya.moore6906@example.com,37,Male,Dehradun,North,2023-05-23,Active
C06907,Priya Das,priya.das6907@example.com,23,Male,Chandigarh,North,2024-12-02,Active
C06908,Ishita Mehta,ishita.mehta6908@example.com,31,Female,Amritsar,North,2024-01-12,Active
C06909,Kavya Smith,kavya.smith6909@example.com,26,Male,Chennai,South,2023-03-29,Active
C06910,David Rao,david.rao6910@example.com,26,Female,Delhi,North,2024-02-16,Active
C06911,Sanjay Singh,sanjay.singh6911@example.com,18,Female,Bengaluru,South,2024-05-01,Active
C06912,Aarav Nair,aarav.nair6912@example.com,48,Female,Guwahati,East,2024-08-16,Active
C06913,Nikhil Kumar,nikhil.kumar6913@example.com,28,Female,Ahmedabad,West,2025-04-28,Active
C06914,Rahul Reddy,rahul.reddy6914@example.com,46,Male,Nagpur,West,2023-06-01,Active
C06915,Sanjay Kapoor,sanjay.kapoor6915@example.com,45,Male,Kolkata,East,2025-05-20,Active
C06916,Neha Miller,neha.miller6916@example.com,22,Male,Ranchi,East,2023-11-02,Active
C06917,Olivia Smith,olivia.smith6917@example.com,24,Other,Dehradun,North,2023-06-29,Active
C06918,Kavya Malhotra,kavya.malhotra6918@example.com,60,Male,Chennai,South,2024-06-17,Active
C06919,Nikhil Wilson,nikhil.wilson6919@example.com,52,Male,Ranchi,East,2024-02-07,Active
C06920,Sneha Sharma,sneha.sharma6920@example.com,34,Other,Pune,West,2023-10-28,Active
C06921,Priya Taylor,priya.taylor6921@example.com,37,Female,Chandigarh,North,2023-06-05,Active
C06922,Rohan Moore,rohan.moore6922@example.com,28,Female,Jaipur,North,2023-11-16,Active
C06923,Neha Williams,neha.williams6923@example.com,39,Male,Ranchi,East,2024-10-08,Active
C06924,Isabella Miller,isabella.miller6924@example.com,27,Other,Chennai,South,2023-08-16,Inactive
C06925,Ananya Patel,ananya.patel6925@example.com,18,Other,Jaipur,North,2024-12-07,Active
C06926,Michael Joshi,michael.joshi6926@example.com,21,Female,Pune,West,2023-07-03,Inactive
C06927,Vikram Das,vikram.das6927@example.com,35,Female,Coimbatore,South,2023-11-10,Active
C06928,Daniel Iyer,daniel.iyer6928@example.com,23,Female,Amritsar,North,2024-09-22,Inactive
C06929,Priya Williams,priya.williams6929@example.com,34,Female,Pune,West,2023-03-19,Active
C06930,Aarav Smith,aarav.smith6930@example.com,24,Female,Dehradun,North,2024-06-23,Active
C06931,Emma Anderson,emma.anderson6931@example.com,27,Female,Chandigarh,North,2025-02-04,Active
C06932,Isabella Joshi,isabella.joshi6932@example.com,43,Male,Jaipur,North,2023-10-31,Active
C06933,Ananya Malhotra,ananya.malhotra6933@example.com,37,Female,Dehradun,North,2024-09-19,Active
C06934,William Miller,william.miller6934@example.com,34,Other,Coimbatore,South,2023-04-19,Inactive
C06935,David Nair,david.nair6935@example.com,43,Female,Pune,West,2023-03-16,Inactive
C06936,Daniel Brown,daniel.brown6936@example.com,39,Other,Surat,West,2024-07-11,Active
C06937,Isabella Singh,isabella.singh6937@example.com,49,Male,Pune,West,2024-03-16,Active
C06938,Vikram Singh,vikram.singh6938@example.com,30,Male,Mysuru,South,2025-03-03,Active
C06939,Vikram Taylor,vikram.taylor6939@example.com,30,Female,Chennai,South,2025-05-17,Inactive
C06940,Sophia Reddy,sophia.reddy6940@example.com,21,Other,Mumbai,West,2023-01-16,Active
C06941,Sanjay Das,sanjay.das6941@example.com,30,Male,Coimbatore,South,2023-06-22,Active
C06942,Daniel Taylor,daniel.taylor6942@example.com,44,Male,Lucknow,North,2025-05-10,Active
C06943,Vikram Johnson,vikram.johnson6943@example.com,47,Female,Mumbai,West,2023-08-28,Inactive
C06944,Pooja Anderson,pooja.anderson6944@example.com,44,Male,Hyderabad,South,2023-09-18,Active
C06945,Vikram Taylor,vikram.taylor6945@example.com,18,Male,Patna,East,2023-06-24,Active
C06946,Michael Anderson,michael.anderson6946@example.com,45,Other,Chennai,South,2023-07-02,Active
C06947,Olivia Johnson,olivia.johnson6947@example.com,18,Male,Coimbatore,South,2024-01-01,Active
C06948,Sanjay Williams,sanjay.williams6948@example.com,43,Other,Hyderabad,South,2023-12-29,Active
C06949,Kavya Sharma,kavya.sharma6949@example.com,31,Male,Surat,West,2025-04-14,Active
C06950,Aditya Patel,aditya.patel6950@example.com,42,Female,Pune,West,2025-02-16,Active
C06951,Rahul Mehta,rahul.mehta6951@example.com,21,Other,Mysuru,South,2024-09-06,Active
C06952,Aanya Rao,aanya.rao6952@example.com,46,Other,Bhubaneswar,East,2025-02-07,Active
C06953,Michael Verma,michael.verma6953@example.com,20,Female,Dehradun,North,2023-09-14,Active
C06954,Kavya Rao,kavya.rao6954@example.com,28,Other,Bengaluru,South,2023-10-16,Active
C06955,Daniel Joshi,daniel.joshi6955@example.com,25,Female,Kochi,South,2023-09-21,Active
C06956,William Taylor,,18,Other,Bhubaneswar,East,2025-02-14,Active
C06957,Sneha Sharma,sneha.sharma6957@example.com,35,Other,Jaipur,North,2024-02-25,Active
C06958,Kavya Kapoor,kavya.kapoor6958@example.com,53,Other,Lucknow,North,2023-09-09,Inactive
C06959,Aditya Sharma,aditya.sharma6959@example.com,61,Female,Amritsar,North,2023-02-28,Active
C06960,Isabella Brown,isabella.brown6960@example.com,35,Other,Guwahati,East,2023-04-19,Active
C06961,Ananya Johnson,ananya.johnson6961@example.com,46,Male,Lucknow,North,2023-08-05,Active
C06962,Aanya Davis,aanya.davis6962@example.com,37,Male,Hyderabad,South,2024-05-09,Active
C06963,Varun Moore,varun.moore6963@example.com,39,Male,Ranchi,East,2024-08-04,Active
C06964,Ananya Brown,ananya.brown6964@example.com,31,Female,Chandigarh,North,2025-05-24,Active
C06965,James Mehta,james.mehta6965@example.com,36,Female,Jaipur,North,2024-02-08,Active
C06966,Karan Iyer,karan.iyer6966@example.com,40,Other,Guwahati,East,2024-05-13,Active
C06967,Michael Mehta,michael.mehta6967@example.com,29,Other,Ahmedabad,West,2024-01-23,Active
C06968,Rahul Rao,rahul.rao6968@example.com,34,Female,Chandigarh,North,2024-01-23,Active
C06969,Vikram Kumar,vikram.kumar6969@example.com,34,Male,Ranchi,East,2023-01-07,Active
C06970,Meera Smith,meera.smith6970@example.com,43,Other,Jaipur,North,2023-08-04,Active
C06971,William Singh,william.singh6971@example.com,24,Other,Chennai,South,2024-11-25,Inactive
C06972,Neha Gupta,neha.gupta6972@example.com,34,Other,Kolkata,East,2023-09-10,Active
C06973,Aarav Singh,aarav.singh6973@example.com,54,Female,Chandigarh,North,2024-09-14,Active
C06974,Nikhil Das,nikhil.das6974@example.com,46,Male,Ranchi,East,2024-12-07,Inactive
C06975,Neha Johnson,neha.johnson6975@example.com,48,Male,Goa,West,2023-08-11,Active
C06976,Rohan Joshi,rohan.joshi6976@example.com,35,Female,Chandigarh,North,2024-06-19,Active
C06977,Vikram Miller,vikram.miller6977@example.com,38,Other,Bhubaneswar,East,2023-03-10,Active
C06978,Karan Mehta,karan.mehta6978@example.com,45,Male,Kochi,South,2024-09-16,Inactive
C06979,Sneha Sharma,sneha.sharma6979@example.com,50,Male,Coimbatore,South,2024-10-01,Active
C06980,Divya Das,divya.das6980@example.com,18,Male,Bhubaneswar,East,2025-01-28,Active
C06981,Sanjay Miller,sanjay.miller6981@example.com,21,Other,Mumbai,West,2023-12-21,Active
C06982,Neha Moore,neha.moore6982@example.com,48,Male,Pune,West,2023-04-06,Active
C06983,Neha Malhotra,neha.malhotra6983@example.com,32,Female,Nagpur,West,2023-10-06,Active
C06984,Isabella Miller,isabella.miller6984@example.com,28,Female,Mysuru,South,2025-05-26,Active
C06985,Divya Patel,divya.patel6985@example.com,22,Other,Guwahati,East,2024-03-03,Active
C06986,Neha Das,neha.das6986@example.com,29,Female,Amritsar,North,2025-05-30,Active
C06987,Sneha Davis,sneha.davis6987@example.com,20,Female,Surat,West,2023-04-07,Active
C06988,Rohan Anderson,rohan.anderson6988@example.com,55,Other,Dehradun,North,2023-09-14,Active
C06989,Mia Joshi,mia.joshi6989@example.com,34,Other,Pune,West,2025-05-19,Active
C06990,Sanjay Taylor,sanjay.taylor6990@example.com,34,Male,Delhi,North,2023-10-28,Active
C06991,Meera Davis,meera.davis6991@example.com,40,Other,Ahmedabad,West,2023-10-12,Inactive
C06992,Isabella Moore,isabella.moore6992@example.com,44,Male,Chandigarh,North,2025-04-04,Active
C06993,Nikhil Reddy,nikhil.reddy6993@example.com,44,Other,Nagpur,West,2025-01-06,Active
C06994,Aditya Smith,aditya.smith6994@example.com,45,Female,Chandigarh,North,2023-07-05,Active
C06995,Michael Reddy,michael.reddy6995@example.com,28,Male,Chennai,South,2023-02-02,Active
C06996,Kavya Moore,kavya.moore6996@example.com,32,Female,Ranchi,East,2024-04-05,Inactive
C06997,Karan Iyer,karan.iyer6997@example.com,42,Female,Jaipur,North,2024-12-11,Active
C06998,Rahul Anderson,rahul.anderson6998@example.com,29,Other,Amritsar,North,2025-05-10,Active
C06999,Divya Miller,divya.miller6999@example.com,34,Other,Goa,West,2024-06-05,Active
C07000,Varun Wilson,varun.wilson7000@example.com,38,Other,Chennai,South,2023-03-07,Active
C07001,Daniel Smith,daniel.smith7001@example.com,42,Female,Mumbai,West,2023-04-13,Active
C07002,Michael Iyer,michael.iyer7002@example.com,18,Female,Guwahati,East,2023-07-17,Active
C07003,James Mehta,james.mehta7003@example.com,42,Male,Hyderabad,South,2024-04-11,Inactive
C07004,Sanjay Iyer,sanjay.iyer7004@example.com,32,Female,Hyderabad,South,2024-08-02,Active
C07005,Pooja Kumar,pooja.kumar7005@example.com,42,Female,Mumbai,West,2025-02-08,Active
C07006,Kavya Moore,kavya.moore7006@example.com,42,Male,Patna,East,2023-10-05,Active
C07007,Aanya Taylor,aanya.taylor7007@example.com,51,Other,Delhi,North,2023-10-06,Active
C07008,Meera Patel,meera.patel7008@example.com,48,Male,Ahmedabad,West,2023-09-02,Active
C07009,Emma Kapoor,emma.kapoor7009@example.com,48,Female,Delhi,North,2025-03-05,Active
C07010,Varun Kapoor,varun.kapoor7010@example.com,49,Other,Pune,West,2025-01-28,Active
C07011,Rahul Malhotra,rahul.malhotra7011@example.com,37,Male,Patna,East,2025-01-30,Active
C07012,William Taylor,william.taylor7012@example.com,35,Other,Goa,West,2023-06-02,Inactive
C07013,Sophia Miller,sophia.miller7013@example.com,43,Other,Kolkata,East,2024-05-06,Active
C07014,Daniel Iyer,daniel.iyer7014@example.com,42,Female,Surat,West,2024-04-01,Active
C07015,David Malhotra,david.malhotra7015@example.com,31,Other,Guwahati,East,2024-12-20,Inactive
C07016,Pooja Reddy,pooja.reddy7016@example.com,39,Male,Mysuru,South,2025-05-09,Active
C07017,Emma Moore,emma.moore7017@example.com,34,Male,Coimbatore,South,2023-12-30,Active
C07018,James Brown,james.brown7018@example.com,26,Female,Chandigarh,North,2023-05-04,Active
C07019,Karan Sharma,karan.sharma7019@example.com,47,Other,Mysuru,South,2023-04-20,Active
C07020,Aarav Mehta,aarav.mehta7020@example.com,35,Male,Mysuru,South,2023-06-11,Active
C07021,Neha Kumar,neha.kumar7021@example.com,55,Male,Delhi,North,2023-04-12,Active
C07022,Nikhil Das,nikhil.das7022@example.com,18,Male,Surat,West,2024-05-06,Active
C07023,Ananya Singh,ananya.singh7023@example.com,29,Female,Chandigarh,North,2024-08-12,Inactive
C07024,Nikhil Kapoor,nikhil.kapoor7024@example.com,35,Male,Mumbai,West,2025-01-29,Inactive
C07025,Isabella Anderson,isabella.anderson7025@example.com,46,Female,Chandigarh,North,2023-07-02,Inactive
C07026,Varun Taylor,varun.taylor7026@example.com,38,Other,Pune,West,2023-01-25,Active
C07027,Kavya Miller,kavya.miller7027@example.com,38,Male,Coimbatore,South,2024-05-13,Inactive
C07028,Karan Singh,karan.singh7028@example.com,23,Male,Surat,West,2025-05-18,Inactive
C07029,Emma Das,emma.das7029@example.com,23,Female,Jaipur,North,2023-09-10,Inactive
C07030,Sneha Williams,sneha.williams7030@example.com,38,Male,Nagpur,West,2023-11-23,Active
C07031,David Brown,david.brown7031@example.com,21,Male,Ahmedabad,West,2023-12-10,Active
C07032,Sophia Malhotra,sophia.malhotra7032@example.com,29,Other,Ranchi,East,2023-06-11,Inactive
C07033,Rohan Kapoor,rohan.kapoor7033@example.com,40,Other,Dehradun,North,2023-01-22,Active
C07034,James Moore,james.moore7034@example.com,25,Female,Lucknow,North,2023-02-03,Active
C07035,Mia Reddy,mia.reddy7035@example.com,51,Male,Kochi,South,2023-09-21,Active
C07036,Arjun Singh,arjun.singh7036@example.com,47,Male,Pune,West,2025-03-22,Active
C07037,Meera Joshi,meera.joshi7037@example.com,19,Female,Dehradun,North,2024-03-21,Active
C07038,Daniel Sharma,daniel.sharma7038@example.com,25,Female,Patna,East,2023-08-28,Active
C07039,Priya Miller,priya.miller7039@example.com,18,Other,Chennai,South,2023-04-27,Active
C07040,Vikram Rao,vikram.rao7040@example.com,27,Female,Goa,West,2023-08-18,Active
C07041,Nikhil Johnson,nikhil.johnson7041@example.com,42,Other,Mumbai,West,2023-01-13,Active
C07042,Sanjay Patel,sanjay.patel7042@example.com,30,Female,Jaipur,North,2024-04-08,Active
C07043,Karan Anderson,karan.anderson7043@example.com,39,Female,Jaipur,North,2025-05-27,Active
C07044,Ishita Iyer,ishita.iyer7044@example.com,19,Female,Ahmedabad,West,2023-05-17,Active
C07045,Aarav Malhotra,aarav.malhotra7045@example.com,42,Male,Kolkata,East,2025-01-22,Active
C07046,Aarav Das,aarav.das7046@example.com,29,Male,Ranchi,East,2024-09-29,Inactive
C07047,Karan Johnson,karan.johnson7047@example.com,35,Female,Amritsar,North,2025-06-29,Active
C07048,Rahul Anderson,rahul.anderson7048@example.com,34,Male,Kolkata,East,2023-12-18,Inactive
C07049,Priya Iyer,priya.iyer7049@example.com,22,Other,Nagpur,West,2024-02-11,Active
C07050,Aditya Kapoor,aditya.kapoor7050@example.com,23,Male,Pune,West,2023-02-05,Active
C07051,Olivia Das,olivia.das7051@example.com,44,Male,Chennai,South,2024-01-10,Active
C07052,Ishita Reddy,ishita.reddy7052@example.com,38,Other,Nagpur,West,2023-07-25,Active
C07053,Aditya Gupta,aditya.gupta7053@example.com,45,Male,Guwahati,East,2025-05-05,Inactive
C07054,Vikram Anderson,vikram.anderson7054@example.com,38,Female,Pune,West,2025-04-06,Inactive
C07055,Arjun Davis,arjun.davis7055@example.com,36,Female,Dehradun,North,2024-03-09,Active
C07056,Vikram Kapoor,vikram.kapoor7056@example.com,18,Male,Jaipur,North,2024-02-11,Active
C07057,Aditya Singh,aditya.singh7057@example.com,32,Other,Mumbai,West,2025-04-03,Inactive
C07058,Rahul Singh,rahul.singh7058@example.com,34,Male,Bhubaneswar,East,2025-05-17,Active
C07059,Aanya Taylor,aanya.taylor7059@example.com,54,Other,Ranchi,East,2024-06-06,Active
C07060,Vikram Smith,vikram.smith7060@example.com,41,Other,Delhi,North,2023-04-21,Active
C07061,Divya Johnson,divya.johnson7061@example.com,50,Other,Mumbai,West,2023-10-07,Active
C07062,Nikhil Anderson,nikhil.anderson7062@example.com,40,Female,Bhubaneswar,East,2024-07-21,Active
C07063,David Joshi,david.joshi7063@example.com,27,Other,Jaipur,North,2023-04-23,Active
C07064,Emma Sharma,emma.sharma7064@example.com,36,Other,Hyderabad,South,2025-05-22,Active
C07065,Isabella Miller,isabella.miller7065@example.com,37,Other,Lucknow,North,2023-02-12,Active
C07066,Rohan Gupta,rohan.gupta7066@example.com,25,Female,Kolkata,East,2024-12-30,Inactive
C07067,Kavya Taylor,kavya.taylor7067@example.com,31,Male,Kolkata,East,2024-12-12,Active
C07068,Karan Moore,karan.moore7068@example.com,32,Male,Lucknow,North,2023-12-16,Inactive
C07069,Varun Patel,varun.patel7069@example.com,51,Other,Goa,West,2023-07-08,Inactive
C07070,Ananya Kapoor,ananya.kapoor7070@example.com,18,Other,Hyderabad,South,2024-02-29,Active
C07071,David Singh,david.singh7071@example.com,47,Other,Mumbai,West,2023-03-18,Active
C07072,Nikhil Kapoor,nikhil.kapoor7072@example.com,25,Female,Ranchi,East,2023-05-28,Active
C07073,Olivia Taylor,olivia.taylor7073@example.com,21,Other,Mysuru,South,2023-12-22,Active
C07074,Michael Verma,michael.verma7074@example.com,46,Male,Kochi,South,2024-04-13,Active
C07075,Sanjay Johnson,sanjay.johnson7075@example.com,42,Female,Guwahati,East,2024-08-21,Inactive
C07076,Arjun Verma,arjun.verma7076@example.com,47,Female,Guwahati,East,2023-01-05,Inactive
C07077,Sneha Rao,sneha.rao7077@example.com,43,Male,Hyderabad,South,2025-01-11,Inactive
C07078,Meera Wilson,meera.wilson7078@example.com,55,Female,Ahmedabad,West,2024-05-22,Active
C07079,Karan Das,karan.das7079@example.com,40,Female,Chandigarh,North,2025-05-21,Inactive
C07080,Aarav Nair,aarav.nair7080@example.com,33,Other,Jaipur,North,2024-09-30,Active
C07081,Sneha Smith,sneha.smith7081@example.com,38,Other,Lucknow,North,2024-11-22,Active
C07082,Karan Mehta,karan.mehta7082@example.com,47,Female,Kolkata,East,2023-02-10,Active
C07083,James Williams,james.williams7083@example.com,27,Female,Mysuru,South,2023-07-14,Active
C07084,Isabella Rao,isabella.rao7084@example.com,28,Male,Bengaluru,South,2024-04-28,Inactive
C07085,Mia Brown,mia.brown7085@example.com,31,Female,Guwahati,East,2023-09-18,Active
C07086,Ananya Gupta,ananya.gupta7086@example.com,18,Other,Kochi,South,2025-06-06,Active
C07087,Vikram Iyer,vikram.iyer7087@example.com,36,Other,Ranchi,East,2024-02-11,Active
C07088,Aditya Smith,aditya.smith7088@example.com,18,Male,Dehradun,North,2024-08-13,Active
C07089,Sneha Das,sneha.das7089@example.com,35,Female,Amritsar,North,2024-10-10,Active
C07090,Olivia Miller,olivia.miller7090@example.com,43,Female,Bhubaneswar,East,2024-06-11,Active
C07091,Priya Sharma,priya.sharma7091@example.com,30,Female,Amritsar,North,2024-09-18,Active
C07092,Rohan Verma,rohan.verma7092@example.com,51,Female,Goa,West,2024-11-11,Inactive
C07093,Nikhil Kapoor,nikhil.kapoor7093@example.com,20,Other,Pune,West,2023-06-17,Active
C07094,Sneha Reddy,sneha.reddy7094@example.com,46,Male,Goa,West,2024-04-26,Active
C07095,Kavya Gupta,kavya.gupta7095@example.com,41,Other,Kolkata,East,2025-01-27,Active
C07096,Daniel Brown,daniel.brown7096@example.com,18,Other,Patna,East,2025-04-20,Active
C07097,David Singh,david.singh7097@example.com,62,Other,Jaipur,North,2023-01-19,Active
C07098,Arjun Wilson,arjun.wilson7098@example.com,34,Male,Surat,West,2024-03-06,Active
C07099,Isabella Sharma,isabella.sharma7099@example.com,26,Male,Patna,East,2025-02-05,Active
C07100,Nikhil Rao,nikhil.rao7100@example.com,20,Female,Patna,East,2024-11-13,Active
C07101,Neha Moore,neha.moore7101@example.com,32,Male,Dehradun,North,2024-09-28,Active
C07102,Sneha Taylor,sneha.taylor7102@example.com,33,Other,Bengaluru,South,2023-05-07,Inactive
C07103,Emma Kapoor,emma.kapoor7103@example.com,36,Female,Nagpur,West,2025-05-27,Active
C07104,Meera Miller,meera.miller7104@example.com,32,Female,Chandigarh,North,2025-02-01,Active
C07105,Daniel Singh,daniel.singh7105@example.com,41,Male,Nagpur,West,2024-12-30,Inactive
C07106,Isabella Patel,isabella.patel7106@example.com,31,Female,Dehradun,North,2023-01-02,Active
C07107,Emma Malhotra,emma.malhotra7107@example.com,18,Other,Bhubaneswar,East,2023-06-27,Active
C07108,Kavya Malhotra,kavya.malhotra7108@example.com,33,Female,Dehradun,North,2024-12-29,Active
C07109,Rohan Taylor,rohan.taylor7109@example.com,18,Female,Bhubaneswar,East,2023-05-26,Active
C07110,Sneha Davis,sneha.davis7110@example.com,38,Male,Coimbatore,South,2023-05-18,Active
C07111,Pooja Malhotra,pooja.malhotra7111@example.com,25,Male,Ranchi,East,2024-04-11,Active
C07112,Olivia Iyer,olivia.iyer7112@example.com,36,Male,Ranchi,East,2023-06-18,Inactive
C07113,Arjun Kumar,arjun.kumar7113@example.com,48,Female,Bhubaneswar,East,2024-06-22,Active
C07114,James Joshi,james.joshi7114@example.com,25,Male,Jaipur,North,2024-06-27,Active
C07115,Michael Johnson,michael.johnson7115@example.com,45,Female,Nagpur,West,2024-07-09,Inactive
C07116,Sophia Sharma,sophia.sharma7116@example.com,30,Other,Bhubaneswar,East,2025-03-25,Active
C07117,David Moore,david.moore7117@example.com,52,Other,Ahmedabad,West,2024-12-09,Inactive
C07118,Olivia Smith,olivia.smith7118@example.com,31,Other,Chennai,South,2023-11-15,Active
C07119,David Joshi,david.joshi7119@example.com,26,Other,Mumbai,West,2024-12-19,Inactive
C07120,Varun Verma,varun.verma7120@example.com,41,Other,Mysuru,South,2023-12-15,Active
C07121,Mia Iyer,mia.iyer7121@example.com,30,Female,Jaipur,North,2024-02-22,Active
C07122,Olivia Moore,olivia.moore7122@example.com,26,Other,Nagpur,West,2024-04-30,Active
C07123,Emma Malhotra,emma.malhotra7123@example.com,30,Other,Ranchi,East,2024-04-08,Active
C07124,Michael Williams,michael.williams7124@example.com,34,Other,Amritsar,North,2025-03-17,Active
C07125,Mia Reddy,mia.reddy7125@example.com,48,Male,Nagpur,West,2025-06-09,Active
C07126,Sophia Williams,sophia.williams7126@example.com,18,Male,Patna,East,2024-12-22,Inactive
C07127,Kavya Iyer,kavya.iyer7127@example.com,35,Other,Dehradun,North,2024-03-24,Active
C07128,Arjun Davis,arjun.davis7128@example.com,41,Female,Kolkata,East,2024-04-16,Active
C07129,Meera Singh,meera.singh7129@example.com,36,Female,Goa,West,2024-11-21,Active
C07130,Neha Anderson,neha.anderson7130@example.com,48,Other,Ahmedabad,West,2024-09-29,Inactive
C07131,Arjun Moore,arjun.moore7131@example.com,34,Female,Goa,West,2024-07-21,Active
C07132,Aarav Patel,aarav.patel7132@example.com,33,Other,Bengaluru,South,2025-01-05,Active
C07133,Ananya Taylor,ananya.taylor7133@example.com,40,Female,Delhi,North,2023-07-02,Active
C07134,Meera Davis,meera.davis7134@example.com,35,Male,Nagpur,West,2024-02-09,Active
C07135,Pooja Iyer,pooja.iyer7135@example.com,31,Other,Lucknow,North,2023-12-15,Active
C07136,James Joshi,james.joshi7136@example.com,40,Female,Amritsar,North,2023-04-11,Active
C07137,Sanjay Sharma,sanjay.sharma7137@example.com,28,Male,Dehradun,North,2024-12-31,Active
C07138,James Brown,james.brown7138@example.com,28,Male,Guwahati,East,2023-10-07,Active
C07139,Isabella Wilson,isabella.wilson7139@example.com,29,Other,Kochi,South,2023-10-28,Inactive
C07140,Ishita Moore,ishita.moore7140@example.com,48,Other,Surat,West,2023-05-12,Active
C07141,Ishita Kumar,ishita.kumar7141@example.com,18,Female,Hyderabad,South,2023-05-08,Active
C07142,Aditya Reddy,aditya.reddy7142@example.com,38,Male,Mysuru,South,2024-10-30,Active
C07143,Michael Rao,michael.rao7143@example.com,35,Female,Bhubaneswar,East,2023-08-26,Inactive
C07144,Olivia Malhotra,olivia.malhotra7144@example.com,18,Other,Ahmedabad,West,2024-05-10,Active
C07145,David Taylor,david.taylor7145@example.com,38,Male,Chennai,South,2024-02-02,Active
C07146,Isabella Brown,isabella.brown7146@example.com,39,Female,Guwahati,East,2023-02-19,Active
C07147,Neha Moore,neha.moore7147@example.com,40,Other,Delhi,North,2024-08-27,Active
C07148,Aarav Brown,aarav.brown7148@example.com,18,Female,Lucknow,North,2023-03-18,Active
C07149,Aarav Kapoor,aarav.kapoor7149@example.com,48,Male,Coimbatore,South,2024-11-07,Inactive
C07150,William Mehta,william.mehta7150@example.com,27,Female,Chandigarh,North,2024-02-07,Inactive
C07151,Michael Brown,michael.brown7151@example.com,41,Other,Goa,West,2023-10-07,Active
C07152,Ananya Anderson,ananya.anderson7152@example.com,42,Male,Chandigarh,North,2023-10-24,Active
C07153,Meera Smith,meera.smith7153@example.com,26,Other,Ranchi,East,2025-04-09,Active
C07154,Rahul Das,rahul.das7154@example.com,41,Male,Jaipur,North,2024-02-01,Inactive
C07155,David Das,david.das7155@example.com,31,Female,Bhubaneswar,East,2024-06-28,Active
C07156,Rohan Iyer,rohan.iyer7156@example.com,18,Other,Surat,West,2023-01-11,Active
C07157,Aanya Wilson,aanya.wilson7157@example.com,46,Female,Dehradun,North,2023-06-30,Active
C07158,Divya Nair,divya.nair7158@example.com,27,Female,Mysuru,South,2025-05-11,Active
C07159,Olivia Reddy,olivia.reddy7159@example.com,26,Male,Nagpur,West,2024-11-27,Active
C07160,James Miller,james.miller7160@example.com,30,Other,Guwahati,East,2023-07-29,Active
C07161,Michael Williams,michael.williams7161@example.com,37,Female,Hyderabad,South,2023-06-30,Inactive
C07162,Karan Moore,karan.moore7162@example.com,34,Female,Ahmedabad,West,2023-09-19,Active
C07163,Aditya Reddy,aditya.reddy7163@example.com,40,Other,Amritsar,North,2024-09-11,Inactive
C07164,Rohan Sharma,rohan.sharma7164@example.com,21,Male,Surat,West,2024-10-29,Active
C07165,James Kumar,james.kumar7165@example.com,27,Male,Pune,West,2024-01-03,Active
C07166,Aanya Malhotra,aanya.malhotra7166@example.com,33,Other,Ahmedabad,West,2024-04-18,Inactive
C07167,William Smith,william.smith7167@example.com,53,Male,Lucknow,North,2023-04-03,Active
C07168,Isabella Moore,isabella.moore7168@example.com,33,Other,Bhubaneswar,East,2024-05-02,Active
C07169,Meera Das,meera.das7169@example.com,45,Male,Coimbatore,South,2024-05-09,Inactive
C07170,Aditya Williams,aditya.williams7170@example.com,35,Other,Coimbatore,South,2024-07-11,Active
C07171,James Patel,james.patel7171@example.com,30,Female,Surat,West,2024-01-05,Active
C07172,Arjun Verma,arjun.verma7172@example.com,32,Other,Chandigarh,North,2024-08-24,Inactive
C07173,Michael Davis,michael.davis7173@example.com,33,Male,Goa,West,2023-11-30,Active
C07174,Aarav Patel,aarav.patel7174@example.com,41,Other,Kochi,South,2023-05-11,Active
C07175,William Kumar,william.kumar7175@example.com,48,Male,Mysuru,South,2023-05-12,Active
C07176,William Mehta,william.mehta7176@example.com,38,Female,Kochi,South,2023-01-21,Active
C07177,Michael Johnson,michael.johnson7177@example.com,46,Other,Kochi,South,2023-10-22,Active
C07178,Arjun Moore,arjun.moore7178@example.com,25,Male,Surat,West,2025-01-29,Active
C07179,Vikram Verma,vikram.verma7179@example.com,30,Other,Amritsar,North,2024-10-02,Active
C07180,Varun Das,varun.das7180@example.com,27,Female,Dehradun,North,2025-02-09,Active
C07181,Mia Das,mia.das7181@example.com,38,Female,Nagpur,West,2024-07-25,Active
C07182,James Das,james.das7182@example.com,31,Female,Bengaluru,South,2025-06-23,Active
C07183,Pooja Wilson,pooja.wilson7183@example.com,42,Male,Guwahati,East,2025-06-09,Inactive
C07184,Aarav Wilson,aarav.wilson7184@example.com,25,Male,Pune,West,2025-02-25,Active
C07185,Mia Rao,mia.rao7185@example.com,35,Male,Coimbatore,South,2024-01-01,Inactive
C07186,Divya Brown,divya.brown7186@example.com,41,Male,Goa,West,2024-01-19,Active
C07187,Sophia Davis,sophia.davis7187@example.com,18,Other,Chennai,South,2024-02-24,Active
C07188,Sanjay Wilson,sanjay.wilson7188@example.com,56,Female,Kochi,South,2025-05-20,Active
C07189,Vikram Wilson,vikram.wilson7189@example.com,32,Female,Ranchi,East,2023-11-25,Active
C07190,Sneha Kumar,sneha.kumar7190@example.com,18,Male,Coimbatore,South,2023-05-06,Inactive
C07191,Sanjay Johnson,sanjay.johnson7191@example.com,36,Male,Kolkata,East,2024-07-06,Active
C07192,Neha Das,neha.das7192@example.com,35,Male,Nagpur,West,2025-02-04,Active
C07193,Aarav Iyer,aarav.iyer7193@example.com,34,Other,Dehradun,North,2023-01-11,Active
C07194,Divya Brown,divya.brown7194@example.com,44,Female,Surat,West,2023-09-17,Active
C07195,Rohan Malhotra,rohan.malhotra7195@example.com,42,Other,Amritsar,North,2025-04-10,Active
C07196,Rohan Joshi,rohan.joshi7196@example.com,37,Other,Surat,West,2023-10-30,Active
C07197,Mia Rao,mia.rao7197@example.com,39,Male,Bhubaneswar,East,2023-11-04,Active
C07198,Emma Williams,emma.williams7198@example.com,33,Female,Ahmedabad,West,2023-08-23,Active
C07199,David Singh,david.singh7199@example.com,52,Male,Goa,West,2025-03-23,Inactive
C07200,Sanjay Kumar,sanjay.kumar7200@example.com,20,Other,Pune,West,2023-03-18,Active
C07201,Pooja Nair,pooja.nair7201@example.com,36,Male,Bengaluru,South,2024-07-16,Inactive
C07202,Neha Iyer,neha.iyer7202@example.com,35,Male,Pune,West,2023-11-27,Inactive
C07203,Neha Sharma,neha.sharma7203@example.com,43,Female,Amritsar,North,2024-10-10,Active
C07204,Michael Kapoor,michael.kapoor7204@example.com,26,Male,Pune,West,2024-10-01,Active
C07205,Divya Reddy,divya.reddy7205@example.com,18,Female,Pune,West,2023-12-30,Inactive
C07206,Sneha Kapoor,sneha.kapoor7206@example.com,36,Female,Surat,West,2023-01-17,Active
C07207,Ananya Davis,ananya.davis7207@example.com,37,Other,Guwahati,East,2023-04-06,Active
C07208,Emma Rao,emma.rao7208@example.com,49,Female,Ranchi,East,2024-03-22,Active
C07209,Sanjay Smith,sanjay.smith7209@example.com,22,Female,Nagpur,West,2024-06-20,Active
C07210,Emma Davis,emma.davis7210@example.com,46,Other,Guwahati,East,2024-11-27,Active
C07211,Ananya Rao,ananya.rao7211@example.com,58,Male,Ranchi,East,2025-03-29,Active
C07212,Vikram Taylor,vikram.taylor7212@example.com,31,Other,Patna,East,2024-02-04,Active
C07213,Isabella Williams,isabella.williams7213@example.com,22,Female,Pune,West,2023-07-05,Active
C07214,Pooja Brown,pooja.brown7214@example.com,30,Female,Ranchi,East,2023-08-31,Active
C07215,Rahul Rao,rahul.rao7215@example.com,35,Other,Hyderabad,South,2023-10-08,Active
C07216,Karan Reddy,karan.reddy7216@example.com,40,Other,Ahmedabad,West,2023-03-25,Inactive
C07217,Ishita Brown,ishita.brown7217@example.com,29,Other,Ahmedabad,West,2025-06-10,Active
C07218,Emma Verma,emma.verma7218@example.com,50,Other,Bengaluru,South,2023-02-11,Active
C07219,Aditya Williams,aditya.williams7219@example.com,23,Male,Delhi,North,2023-11-24,Active
C07220,Sneha Joshi,sneha.joshi7220@example.com,18,Female,Chandigarh,North,2024-07-17,Active
C07221,Emma Williams,emma.williams7221@example.com,46,Male,Lucknow,North,2024-08-08,Active
C07222,Neha Kapoor,neha.kapoor7222@example.com,18,Male,Bhubaneswar,East,2025-05-30,Active
C07223,Rahul Gupta,rahul.gupta7223@example.com,32,Other,Mumbai,West,2023-08-28,Active
C07224,Aditya Rao,aditya.rao7224@example.com,66,Male,Chandigarh,North,2024-01-16,Inactive
C07225,Ishita Davis,ishita.davis7225@example.com,34,Female,Mysuru,South,2023-11-18,Inactive
C07226,Karan Verma,karan.verma7226@example.com,23,Other,Amritsar,North,2023-07-10,Active
C07227,Karan Sharma,karan.sharma7227@example.com,34,Other,Amritsar,North,2024-05-16,Active
C07228,Sanjay Miller,sanjay.miller7228@example.com,34,Other,Ranchi,East,2023-05-30,Active
C07229,Nikhil Kapoor,nikhil.kapoor7229@example.com,36,Male,Pune,West,2023-02-18,Active
C07230,Sneha Williams,sneha.williams7230@example.com,41,Other,Surat,West,2025-04-12,Active
C07231,Isabella Joshi,isabella.joshi7231@example.com,24,Female,Kochi,South,2023-01-28,Active
C07232,Sophia Iyer,sophia.iyer7232@example.com,51,Female,Goa,West,2023-01-12,Active
C07233,Daniel Nair,daniel.nair7233@example.com,37,Female,Dehradun,North,2024-01-08,Active
C07234,Rahul Davis,rahul.davis7234@example.com,42,Female,Nagpur,West,2023-06-10,Inactive
C07235,Arjun Sharma,arjun.sharma7235@example.com,28,Female,Dehradun,North,2024-09-18,Active
C07236,Rahul Joshi,rahul.joshi7236@example.com,47,Female,Mysuru,South,2023-06-01,Active
C07237,Neha Joshi,neha.joshi7237@example.com,32,Male,Chennai,South,2023-01-17,Active
C07238,Emma Das,emma.das7238@example.com,37,Female,Kolkata,East,2024-05-26,Active
C07239,Aditya Gupta,aditya.gupta7239@example.com,25,Other,Surat,West,2024-07-18,Inactive
C07240,Vikram Miller,vikram.miller7240@example.com,25,Female,Pune,West,2024-07-20,Active
C07241,Aanya Smith,aanya.smith7241@example.com,41,Other,Nagpur,West,2024-05-27,Active
C07242,James Iyer,james.iyer7242@example.com,30,Male,Ahmedabad,West,2024-12-08,Active
C07243,Rohan Taylor,rohan.taylor7243@example.com,26,Female,Lucknow,North,2023-12-13,Active
C07244,Meera Smith,meera.smith7244@example.com,28,Male,Pune,West,2025-06-10,Active
C07245,Michael Malhotra,michael.malhotra7245@example.com,41,Other,Kolkata,East,2024-12-15,Inactive
C07246,Sophia Gupta,sophia.gupta7246@example.com,28,Male,Kolkata,East,2024-02-23,Active
C07247,Arjun Anderson,arjun.anderson7247@example.com,33,Male,Pune,West,2024-07-01,Active
C07248,Sneha Johnson,sneha.johnson7248@example.com,35,Female,Goa,West,2025-03-11,Active
C07249,Isabella Smith,isabella.smith7249@example.com,18,Female,Kochi,South,2023-08-18,Active
C07250,Neha Taylor,neha.taylor7250@example.com,20,Other,Hyderabad,South,2023-06-24,Active
C07251,Ananya Brown,ananya.brown7251@example.com,38,Male,Kochi,South,2023-01-03,Inactive
C07252,Rohan Williams,rohan.williams7252@example.com,27,Male,Nagpur,West,2025-04-28,Inactive
C07253,Rohan Patel,rohan.patel7253@example.com,45,Female,Guwahati,East,2024-07-26,Active
C07254,Michael Anderson,michael.anderson7254@example.com,44,Other,Kochi,South,2023-05-07,Active
C07255,Kavya Joshi,kavya.joshi7255@example.com,42,Female,Bengaluru,South,2023-12-11,Active
C07256,Pooja Brown,pooja.brown7256@example.com,53,Female,Chandigarh,North,2023-12-25,Active
C07257,Emma Anderson,emma.anderson7257@example.com,34,Female,Pune,West,2023-10-25,Active
C07258,Emma Anderson,emma.anderson7258@example.com,41,Other,Lucknow,North,2024-11-16,Inactive
C07259,Rahul Das,rahul.das7259@example.com,29,Male,Nagpur,West,2023-10-28,Active
C07260,Daniel Davis,daniel.davis7260@example.com,59,Other,Guwahati,East,2024-05-29,Active
C07261,Kavya Iyer,kavya.iyer7261@example.com,54,Female,Dehradun,North,2024-06-25,Active
C07262,Pooja Smith,pooja.smith7262@example.com,35,Female,Chennai,South,2025-02-13,Active
C07263,Rahul Patel,rahul.patel7263@example.com,38,Other,Nagpur,West,2023-01-22,Active
C07264,Sophia Nair,sophia.nair7264@example.com,48,Male,Delhi,North,2024-01-14,Active
C07265,Mia Anderson,mia.anderson7265@example.com,33,Female,Nagpur,West,2024-08-16,Active
C07266,Aarav Smith,aarav.smith7266@example.com,28,Other,Surat,West,2023-05-02,Active
C07267,Aditya Miller,aditya.miller7267@example.com,43,Female,Delhi,North,2024-10-06,Active
C07268,Sneha Miller,sneha.miller7268@example.com,35,Female,Mumbai,West,2023-01-18,Active
C07269,Daniel Das,daniel.das7269@example.com,36,Male,Nagpur,West,2023-02-13,Active
C07270,Kavya Nair,kavya.nair7270@example.com,26,Male,Patna,East,2024-10-18,Active
C07271,Daniel Brown,daniel.brown7271@example.com,18,Male,Bengaluru,South,2024-02-20,Inactive
C07272,Karan Nair,karan.nair7272@example.com,37,Other,Dehradun,North,2025-03-19,Active
C07273,Meera Miller,meera.miller7273@example.com,44,Female,Chennai,South,2025-01-26,Active
C07274,Sneha Miller,sneha.miller7274@example.com,32,Female,Dehradun,North,2023-08-05,Active
C07275,Pooja Singh,pooja.singh7275@example.com,49,Male,Ahmedabad,West,2023-11-08,Active
C07276,Aanya Smith,aanya.smith7276@example.com,27,Other,Chandigarh,North,2023-08-15,Active
C07277,Isabella Miller,isabella.miller7277@example.com,24,Other,Lucknow,North,2023-07-08,Active
C07278,James Rao,james.rao7278@example.com,34,Other,Surat,West,2024-09-14,Active
C07279,Aanya Mehta,,34,Female,Dehradun,North,2023-08-05,Active
C07280,James Taylor,james.taylor7280@example.com,42,Other,Lucknow,North,2025-06-07,Active
C07281,Daniel Verma,daniel.verma7281@example.com,27,Female,Surat,West,2023-04-17,Active
C07282,Emma Malhotra,emma.malhotra7282@example.com,48,Male,Mumbai,West,2024-08-01,Active
C07283,Arjun Brown,arjun.brown7283@example.com,54,Male,Pune,West,2024-08-27,Active
C07284,Meera Johnson,meera.johnson7284@example.com,34,Other,Chandigarh,North,2023-04-16,Active
C07285,Isabella Miller,isabella.miller7285@example.com,47,Other,Jaipur,North,2023-10-29,Active
C07286,Priya Johnson,priya.johnson7286@example.com,24,Male,Dehradun,North,2024-01-09,Active
C07287,Aditya Mehta,aditya.mehta7287@example.com,45,Female,Ahmedabad,West,2024-01-30,Inactive
C07288,Sneha Kumar,sneha.kumar7288@example.com,45,Male,Ranchi,East,2025-06-05,Active
C07289,Rahul Malhotra,rahul.malhotra7289@example.com,43,Female,Mumbai,West,2024-08-30,Active
C07290,Michael Verma,michael.verma7290@example.com,34,Other,Pune,West,2023-12-30,Inactive
C07291,Vikram Das,vikram.das7291@example.com,18,Male,Ranchi,East,2024-07-22,Active
C07292,Nikhil Rao,nikhil.rao7292@example.com,28,Other,Mumbai,West,2023-08-14,Active
C07293,Ananya Kapoor,ananya.kapoor7293@example.com,28,Male,Ranchi,East,2023-10-12,Active
C07294,William Anderson,william.anderson7294@example.com,25,Female,Lucknow,North,2024-04-03,Active
C07295,Aanya Mehta,aanya.mehta7295@example.com,36,Female,Ahmedabad,West,2025-02-23,Active
C07296,Vikram Nair,vikram.nair7296@example.com,30,Female,Kochi,South,2024-11-29,Active
C07297,David Kapoor,david.kapoor7297@example.com,26,Other,Coimbatore,South,2024-09-02,Active
C07298,Arjun Wilson,arjun.wilson7298@example.com,24,Other,Patna,East,2025-05-09,Active
C07299,Mia Taylor,mia.taylor7299@example.com,27,Female,Jaipur,North,2024-07-25,Active
C07300,Rahul Sharma,rahul.sharma7300@example.com,46,Other,Surat,West,2023-07-13,Active
C07301,Sneha Davis,sneha.davis7301@example.com,28,Female,Kochi,South,2023-11-30,Active
C07302,William Brown,william.brown7302@example.com,29,Other,Bhubaneswar,East,2024-03-02,Active
C07303,Olivia Wilson,olivia.wilson7303@example.com,30,Male,Ahmedabad,West,2023-11-15,Active
C07304,Sophia Verma,sophia.verma7304@example.com,38,Female,Kolkata,East,2024-12-11,Active
C07305,Neha Singh,neha.singh7305@example.com,39,Female,Bhubaneswar,East,2023-12-28,Active
C07306,Rohan Singh,rohan.singh7306@example.com,18,Female,Amritsar,North,2025-01-07,Active
C07307,Kavya Mehta,kavya.mehta7307@example.com,45,Male,Jaipur,North,2025-06-02,Active
C07308,William Sharma,william.sharma7308@example.com,49,Other,Kolkata,East,2024-11-14,Active
C07309,Ishita Anderson,ishita.anderson7309@example.com,24,Male,Mysuru,South,2025-06-06,Active
C07310,Karan Johnson,karan.johnson7310@example.com,25,Other,Lucknow,North,2024-10-15,Active
C07311,Mia Verma,mia.verma7311@example.com,30,Other,Guwahati,East,2023-01-14,Active
C07312,Rahul Joshi,rahul.joshi7312@example.com,27,Male,Mumbai,West,2023-07-30,Active
C07313,Divya Gupta,divya.gupta7313@example.com,37,Female,Mysuru,South,2024-06-26,Inactive
C07314,Meera Brown,meera.brown7314@example.com,18,Male,Bengaluru,South,2024-04-07,Active
C07315,Rahul Malhotra,rahul.malhotra7315@example.com,23,Female,Kochi,South,2025-01-08,Active
C07316,David Davis,david.davis7316@example.com,50,Female,Ranchi,East,2024-06-02,Active
C07317,Daniel Nair,daniel.nair7317@example.com,25,Female,Amritsar,North,2024-07-04,Inactive
C07318,Varun Wilson,varun.wilson7318@example.com,47,Male,Ahmedabad,West,2024-08-11,Active
C07319,Rohan Kapoor,rohan.kapoor7319@example.com,38,Female,Hyderabad,South,2023-12-21,Active
C07320,Isabella Taylor,isabella.taylor7320@example.com,18,Female,Pune,West,2024-02-23,Active
C07321,Aditya Rao,aditya.rao7321@example.com,41,Female,Dehradun,North,2024-10-26,Active
C07322,Sanjay Gupta,sanjay.gupta7322@example.com,33,Male,Nagpur,West,2023-02-02,Active
C07323,David Moore,david.moore7323@example.com,30,Other,Mumbai,West,2025-03-06,Active
C07324,Nikhil Davis,nikhil.davis7324@example.com,37,Male,Chandigarh,North,2023-12-16,Active
C07325,Kavya Wilson,kavya.wilson7325@example.com,39,Other,Jaipur,North,2023-08-15,Active
C07326,Aditya Wilson,aditya.wilson7326@example.com,42,Other,Dehradun,North,2023-04-09,Active
C07327,Karan Mehta,karan.mehta7327@example.com,46,Other,Chandigarh,North,2025-04-17,Active
C07328,Rahul Johnson,rahul.johnson7328@example.com,39,Male,Kochi,South,2025-06-08,Active
C07329,Sanjay Moore,sanjay.moore7329@example.com,21,Other,Coimbatore,South,2024-09-21,Active
C07330,Arjun Kumar,arjun.kumar7330@example.com,30,Female,Bhubaneswar,East,2023-10-10,Active
C07331,Pooja Johnson,pooja.johnson7331@example.com,64,Male,Coimbatore,South,2024-01-04,Active
C07332,Isabella Iyer,isabella.iyer7332@example.com,42,Other,Kolkata,East,2025-04-02,Active
C07333,Aarav Smith,aarav.smith7333@example.com,58,Female,Surat,West,2025-05-16,Active
C07334,Aanya Nair,aanya.nair7334@example.com,48,Female,Ahmedabad,West,2023-02-08,Inactive
C07335,Priya Singh,priya.singh7335@example.com,37,Female,Nagpur,West,2025-06-02,Inactive
C07336,Mia Iyer,mia.iyer7336@example.com,38,Male,Bengaluru,South,2024-10-15,Active
C07337,Daniel Kumar,daniel.kumar7337@example.com,34,Male,Kochi,South,2023-12-12,Active
C07338,Arjun Patel,arjun.patel7338@example.com,18,Other,Pune,West,2023-10-24,Active
C07339,Isabella Davis,isabella.davis7339@example.com,35,Other,Ranchi,East,2024-05-23,Inactive
C07340,Rahul Moore,rahul.moore7340@example.com,47,Other,Chandigarh,North,2025-06-24,Active
C07341,Divya Brown,divya.brown7341@example.com,29,Other,Amritsar,North,2023-12-29,Active
C07342,Karan Kapoor,karan.kapoor7342@example.com,39,Female,Goa,West,2023-02-20,Inactive
C07343,Kavya Reddy,kavya.reddy7343@example.com,43,Female,Kochi,South,2024-07-24,Inactive
C07344,Neha Patel,neha.patel7344@example.com,25,Female,Hyderabad,South,2023-08-20,Active
C07345,Sanjay Wilson,sanjay.wilson7345@example.com,30,Female,Hyderabad,South,2023-03-26,Inactive
C07346,Aarav Gupta,aarav.gupta7346@example.com,24,Other,Coimbatore,South,2023-01-11,Active
C07347,Mia Patel,mia.patel7347@example.com,26,Female,Hyderabad,South,2025-05-15,Active
C07348,Karan Patel,karan.patel7348@example.com,22,Female,Pune,West,2023-01-08,Active
C07349,Neha Smith,neha.smith7349@example.com,25,Female,Ranchi,East,2024-10-30,Active
C07350,Sneha Verma,sneha.verma7350@example.com,49,Female,Hyderabad,South,2023-08-22,Active
C07351,Rahul Davis,rahul.davis7351@example.com,25,Male,Bhubaneswar,East,2023-06-27,Active
C07352,Olivia Verma,olivia.verma7352@example.com,36,Female,Nagpur,West,2023-09-20,Active
C07353,Olivia Wilson,olivia.wilson7353@example.com,29,Male,Guwahati,East,2024-07-17,Active
C07354,Michael Das,michael.das7354@example.com,46,Female,Ranchi,East,2023-08-29,Active
C07355,Ishita Davis,ishita.davis7355@example.com,48,Female,Ahmedabad,West,2024-04-10,Active
C07356,William Miller,william.miller7356@example.com,43,Other,Chandigarh,North,2023-06-27,Active
C07357,Rohan Joshi,rohan.joshi7357@example.com,38,Female,Ranchi,East,2024-09-05,Inactive
C07358,William Das,william.das7358@example.com,32,Female,Kochi,South,2024-10-15,Active
C07359,William Iyer,william.iyer7359@example.com,23,Other,Lucknow,North,2023-09-07,Active
C07360,Aarav Taylor,aarav.taylor7360@example.com,54,Female,Kolkata,East,2025-02-04,Active
C07361,Varun Patel,varun.patel7361@example.com,27,Other,Amritsar,North,2023-07-12,Active
C07362,Daniel Reddy,daniel.reddy7362@example.com,41,Male,Hyderabad,South,2025-02-23,Active
C07363,Rohan Gupta,rohan.gupta7363@example.com,45,Male,Lucknow,North,2023-04-23,Active
C07364,Varun Kapoor,varun.kapoor7364@example.com,29,Female,Ranchi,East,2023-01-19,Active
C07365,Karan Sharma,karan.sharma7365@example.com,45,Male,Lucknow,North,2025-06-26,Active
C07366,Aditya Verma,,42,Male,Bengaluru,South,2025-05-19,Inactive
C07367,Sophia Joshi,sophia.joshi7367@example.com,52,Male,Bengaluru,South,2024-12-04,Active
C07368,Emma Mehta,emma.mehta7368@example.com,30,Male,Chandigarh,North,2025-02-17,Active
C07369,Ananya Joshi,ananya.joshi7369@example.com,22,Male,Bengaluru,South,2023-10-27,Active
C07370,Ananya Sharma,ananya.sharma7370@example.com,29,Male,Bengaluru,South,2024-05-01,Active
C07371,Divya Williams,divya.williams7371@example.com,37,Female,Mumbai,West,2023-11-21,Active
C07372,Aditya Anderson,aditya.anderson7372@example.com,35,Male,Kolkata,East,2024-09-10,Active
C07373,Kavya Reddy,kavya.reddy7373@example.com,31,Other,Kolkata,East,2024-12-27,Active
C07374,Michael Malhotra,michael.malhotra7374@example.com,18,Male,Ranchi,East,2024-10-14,Active
C07375,Ishita Davis,ishita.davis7375@example.com,39,Female,Pune,West,2023-03-31,Active
C07376,Ishita Verma,ishita.verma7376@example.com,54,Female,Pune,West,2023-04-23,Active
C07377,James Verma,james.verma7377@example.com,39,Other,Jaipur,North,2025-03-13,Active
C07378,Aanya Joshi,aanya.joshi7378@example.com,41,Female,Mumbai,West,2023-12-01,Active
C07379,Neha Williams,neha.williams7379@example.com,40,Male,Jaipur,North,2023-07-17,Active
C07380,Nikhil Nair,nikhil.nair7380@example.com,38,Male,Surat,West,2024-11-11,Active
C07381,Pooja Reddy,pooja.reddy7381@example.com,44,Female,Lucknow,North,2023-12-12,Active
C07382,Pooja Wilson,pooja.wilson7382@example.com,38,Other,Mysuru,South,2024-09-24,Inactive
C07383,Sophia Wilson,sophia.wilson7383@example.com,31,Female,Nagpur,West,2023-06-17,Active
C07384,Sanjay Malhotra,sanjay.malhotra7384@example.com,27,Other,Lucknow,North,2024-10-01,Active
C07385,William Taylor,william.taylor7385@example.com,32,Other,Chandigarh,North,2025-06-01,Active
C07386,Aditya Kumar,aditya.kumar7386@example.com,38,Male,Mumbai,West,2023-03-10,Active
C07387,Priya Nair,priya.nair7387@example.com,31,Other,Kolkata,East,2025-04-05,Active
C07388,Meera Malhotra,meera.malhotra7388@example.com,38,Male,Patna,East,2023-03-18,Inactive
C07389,Arjun Taylor,arjun.taylor7389@example.com,39,Female,Kochi,South,2025-05-11,Inactive
C07390,Varun Sharma,varun.sharma7390@example.com,43,Other,Kolkata,East,2024-02-24,Active
C07391,David Iyer,david.iyer7391@example.com,47,Other,Patna,East,2023-02-24,Active
C07392,William Sharma,william.sharma7392@example.com,35,Male,Nagpur,West,2023-09-18,Active
C07393,Sophia Reddy,sophia.reddy7393@example.com,21,Female,Dehradun,North,2024-02-17,Inactive
C07394,Aarav Joshi,aarav.joshi7394@example.com,31,Male,Chandigarh,North,2023-07-31,Active
C07395,Ananya Wilson,ananya.wilson7395@example.com,35,Male,Delhi,North,2024-04-07,Active
C07396,Olivia Smith,olivia.smith7396@example.com,18,Other,Hyderabad,South,2025-04-28,Active
C07397,Aarav Rao,aarav.rao7397@example.com,48,Female,Pune,West,2024-04-26,Active
C07398,Vikram Sharma,vikram.sharma7398@example.com,36,Male,Ranchi,East,2023-03-07,Active
C07399,Isabella Singh,isabella.singh7399@example.com,38,Female,Patna,East,2025-01-10,Active
C07400,William Singh,william.singh7400@example.com,48,Female,Goa,West,2023-03-18,Active
C07401,Vikram Anderson,vikram.anderson7401@example.com,28,Other,Bhubaneswar,East,2023-06-26,Active
C07402,Vikram Brown,vikram.brown7402@example.com,40,Female,Delhi,North,2025-06-17,Active
C07403,Rahul Mehta,rahul.mehta7403@example.com,33,Other,Surat,West,2023-05-30,Active
C07404,Meera Nair,meera.nair7404@example.com,33,Male,Dehradun,North,2025-01-30,Active
C07405,Mia Smith,mia.smith7405@example.com,27,Female,Chandigarh,North,2024-02-14,Active
C07406,Daniel Moore,daniel.moore7406@example.com,51,Female,Kolkata,East,2024-09-20,Active
C07407,Karan Iyer,karan.iyer7407@example.com,31,Male,Ranchi,East,2023-03-08,Inactive
C07408,Meera Mehta,meera.mehta7408@example.com,41,Female,Ahmedabad,West,2023-07-12,Active
C07409,Meera Anderson,meera.anderson7409@example.com,18,Female,Hyderabad,South,2024-08-17,Active
C07410,Aanya Anderson,aanya.anderson7410@example.com,46,Female,Chandigarh,North,2024-10-23,Inactive
C07411,James Gupta,james.gupta7411@example.com,45,Female,Delhi,North,2024-10-30,Active
C07412,Olivia Nair,olivia.nair7412@example.com,35,Other,Mysuru,South,2024-03-11,Active
C07413,Ananya Anderson,ananya.anderson7413@example.com,32,Other,Mysuru,South,2023-01-13,Inactive
C07414,Pooja Johnson,pooja.johnson7414@example.com,39,Female,Dehradun,North,2024-08-13,Inactive
C07415,Emma Joshi,emma.joshi7415@example.com,57,Male,Ranchi,East,2023-04-25,Active
C07416,Vikram Kumar,vikram.kumar7416@example.com,18,Other,Hyderabad,South,2024-11-20,Active
C07417,Pooja Nair,pooja.nair7417@example.com,42,Female,Patna,East,2023-09-04,Active
C07418,Daniel Miller,daniel.miller7418@example.com,25,Other,Chennai,South,2024-04-25,Active
C07419,Ananya Wilson,ananya.wilson7419@example.com,34,Female,Mumbai,West,2024-05-29,Active
C07420,William Rao,william.rao7420@example.com,32,Male,Chennai,South,2024-11-12,Active
C07421,Aanya Mehta,aanya.mehta7421@example.com,30,Male,Ahmedabad,West,2025-03-25,Active
C07422,Arjun Taylor,arjun.taylor7422@example.com,34,Male,Mumbai,West,2024-06-14,Active
C07423,Varun Moore,varun.moore7423@example.com,23,Female,Goa,West,2023-10-03,Active
C07424,Varun Sharma,varun.sharma7424@example.com,45,Female,Bhubaneswar,East,2025-01-11,Active
C07425,Divya Das,divya.das7425@example.com,18,Female,Kolkata,East,2024-08-07,Active
C07426,Vikram Malhotra,vikram.malhotra7426@example.com,40,Other,Amritsar,North,2023-06-06,Active
C07427,Rohan Taylor,rohan.taylor7427@example.com,31,Other,Chandigarh,North,2024-09-12,Active
C07428,Arjun Kapoor,arjun.kapoor7428@example.com,23,Other,Chennai,South,2023-04-08,Active
C07429,Aanya Moore,aanya.moore7429@example.com,37,Other,Patna,East,2025-01-11,Inactive
C07430,Emma Brown,emma.brown7430@example.com,19,Other,Pune,West,2024-10-23,Inactive
C07431,Kavya Taylor,kavya.taylor7431@example.com,35,Other,Amritsar,North,2024-11-02,Active
C07432,Michael Kumar,,20,Male,Hyderabad,South,2024-11-14,Inactive
C07433,Aditya Davis,aditya.davis7433@example.com,39,Male,Goa,West,2025-06-18,Active
C07434,Sneha Reddy,sneha.reddy7434@example.com,25,Male,Bengaluru,South,2023-12-04,Active
C07435,Ishita Sharma,ishita.sharma7435@example.com,30,Other,Pune,West,2024-12-26,Inactive
C07436,Ananya Kapoor,ananya.kapoor7436@example.com,37,Male,Ranchi,East,2024-12-06,Active
C07437,Arjun Gupta,arjun.gupta7437@example.com,27,Female,Lucknow,North,2025-03-21,Active
C07438,Rahul Gupta,rahul.gupta7438@example.com,34,Female,Pune,West,2024-10-28,Active
C07439,Priya Kumar,priya.kumar7439@example.com,19,Other,Ahmedabad,West,2023-11-13,Active
C07440,Vikram Verma,vikram.verma7440@example.com,41,Male,Amritsar,North,2024-03-25,Active
C07441,Ananya Das,ananya.das7441@example.com,52,Other,Ahmedabad,West,2024-06-04,Active
C07442,Aditya Patel,aditya.patel7442@example.com,62,Other,Bhubaneswar,East,2023-12-04,Inactive
C07443,Isabella Iyer,isabella.iyer7443@example.com,35,Male,Mysuru,South,2025-06-09,Inactive
C07444,Ishita Das,ishita.das7444@example.com,42,Other,Amritsar,North,2025-05-18,Active
C07445,Divya Moore,divya.moore7445@example.com,18,Other,Surat,West,2023-08-18,Active
C07446,Rohan Malhotra,rohan.malhotra7446@example.com,50,Other,Kochi,South,2023-12-23,Active
C07447,Emma Miller,emma.miller7447@example.com,42,Male,Coimbatore,South,2024-03-08,Inactive
C07448,Varun Singh,varun.singh7448@example.com,30,Male,Jaipur,North,2023-09-03,Active
C07449,David Miller,david.miller7449@example.com,47,Male,Dehradun,North,2023-09-03,Active
C07450,Aarav Brown,aarav.brown7450@example.com,32,Female,Delhi,North,2023-07-12,Active
C07451,Isabella Mehta,isabella.mehta7451@example.com,30,Female,Jaipur,North,2024-08-13,Active
C07452,Priya Gupta,priya.gupta7452@example.com,39,Male,Kolkata,East,2025-04-22,Active
C07453,Isabella Verma,isabella.verma7453@example.com,24,Male,Bengaluru,South,2024-07-25,Active
C07454,Michael Iyer,michael.iyer7454@example.com,45,Other,Coimbatore,South,2025-05-30,Active
C07455,Varun Nair,varun.nair7455@example.com,24,Male,Dehradun,North,2024-08-21,Inactive
C07456,Pooja Sharma,pooja.sharma7456@example.com,24,Other,Jaipur,North,2023-12-28,Active
C07457,Rohan Brown,rohan.brown7457@example.com,25,Other,Goa,West,2023-06-23,Active
C07458,William Taylor,william.taylor7458@example.com,42,Other,Chandigarh,North,2023-07-10,Active
C07459,Aarav Davis,aarav.davis7459@example.com,28,Other,Amritsar,North,2023-08-03,Active
C07460,Divya Rao,divya.rao7460@example.com,21,Male,Kolkata,East,2024-04-04,Inactive
C07461,James Davis,james.davis7461@example.com,28,Other,Patna,East,2024-07-26,Active
C07462,Aarav Gupta,aarav.gupta7462@example.com,34,Female,Coimbatore,South,2024-10-15,Active
C07463,Sophia Rao,sophia.rao7463@example.com,23,Other,Nagpur,West,2023-05-07,Active
C07464,Aanya Wilson,aanya.wilson7464@example.com,23,Female,Kochi,South,2024-08-11,Active
C07465,William Das,william.das7465@example.com,56,Female,Chennai,South,2023-11-12,Active
C07466,Aarav Iyer,aarav.iyer7466@example.com,26,Male,Mumbai,West,2023-12-31,Active
C07467,Mia Mehta,mia.mehta7467@example.com,31,Other,Bengaluru,South,2025-01-10,Active
C07468,Aarav Wilson,aarav.wilson7468@example.com,31,Other,Amritsar,North,2025-04-10,Active
C07469,Aditya Patel,aditya.patel7469@example.com,30,Male,Coimbatore,South,2025-01-16,Inactive
C07470,Pooja Williams,pooja.williams7470@example.com,41,Other,Ranchi,East,2025-02-21,Active
C07471,Pooja Taylor,pooja.taylor7471@example.com,44,Female,Guwahati,East,2023-08-13,Active
C07472,Michael Nair,michael.nair7472@example.com,31,Male,Ranchi,East,2023-11-25,Inactive
C07473,Emma Patel,emma.patel7473@example.com,22,Female,Bengaluru,South,2025-03-01,Active
C07474,Olivia Brown,olivia.brown7474@example.com,47,Male,Surat,West,2024-10-22,Inactive
C07475,Michael Rao,michael.rao7475@example.com,34,Male,Pune,West,2023-04-13,Active
C07476,Meera Moore,meera.moore7476@example.com,52,Male,Dehradun,North,2023-04-17,Inactive
C07477,Emma Rao,emma.rao7477@example.com,18,Male,Patna,East,2024-09-01,Active
C07478,Ananya Gupta,ananya.gupta7478@example.com,36,Female,Mysuru,South,2024-12-02,Active
C07479,Divya Reddy,divya.reddy7479@example.com,54,Female,Surat,West,2023-01-09,Active
C07480,Varun Miller,varun.miller7480@example.com,31,Other,Kochi,South,2023-08-05,Active
C07481,Varun Singh,varun.singh7481@example.com,32,Male,Amritsar,North,2023-01-15,Active
C07482,Rahul Patel,rahul.patel7482@example.com,37,Female,Guwahati,East,2023-05-28,Active
C07483,William Mehta,william.mehta7483@example.com,29,Female,Pune,West,2024-12-10,Active
C07484,Kavya Mehta,kavya.mehta7484@example.com,31,Female,Ranchi,East,2023-09-07,Active
C07485,Michael Kapoor,michael.kapoor7485@example.com,31,Female,Kolkata,East,2025-05-04,Active
C07486,James Rao,james.rao7486@example.com,28,Female,Lucknow,North,2025-04-06,Inactive
C07487,Daniel Kumar,daniel.kumar7487@example.com,47,Male,Goa,West,2023-01-25,Active
C07488,Emma Patel,emma.patel7488@example.com,39,Other,Mysuru,South,2023-12-20,Active
C07489,Aditya Moore,aditya.moore7489@example.com,37,Other,Jaipur,North,2023-11-25,Active
C07490,Divya Anderson,divya.anderson7490@example.com,43,Female,Amritsar,North,2024-07-06,Inactive
C07491,Aditya Kapoor,aditya.kapoor7491@example.com,32,Female,Patna,East,2024-12-21,Active
C07492,Nikhil Mehta,nikhil.mehta7492@example.com,27,Female,Dehradun,North,2023-07-09,Active
C07493,Aanya Miller,aanya.miller7493@example.com,28,Female,Patna,East,2023-03-28,Inactive
C07494,Meera Brown,meera.brown7494@example.com,35,Female,Patna,East,2023-01-10,Active
C07495,Ananya Taylor,ananya.taylor7495@example.com,24,Female,Hyderabad,South,2024-10-23,Active
C07496,Emma Davis,emma.davis7496@example.com,29,Other,Guwahati,East,2023-09-06,Active
C07497,Sneha Mehta,sneha.mehta7497@example.com,29,Other,Delhi,North,2023-03-22,Active
C07498,Emma Miller,emma.miller7498@example.com,56,Other,Lucknow,North,2023-02-23,Active
C07499,Varun Reddy,varun.reddy7499@example.com,18,Female,Mumbai,West,2025-03-13,Active
C07500,Neha Smith,neha.smith7500@example.com,33,Female,Ahmedabad,West,2023-01-06,Inactive
C07501,David Nair,david.nair7501@example.com,52,Male,Delhi,North,2023-01-24,Active
C07502,Isabella Das,isabella.das7502@example.com,36,Female,Ahmedabad,West,2024-09-30,Active
C07503,Emma Johnson,emma.johnson7503@example.com,42,Female,Chennai,South,2023-12-26,Active
C07504,Neha Johnson,neha.johnson7504@example.com,35,Other,Mumbai,West,2024-09-11,Active
C07505,Meera Singh,meera.singh7505@example.com,28,Female,Ranchi,East,2024-03-30,Active
C07506,Sanjay Patel,sanjay.patel7506@example.com,18,Other,Jaipur,North,2024-04-26,Active
C07507,Sanjay Kumar,sanjay.kumar7507@example.com,37,Male,Delhi,North,2024-11-14,Inactive
C07508,Priya Wilson,priya.wilson7508@example.com,27,Other,Ahmedabad,West,2024-01-17,Active
C07509,Varun Iyer,varun.iyer7509@example.com,26,Other,Lucknow,North,2023-01-24,Active
C07510,Aarav Malhotra,aarav.malhotra7510@example.com,30,Male,Lucknow,North,2025-03-05,Active
C07511,Meera Wilson,meera.wilson7511@example.com,52,Female,Dehradun,North,2024-05-07,Inactive
C07512,Olivia Joshi,olivia.joshi7512@example.com,59,Male,Nagpur,West,2025-04-18,Active
C07513,Aanya Moore,aanya.moore7513@example.com,37,Male,Dehradun,North,2025-03-06,Inactive
C07514,Varun Malhotra,varun.malhotra7514@example.com,30,Female,Hyderabad,South,2024-04-28,Active
C07515,Karan Kumar,karan.kumar7515@example.com,23,Female,Patna,East,2024-06-06,Active
C07516,Karan Williams,karan.williams7516@example.com,39,Female,Patna,East,2023-10-17,Active
C07517,Olivia Nair,olivia.nair7517@example.com,52,Male,Chennai,South,2024-11-11,Active
C07518,David Anderson,david.anderson7518@example.com,32,Male,Coimbatore,South,2025-06-06,Active
C07519,Daniel Singh,daniel.singh7519@example.com,18,Female,Kochi,South,2025-02-02,Active
C07520,Mia Moore,mia.moore7520@example.com,41,Other,Ranchi,East,2025-04-16,Active
C07521,James Iyer,james.iyer7521@example.com,44,Other,Nagpur,West,2023-04-05,Active
C07522,Sanjay Williams,sanjay.williams7522@example.com,19,Female,Patna,East,2023-01-21,Inactive
C07523,Aditya Anderson,aditya.anderson7523@example.com,36,Other,Ranchi,East,2023-09-19,Inactive
C07524,Rahul Miller,rahul.miller7524@example.com,39,Other,Coimbatore,South,2023-10-24,Active
C07525,Aarav Miller,aarav.miller7525@example.com,34,Female,Goa,West,2025-02-08,Active
C07526,Daniel Wilson,daniel.wilson7526@example.com,27,Female,Nagpur,West,2024-03-04,Active
C07527,Nikhil Smith,nikhil.smith7527@example.com,45,Male,Pune,West,2023-11-26,Active
C07528,Ananya Williams,ananya.williams7528@example.com,30,Male,Chennai,South,2025-05-25,Active
C07529,Rahul Johnson,rahul.johnson7529@example.com,20,Other,Chandigarh,North,2024-04-02,Active
C07530,Meera Kapoor,meera.kapoor7530@example.com,18,Other,Surat,West,2024-02-14,Active
C07531,Ananya Davis,ananya.davis7531@example.com,47,Male,Amritsar,North,2024-01-09,Active
C07532,Aditya Williams,aditya.williams7532@example.com,41,Other,Bhubaneswar,East,2024-10-26,Active
C07533,Meera Williams,meera.williams7533@example.com,35,Female,Chandigarh,North,2025-05-15,Inactive
C07534,Sophia Das,sophia.das7534@example.com,30,Female,Amritsar,North,2025-02-09,Inactive
C07535,Ananya Sharma,ananya.sharma7535@example.com,29,Other,Guwahati,East,2024-01-19,Inactive
C07536,Sophia Gupta,sophia.gupta7536@example.com,24,Other,Nagpur,West,2024-08-28,Active
C07537,Aanya Wilson,aanya.wilson7537@example.com,30,Female,Surat,West,2025-05-26,Active
C07538,Pooja Kumar,pooja.kumar7538@example.com,18,Female,Surat,West,2023-02-04,Active
C07539,Mia Patel,mia.patel7539@example.com,27,Male,Surat,West,2024-01-09,Inactive
C07540,Arjun Das,arjun.das7540@example.com,31,Female,Dehradun,North,2023-10-16,Active
C07541,Daniel Davis,daniel.davis7541@example.com,41,Other,Kolkata,East,2024-09-29,Inactive
C07542,Sophia Iyer,sophia.iyer7542@example.com,34,Male,Ranchi,East,2024-01-15,Active
C07543,Vikram Mehta,vikram.mehta7543@example.com,42,Other,Kochi,South,2024-07-16,Active
C07544,James Wilson,james.wilson7544@example.com,48,Other,Patna,East,2024-04-29,Active
C07545,Sneha Iyer,sneha.iyer7545@example.com,45,Other,Pune,West,2023-10-06,Inactive
C07546,David Iyer,david.iyer7546@example.com,39,Male,Dehradun,North,2024-08-01,Inactive
C07547,Olivia Malhotra,olivia.malhotra7547@example.com,35,Male,Hyderabad,South,2024-04-26,Inactive
C07548,Sanjay Miller,sanjay.miller7548@example.com,25,Other,Pune,West,2024-12-13,Active
C07549,Varun Iyer,varun.iyer7549@example.com,42,Other,Surat,West,2024-06-03,Inactive
C07550,James Johnson,james.johnson7550@example.com,51,Other,Mumbai,West,2023-10-07,Inactive
C07551,David Miller,david.miller7551@example.com,38,Female,Mysuru,South,2025-04-16,Active
C07552,Mia Kapoor,mia.kapoor7552@example.com,54,Other,Kochi,South,2024-07-07,Active
C07553,Meera Wilson,meera.wilson7553@example.com,19,Female,Kochi,South,2023-09-28,Active
C07554,James Das,james.das7554@example.com,23,Male,Bhubaneswar,East,2023-02-27,Inactive
C07555,Meera Das,meera.das7555@example.com,43,Male,Mumbai,West,2024-05-04,Active
C07556,Sanjay Mehta,sanjay.mehta7556@example.com,37,Male,Nagpur,West,2023-10-12,Active
C07557,Varun Reddy,varun.reddy7557@example.com,48,Other,Ahmedabad,West,2023-04-25,Active
C07558,Aditya Sharma,aditya.sharma7558@example.com,34,Other,Goa,West,2024-04-27,Active
C07559,Priya Das,priya.das7559@example.com,26,Male,Guwahati,East,2023-04-12,Active
C07560,Meera Davis,meera.davis7560@example.com,32,Female,Lucknow,North,2024-06-26,Active
C07561,Aanya Brown,aanya.brown7561@example.com,19,Other,Bengaluru,South,2023-02-17,Active
C07562,Rohan Anderson,rohan.anderson7562@example.com,23,Other,Jaipur,North,2023-11-12,Inactive
C07563,Rohan Anderson,rohan.anderson7563@example.com,44,Female,Jaipur,North,2023-11-03,Active
C07564,Isabella Moore,isabella.moore7564@example.com,43,Male,Goa,West,2025-02-15,Active
C07565,Kavya Sharma,kavya.sharma7565@example.com,38,Male,Kolkata,East,2024-12-14,Active
C07566,Divya Kumar,divya.kumar7566@example.com,18,Male,Guwahati,East,2024-10-22,Active
C07567,David Mehta,david.mehta7567@example.com,31,Male,Ranchi,East,2023-09-11,Active
C07568,Rahul Johnson,rahul.johnson7568@example.com,22,Female,Amritsar,North,2024-09-05,Inactive
C07569,Mia Das,mia.das7569@example.com,46,Other,Ranchi,East,2023-12-24,Active
C07570,Rahul Sharma,rahul.sharma7570@example.com,29,Male,Dehradun,North,2025-04-26,Active
C07571,Divya Joshi,divya.joshi7571@example.com,24,Female,Lucknow,North,2024-11-27,Active
C07572,Rohan Williams,rohan.williams7572@example.com,35,Female,Bhubaneswar,East,2025-04-26,Active
C07573,Pooja Das,pooja.das7573@example.com,28,Other,Mysuru,South,2025-02-02,Inactive
C07574,Sanjay Smith,sanjay.smith7574@example.com,49,Female,Bhubaneswar,East,2024-01-30,Active
C07575,Neha Miller,neha.miller7575@example.com,27,Other,Pune,West,2024-10-07,Active
C07576,Sneha Sharma,sneha.sharma7576@example.com,21,Other,Dehradun,North,2023-07-03,Inactive
C07577,Olivia Reddy,olivia.reddy7577@example.com,18,Female,Pune,West,2024-08-12,Active
C07578,Priya Das,priya.das7578@example.com,34,Male,Chandigarh,North,2025-05-11,Active
C07579,Meera Malhotra,meera.malhotra7579@example.com,29,Other,Bengaluru,South,2024-09-12,Active
C07580,Sneha Moore,sneha.moore7580@example.com,20,Female,Guwahati,East,2023-05-28,Active
C07581,Pooja Williams,pooja.williams7581@example.com,46,Male,Nagpur,West,2025-01-21,Active
C07582,Arjun Verma,arjun.verma7582@example.com,41,Other,Guwahati,East,2024-03-22,Active
C07583,Vikram Brown,vikram.brown7583@example.com,34,Other,Surat,West,2024-01-28,Inactive
C07584,Neha Sharma,neha.sharma7584@example.com,48,Female,Delhi,North,2024-01-24,Active
C07585,Karan Davis,karan.davis7585@example.com,41,Female,Coimbatore,South,2023-11-18,Active
C07586,Emma Iyer,emma.iyer7586@example.com,26,Female,Kolkata,East,2023-08-14,Active
C07587,Aarav Nair,aarav.nair7587@example.com,24,Male,Jaipur,North,2023-09-28,Active
C07588,Sophia Kumar,sophia.kumar7588@example.com,43,Other,Chandigarh,North,2023-03-12,Active
C07589,Sophia Moore,sophia.moore7589@example.com,38,Male,Bhubaneswar,East,2024-04-12,Active
C07590,Ishita Malhotra,ishita.malhotra7590@example.com,36,Other,Kochi,South,2023-04-13,Active
C07591,Sophia Das,sophia.das7591@example.com,26,Female,Pune,West,2023-01-31,Active
C07592,Rohan Reddy,rohan.reddy7592@example.com,41,Other,Chennai,South,2023-03-23,Active
C07593,Aditya Smith,aditya.smith7593@example.com,27,Female,Dehradun,North,2024-01-14,Active
C07594,William Rao,william.rao7594@example.com,33,Female,Hyderabad,South,2023-02-28,Active
C07595,James Malhotra,james.malhotra7595@example.com,49,Female,Dehradun,North,2024-08-03,Active
C07596,Meera Sharma,meera.sharma7596@example.com,28,Female,Ahmedabad,West,2023-08-27,Active
C07597,Mia Moore,mia.moore7597@example.com,19,Female,Dehradun,North,2023-08-07,Active
C07598,Pooja Miller,pooja.miller7598@example.com,24,Other,Coimbatore,South,2023-02-15,Active
C07599,Olivia Nair,olivia.nair7599@example.com,44,Other,Delhi,North,2023-06-25,Active
C07600,Divya Verma,divya.verma7600@example.com,37,Male,Amritsar,North,2025-01-13,Active
C07601,Aarav Kapoor,aarav.kapoor7601@example.com,33,Male,Kolkata,East,2023-08-02,Active
C07602,Isabella Moore,isabella.moore7602@example.com,29,Other,Patna,East,2024-03-12,Inactive
C07603,Mia Miller,mia.miller7603@example.com,39,Female,Jaipur,North,2025-05-25,Active
C07604,Aditya Johnson,aditya.johnson7604@example.com,26,Other,Bhubaneswar,East,2023-02-12,Inactive
C07605,Arjun Johnson,arjun.johnson7605@example.com,38,Other,Mumbai,West,2025-05-23,Active
C07606,Aditya Patel,aditya.patel7606@example.com,27,Male,Lucknow,North,2023-11-20,Active
C07607,Ananya Williams,ananya.williams7607@example.com,26,Female,Dehradun,North,2024-09-17,Inactive
C07608,William Singh,william.singh7608@example.com,28,Female,Mumbai,West,2024-02-20,Active
C07609,Isabella Mehta,isabella.mehta7609@example.com,31,Female,Mysuru,South,2024-05-11,Active
C07610,Isabella Iyer,isabella.iyer7610@example.com,34,Female,Mumbai,West,2024-05-29,Inactive
C07611,Rahul Iyer,rahul.iyer7611@example.com,37,Female,Ranchi,East,2023-12-25,Active
C07612,Priya Nair,priya.nair7612@example.com,18,Female,Bhubaneswar,East,2025-06-04,Active
C07613,Varun Mehta,varun.mehta7613@example.com,26,Other,Chandigarh,North,2025-02-03,Active
C07614,Michael Taylor,michael.taylor7614@example.com,31,Female,Mumbai,West,2023-12-12,Inactive
C07615,Sanjay Verma,sanjay.verma7615@example.com,50,Female,Dehradun,North,2025-03-06,Active
C07616,Kavya Johnson,kavya.johnson7616@example.com,24,Male,Lucknow,North,2024-01-27,Active
C07617,Varun Brown,varun.brown7617@example.com,36,Other,Delhi,North,2025-03-15,Inactive
C07618,Aanya Johnson,aanya.johnson7618@example.com,49,Male,Ranchi,East,2024-02-16,Active
C07619,David Patel,david.patel7619@example.com,21,Female,Ahmedabad,West,2023-10-05,Active
C07620,David Mehta,david.mehta7620@example.com,38,Other,Lucknow,North,2023-05-21,Active
C07621,Emma Joshi,emma.joshi7621@example.com,26,Female,Bhubaneswar,East,2025-03-20,Active
C07622,Ishita Patel,ishita.patel7622@example.com,29,Male,Dehradun,North,2023-12-03,Active
C07623,Olivia Smith,olivia.smith7623@example.com,26,Other,Kochi,South,2024-03-01,Inactive
C07624,Sanjay Mehta,sanjay.mehta7624@example.com,27,Other,Kochi,South,2024-03-30,Active
C07625,Arjun Kapoor,arjun.kapoor7625@example.com,62,Other,Chennai,South,2024-07-30,Active
C07626,Rahul Sharma,rahul.sharma7626@example.com,43,Female,Lucknow,North,2024-01-27,Active
C07627,Daniel Sharma,daniel.sharma7627@example.com,46,Male,Chandigarh,North,2024-03-15,Active
C07628,Meera Das,meera.das7628@example.com,39,Other,Bhubaneswar,East,2024-04-28,Active
C07629,Emma Miller,emma.miller7629@example.com,18,Female,Coimbatore,South,2024-02-05,Active
C07630,Aanya Iyer,aanya.iyer7630@example.com,38,Female,Dehradun,North,2023-05-05,Inactive
C07631,Aanya Sharma,aanya.sharma7631@example.com,45,Female,Lucknow,North,2024-03-18,Active
C07632,Michael Kumar,michael.kumar7632@example.com,26,Other,Ahmedabad,West,2025-01-30,Active
C07633,David Malhotra,david.malhotra7633@example.com,44,Female,Delhi,North,2024-07-20,Active
C07634,Ishita Malhotra,ishita.malhotra7634@example.com,42,Female,Patna,East,2023-04-16,Active
C07635,Pooja Patel,pooja.patel7635@example.com,53,Female,Surat,West,2024-03-14,Active
C07636,Emma Verma,emma.verma7636@example.com,30,Male,Amritsar,North,2024-07-20,Active
C07637,Isabella Kumar,isabella.kumar7637@example.com,24,Female,Guwahati,East,2023-07-30,Active
C07638,Ishita Verma,ishita.verma7638@example.com,31,Female,Hyderabad,South,2023-06-30,Active
C07639,Sneha Gupta,sneha.gupta7639@example.com,49,Female,Goa,West,2025-04-28,Active
C07640,David Smith,david.smith7640@example.com,18,Other,Kolkata,East,2024-08-13,Active
C07641,Varun Williams,varun.williams7641@example.com,18,Female,Lucknow,North,2025-04-07,Active
C07642,David Anderson,david.anderson7642@example.com,35,Female,Nagpur,West,2024-08-28,Active
C07643,Priya Wilson,priya.wilson7643@example.com,30,Male,Delhi,North,2023-12-17,Active
C07644,Kavya Gupta,kavya.gupta7644@example.com,35,Female,Hyderabad,South,2023-04-09,Active
C07645,Ishita Brown,ishita.brown7645@example.com,44,Other,Jaipur,North,2023-02-09,Active
C07646,Priya Moore,priya.moore7646@example.com,29,Male,Nagpur,West,2025-01-22,Active
C07647,Aanya Rao,aanya.rao7647@example.com,18,Female,Kochi,South,2023-12-12,Active
C07648,Ananya Joshi,ananya.joshi7648@example.com,55,Female,Lucknow,North,2024-01-23,Active
C07649,Meera Singh,meera.singh7649@example.com,25,Other,Nagpur,West,2024-02-20,Inactive
C07650,Isabella Joshi,isabella.joshi7650@example.com,24,Other,Guwahati,East,2023-07-17,Active
C07651,Michael Das,michael.das7651@example.com,46,Male,Jaipur,North,2025-06-01,Active
C07652,Mia Singh,mia.singh7652@example.com,31,Male,Pune,West,2024-09-25,Active
C07653,Ishita Patel,ishita.patel7653@example.com,34,Other,Patna,East,2023-01-21,Active
C07654,Divya Malhotra,divya.malhotra7654@example.com,39,Other,Kolkata,East,2025-03-30,Inactive
C07655,Isabella Johnson,isabella.johnson7655@example.com,45,Female,Mysuru,South,2023-04-10,Active
C07656,David Nair,david.nair7656@example.com,31,Male,Mysuru,South,2025-02-11,Active
C07657,Aarav Kapoor,aarav.kapoor7657@example.com,50,Female,Dehradun,North,2023-11-27,Active
C07658,Isabella Moore,isabella.moore7658@example.com,18,Other,Bhubaneswar,East,2023-08-25,Inactive
C07659,Meera Patel,meera.patel7659@example.com,42,Male,Lucknow,North,2024-12-19,Active
C07660,James Johnson,james.johnson7660@example.com,26,Other,Mumbai,West,2024-12-14,Inactive
C07661,Karan Mehta,karan.mehta7661@example.com,48,Other,Mumbai,West,2025-06-01,Inactive
C07662,Ishita Davis,ishita.davis7662@example.com,36,Male,Kochi,South,2023-10-19,Active
C07663,William Iyer,william.iyer7663@example.com,28,Other,Dehradun,North,2024-07-21,Inactive
C07664,Pooja Sharma,pooja.sharma7664@example.com,41,Male,Lucknow,North,2024-05-15,Active
C07665,Isabella Malhotra,isabella.malhotra7665@example.com,43,Female,Jaipur,North,2023-09-27,Active
C07666,Olivia Anderson,olivia.anderson7666@example.com,41,Male,Hyderabad,South,2023-11-25,Inactive
C07667,David Davis,david.davis7667@example.com,24,Other,Delhi,North,2023-12-02,Inactive
C07668,Pooja Gupta,pooja.gupta7668@example.com,30,Other,Patna,East,2024-06-04,Active
C07669,Pooja Nair,pooja.nair7669@example.com,34,Male,Bhubaneswar,East,2024-01-27,Active
C07670,Aditya Sharma,aditya.sharma7670@example.com,34,Female,Coimbatore,South,2023-06-17,Active
C07671,Aarav Das,aarav.das7671@example.com,42,Other,Bengaluru,South,2023-05-24,Inactive
C07672,Aditya Das,aditya.das7672@example.com,18,Male,Kolkata,East,2023-04-30,Active
C07673,Nikhil Reddy,nikhil.reddy7673@example.com,38,Male,Chennai,South,2025-03-31,Active
C07674,Michael Anderson,michael.anderson7674@example.com,32,Female,Nagpur,West,2023-01-14,Active
C07675,Isabella Davis,isabella.davis7675@example.com,26,Other,Jaipur,North,2024-12-09,Active
C07676,Sanjay Sharma,sanjay.sharma7676@example.com,27,Female,Kolkata,East,2025-02-05,Active
C07677,Rahul Sharma,rahul.sharma7677@example.com,32,Other,Kolkata,East,2025-04-24,Active
C07678,Vikram Taylor,vikram.taylor7678@example.com,18,Female,Kolkata,East,2023-03-11,Active
C07679,Sophia Anderson,sophia.anderson7679@example.com,27,Male,Bengaluru,South,2024-04-29,Active
C07680,Kavya Williams,kavya.williams7680@example.com,26,Other,Kochi,South,2023-09-29,Active
C07681,Rohan Patel,rohan.patel7681@example.com,40,Other,Goa,West,2023-06-04,Active
C07682,Divya Patel,divya.patel7682@example.com,26,Female,Bengaluru,South,2023-02-22,Active
C07683,Sophia Patel,sophia.patel7683@example.com,32,Female,Kochi,South,2023-03-24,Active
C07684,Pooja Gupta,pooja.gupta7684@example.com,50,Other,Jaipur,North,2025-05-15,Active
C07685,Daniel Iyer,daniel.iyer7685@example.com,44,Other,Jaipur,North,2025-04-13,Active
C07686,Karan Williams,karan.williams7686@example.com,44,Female,Kochi,South,2025-06-09,Active
C07687,Meera Das,meera.das7687@example.com,30,Other,Bhubaneswar,East,2024-12-10,Active
C07688,James Davis,,40,Female,Patna,East,2024-01-17,Inactive
C07689,Aanya Anderson,aanya.anderson7689@example.com,32,Other,Lucknow,North,2024-08-20,Active
C07690,Karan Moore,karan.moore7690@example.com,33,Male,Lucknow,North,2025-03-19,Active
C07691,Nikhil Davis,nikhil.davis7691@example.com,39,Other,Amritsar,North,2024-08-15,Active
C07692,Sneha Wilson,sneha.wilson7692@example.com,29,Male,Pune,West,2023-05-12,Active
C07693,Sophia Gupta,sophia.gupta7693@example.com,49,Male,Bhubaneswar,East,2025-04-12,Active
C07694,Olivia Williams,olivia.williams7694@example.com,33,Female,Hyderabad,South,2023-01-05,Active
C07695,Divya Taylor,divya.taylor7695@example.com,41,Other,Kolkata,East,2024-11-05,Active
C07696,Aarav Sharma,aarav.sharma7696@example.com,49,Female,Lucknow,North,2023-09-09,Active
C07697,Meera Smith,meera.smith7697@example.com,45,Female,Surat,West,2024-04-23,Active
C07698,Rahul Joshi,rahul.joshi7698@example.com,20,Male,Nagpur,West,2025-01-25,Active
C07699,Emma Smith,emma.smith7699@example.com,39,Other,Ranchi,East,2024-03-04,Inactive
C07700,Sanjay Sharma,sanjay.sharma7700@example.com,43,Female,Kochi,South,2023-07-30,Inactive
C07701,Sanjay Patel,sanjay.patel7701@example.com,43,Other,Pune,West,2025-03-04,Active
C07702,Rohan Patel,rohan.patel7702@example.com,23,Other,Bengaluru,South,2024-04-16,Active
C07703,Nikhil Brown,nikhil.brown7703@example.com,28,Male,Chennai,South,2024-10-08,Active
C07704,Sanjay Moore,sanjay.moore7704@example.com,44,Female,Kolkata,East,2023-05-22,Active
C07705,Karan Malhotra,karan.malhotra7705@example.com,27,Other,Pune,West,2024-12-03,Active
C07706,Kavya Williams,kavya.williams7706@example.com,32,Female,Chandigarh,North,2023-01-12,Active
C07707,Olivia Smith,olivia.smith7707@example.com,50,Male,Goa,West,2025-06-15,Inactive
C07708,Aanya Nair,aanya.nair7708@example.com,34,Other,Goa,West,2025-06-05,Active
C07709,Olivia Mehta,olivia.mehta7709@example.com,27,Female,Coimbatore,South,2023-11-27,Active
C07710,Kavya Anderson,kavya.anderson7710@example.com,26,Male,Chandigarh,North,2024-11-24,Active
C07711,Daniel Nair,daniel.nair7711@example.com,38,Male,Bengaluru,South,2024-11-12,Active
C07712,Nikhil Sharma,nikhil.sharma7712@example.com,21,Male,Goa,West,2023-05-07,Active
C07713,Rohan Mehta,rohan.mehta7713@example.com,32,Other,Amritsar,North,2025-01-12,Active
C07714,Vikram Smith,vikram.smith7714@example.com,38,Female,Patna,East,2024-07-18,Active
C07715,Sneha Gupta,sneha.gupta7715@example.com,47,Female,Guwahati,East,2024-03-02,Inactive
C07716,Karan Moore,karan.moore7716@example.com,41,Female,Guwahati,East,2025-01-23,Active
C07717,Priya Kumar,priya.kumar7717@example.com,27,Male,Mumbai,West,2023-03-13,Active
C07718,James Kapoor,james.kapoor7718@example.com,46,Other,Chandigarh,North,2025-01-14,Active
C07719,Mia Miller,mia.miller7719@example.com,32,Other,Lucknow,North,2025-06-24,Active
C07720,Daniel Sharma,daniel.sharma7720@example.com,22,Other,Bhubaneswar,East,2024-05-25,Active
C07721,Rohan Malhotra,rohan.malhotra7721@example.com,33,Other,Dehradun,North,2023-06-27,Inactive
C07722,Nikhil Kumar,nikhil.kumar7722@example.com,49,Male,Bhubaneswar,East,2024-03-04,Active
C07723,Neha Reddy,neha.reddy7723@example.com,36,Female,Mumbai,West,2025-03-16,Inactive
C07724,Daniel Kumar,daniel.kumar7724@example.com,35,Male,Goa,West,2024-10-08,Active
C07725,Arjun Nair,arjun.nair7725@example.com,51,Male,Mysuru,South,2023-05-03,Inactive
C07726,Rahul Mehta,rahul.mehta7726@example.com,20,Female,Ranchi,East,2024-08-31,Active
C07727,Rohan Kumar,rohan.kumar7727@example.com,22,Female,Bhubaneswar,East,2024-07-11,Active
C07728,Sophia Patel,sophia.patel7728@example.com,18,Female,Mysuru,South,2024-10-26,Inactive
C07729,Meera Singh,meera.singh7729@example.com,38,Male,Surat,West,2024-06-24,Active
C07730,Sanjay Mehta,sanjay.mehta7730@example.com,36,Other,Chandigarh,North,2024-02-15,Active
C07731,Aditya Malhotra,aditya.malhotra7731@example.com,50,Female,Delhi,North,2023-10-29,Active
C07732,Ananya Davis,ananya.davis7732@example.com,37,Other,Pune,West,2024-12-15,Active
C07733,Aditya Miller,aditya.miller7733@example.com,30,Male,Ranchi,East,2023-11-20,Inactive
C07734,Vikram Iyer,vikram.iyer7734@example.com,35,Other,Bhubaneswar,East,2025-03-18,Active
C07735,Divya Verma,divya.verma7735@example.com,36,Other,Pune,West,2024-09-13,Active
C07736,Rahul Moore,rahul.moore7736@example.com,18,Female,Pune,West,2024-04-28,Active
C07737,Olivia Sharma,olivia.sharma7737@example.com,62,Male,Chandigarh,North,2023-11-18,Inactive
C07738,Sneha Smith,sneha.smith7738@example.com,40,Male,Kolkata,East,2024-03-24,Active
C07739,Meera Wilson,meera.wilson7739@example.com,37,Other,Coimbatore,South,2024-06-22,Active
C07740,Rahul Gupta,rahul.gupta7740@example.com,41,Other,Coimbatore,South,2024-11-13,Active
C07741,Rahul Das,rahul.das7741@example.com,42,Other,Pune,West,2025-06-21,Active
C07742,Varun Kapoor,varun.kapoor7742@example.com,33,Female,Pune,West,2023-03-30,Active
C07743,Ishita Brown,ishita.brown7743@example.com,28,Female,Ranchi,East,2024-10-18,Active
C07744,Pooja Miller,pooja.miller7744@example.com,40,Male,Bhubaneswar,East,2024-12-23,Active
C07745,Rahul Brown,rahul.brown7745@example.com,38,Male,Kochi,South,2024-10-03,Active
C07746,Aanya Taylor,aanya.taylor7746@example.com,26,Male,Mumbai,West,2023-06-02,Inactive
C07747,Isabella Joshi,isabella.joshi7747@example.com,49,Other,Ahmedabad,West,2025-04-27,Active
C07748,Neha Davis,neha.davis7748@example.com,37,Male,Mumbai,West,2024-08-03,Inactive
C07749,Aanya Davis,aanya.davis7749@example.com,42,Male,Delhi,North,2024-03-16,Active
C07750,Aditya Nair,aditya.nair7750@example.com,48,Other,Patna,East,2023-09-12,Active
C07751,David Smith,david.smith7751@example.com,35,Female,Chandigarh,North,2025-05-24,Active
C07752,Neha Anderson,neha.anderson7752@example.com,38,Other,Nagpur,West,2024-12-08,Active
C07753,Aditya Verma,aditya.verma7753@example.com,43,Other,Dehradun,North,2023-05-14,Active
C07754,Mia Gupta,mia.gupta7754@example.com,27,Male,Nagpur,West,2024-05-26,Active
C07755,Ananya Kapoor,ananya.kapoor7755@example.com,35,Female,Bengaluru,South,2024-01-18,Inactive
C07756,David Kumar,david.kumar7756@example.com,36,Male,Goa,West,2025-02-06,Active
C07757,Isabella Kumar,isabella.kumar7757@example.com,25,Female,Mumbai,West,2023-04-06,Active
C07758,Daniel Singh,daniel.singh7758@example.com,58,Female,Kolkata,East,2023-02-04,Inactive
C07759,Priya Singh,priya.singh7759@example.com,20,Female,Ahmedabad,West,2024-03-06,Inactive
C07760,Neha Williams,neha.williams7760@example.com,22,Other,Bhubaneswar,East,2023-11-10,Active
C07761,Rahul Kapoor,rahul.kapoor7761@example.com,48,Other,Ahmedabad,West,2024-12-03,Inactive
C07762,Rohan Nair,rohan.nair7762@example.com,42,Female,Lucknow,North,2025-06-29,Active
C07763,Arjun Kapoor,arjun.kapoor7763@example.com,24,Male,Kolkata,East,2023-06-10,Active
C07764,James Johnson,james.johnson7764@example.com,41,Other,Bhubaneswar,East,2025-01-08,Active
C07765,Daniel Johnson,daniel.johnson7765@example.com,49,Female,Guwahati,East,2023-11-21,Active
C07766,Vikram Taylor,vikram.taylor7766@example.com,34,Male,Hyderabad,South,2024-11-20,Active
C07767,Sophia Smith,sophia.smith7767@example.com,60,Other,Bhubaneswar,East,2025-03-14,Inactive
C07768,Aanya Kumar,aanya.kumar7768@example.com,18,Female,Bengaluru,South,2023-10-08,Active
C07769,Sneha Miller,sneha.miller7769@example.com,41,Male,Dehradun,North,2024-09-09,Inactive
C07770,Vikram Nair,vikram.nair7770@example.com,46,Other,Nagpur,West,2025-03-04,Active
C07771,Rahul Williams,rahul.williams7771@example.com,43,Other,Mysuru,South,2023-11-13,Active
C07772,Meera Brown,meera.brown7772@example.com,32,Other,Goa,West,2024-10-20,Active
C07773,Isabella Brown,isabella.brown7773@example.com,32,Female,Lucknow,North,2023-05-13,Active
C07774,Vikram Davis,vikram.davis7774@example.com,39,Female,Nagpur,West,2023-06-03,Active
C07775,Michael Nair,michael.nair7775@example.com,43,Male,Mysuru,South,2024-07-30,Active
C07776,Daniel Wilson,daniel.wilson7776@example.com,41,Male,Surat,West,2023-01-23,Active
C07777,Neha Nair,neha.nair7777@example.com,45,Male,Goa,West,2024-09-20,Active
C07778,Karan Miller,karan.miller7778@example.com,24,Female,Hyderabad,South,2023-05-15,Active
C07779,Ishita Smith,ishita.smith7779@example.com,32,Female,Kochi,South,2024-09-10,Active
C07780,Neha Smith,neha.smith7780@example.com,25,Other,Jaipur,North,2023-03-15,Active
C07781,Varun Williams,varun.williams7781@example.com,31,Other,Ranchi,East,2023-04-01,Active
C07782,Vikram Wilson,vikram.wilson7782@example.com,45,Female,Bhubaneswar,East,2024-01-23,Active
C07783,Rahul Anderson,rahul.anderson7783@example.com,36,Male,Dehradun,North,2023-10-21,Active
C07784,Aanya Moore,aanya.moore7784@example.com,61,Female,Patna,East,2024-12-09,Active
C07785,Isabella Miller,isabella.miller7785@example.com,36,Male,Chandigarh,North,2023-03-14,Inactive
C07786,Aditya Davis,aditya.davis7786@example.com,35,Other,Coimbatore,South,2023-10-27,Active
C07787,Emma Miller,emma.miller7787@example.com,36,Female,Goa,West,2025-05-27,Active
C07788,Pooja Gupta,pooja.gupta7788@example.com,28,Other,Dehradun,North,2025-01-15,Inactive
C07789,Priya Reddy,priya.reddy7789@example.com,34,Other,Coimbatore,South,2023-04-14,Active
C07790,Neha Miller,neha.miller7790@example.com,46,Male,Kochi,South,2023-04-07,Inactive
C07791,Vikram Mehta,vikram.mehta7791@example.com,36,Female,Lucknow,North,2024-07-20,Active
C07792,Daniel Malhotra,daniel.malhotra7792@example.com,27,Male,Kochi,South,2024-05-14,Active
C07793,Aarav Davis,aarav.davis7793@example.com,25,Female,Chandigarh,North,2024-10-22,Active
C07794,Karan Wilson,karan.wilson7794@example.com,30,Male,Pune,West,2023-07-09,Active
C07795,James Wilson,james.wilson7795@example.com,35,Male,Chennai,South,2023-05-14,Active
C07796,Aarav Anderson,aarav.anderson7796@example.com,46,Female,Pune,West,2024-09-12,Active
C07797,Aanya Brown,aanya.brown7797@example.com,21,Other,Ranchi,East,2024-09-28,Inactive
C07798,Divya Smith,divya.smith7798@example.com,31,Female,Kochi,South,2024-05-21,Active
C07799,Daniel Gupta,daniel.gupta7799@example.com,36,Other,Mysuru,South,2024-08-26,Active
C07800,Varun Kumar,varun.kumar7800@example.com,18,Other,Kochi,South,2023-11-04,Active
C07801,Isabella Wilson,isabella.wilson7801@example.com,26,Other,Kolkata,East,2024-07-12,Active
C07802,James Williams,james.williams7802@example.com,28,Male,Ranchi,East,2024-06-23,Active
C07803,Divya Sharma,divya.sharma7803@example.com,27,Male,Mysuru,South,2024-03-05,Active
C07804,Aditya Davis,aditya.davis7804@example.com,36,Other,Kolkata,East,2024-08-14,Active
C07805,Nikhil Johnson,nikhil.johnson7805@example.com,33,Other,Ahmedabad,West,2024-05-20,Inactive
C07806,Emma Rao,emma.rao7806@example.com,29,Male,Patna,East,2023-07-29,Active
C07807,Michael Rao,michael.rao7807@example.com,39,Male,Goa,West,2025-03-23,Active
C07808,Aditya Joshi,aditya.joshi7808@example.com,52,Male,Ranchi,East,2024-09-23,Inactive
C07809,Karan Das,karan.das7809@example.com,51,Other,Chandigarh,North,2023-02-21,Active
C07810,Sophia Patel,sophia.patel7810@example.com,18,Male,Delhi,North,2024-05-25,Active
C07811,Michael Williams,michael.williams7811@example.com,40,Female,Guwahati,East,2025-06-28,Active
C07812,Michael Sharma,michael.sharma7812@example.com,33,Female,Mumbai,West,2023-05-04,Active
C07813,Sanjay Miller,sanjay.miller7813@example.com,36,Male,Bhubaneswar,East,2025-06-14,Active
C07814,Ananya Davis,ananya.davis7814@example.com,31,Other,Pune,West,2023-01-03,Active
C07815,William Joshi,william.joshi7815@example.com,36,Other,Kochi,South,2023-08-02,Active
C07816,Varun Wilson,varun.wilson7816@example.com,36,Male,Nagpur,West,2024-12-26,Inactive
C07817,Olivia Joshi,olivia.joshi7817@example.com,29,Male,Ahmedabad,West,2023-07-03,Active
C07818,Rohan Reddy,rohan.reddy7818@example.com,26,Male,Ahmedabad,West,2025-02-03,Inactive
C07819,Vikram Anderson,vikram.anderson7819@example.com,30,Male,Mysuru,South,2024-07-05,Active
C07820,Aditya Malhotra,aditya.malhotra7820@example.com,37,Other,Chandigarh,North,2023-07-17,Active
C07821,Vikram Miller,vikram.miller7821@example.com,40,Other,Patna,East,2023-10-02,Active
C07822,James Williams,james.williams7822@example.com,43,Female,Amritsar,North,2024-11-06,Active
C07823,Daniel Mehta,daniel.mehta7823@example.com,30,Other,Pune,West,2023-07-27,Active
C07824,Mia Moore,mia.moore7824@example.com,37,Male,Amritsar,North,2025-02-24,Active
C07825,Nikhil Rao,nikhil.rao7825@example.com,44,Other,Lucknow,North,2024-10-13,Active
C07826,Daniel Malhotra,daniel.malhotra7826@example.com,46,Male,Kolkata,East,2023-11-25,Active
C07827,Arjun Miller,arjun.miller7827@example.com,34,Male,Chennai,South,2025-03-20,Active
C07828,Daniel Johnson,daniel.johnson7828@example.com,32,Female,Hyderabad,South,2024-04-08,Active
C07829,Ishita Williams,ishita.williams7829@example.com,36,Male,Chandigarh,North,2023-10-08,Active
C07830,Meera Reddy,meera.reddy7830@example.com,23,Other,Ranchi,East,2024-02-22,Active
C07831,Karan Sharma,karan.sharma7831@example.com,33,Male,Nagpur,West,2025-01-07,Active
C07832,Vikram Sharma,vikram.sharma7832@example.com,42,Male,Bhubaneswar,East,2023-01-02,Inactive
C07833,Ishita Iyer,ishita.iyer7833@example.com,41,Female,Nagpur,West,2024-01-23,Active
C07834,Meera Miller,meera.miller7834@example.com,32,Female,Ahmedabad,West,2024-01-07,Active
C07835,Rahul Williams,rahul.williams7835@example.com,37,Other,Mysuru,South,2024-05-03,Active
C07836,Michael Patel,michael.patel7836@example.com,26,Female,Kolkata,East,2023-01-03,Active
C07837,Aarav Anderson,aarav.anderson7837@example.com,42,Other,Guwahati,East,2023-06-05,Active
C07838,Sophia Nair,sophia.nair7838@example.com,34,Female,Amritsar,North,2025-02-18,Active
C07839,James Brown,james.brown7839@example.com,32,Other,Lucknow,North,2023-01-24,Inactive
C07840,William Iyer,william.iyer7840@example.com,31,Male,Chandigarh,North,2025-05-20,Inactive
C07841,William Sharma,william.sharma7841@example.com,34,Female,Pune,West,2023-07-28,Active
C07842,Kavya Davis,kavya.davis7842@example.com,30,Male,Bhubaneswar,East,2024-05-17,Active
C07843,David Kapoor,david.kapoor7843@example.com,41,Male,Dehradun,North,2024-08-15,Active
C07844,Ishita Patel,ishita.patel7844@example.com,31,Female,Mumbai,West,2023-04-25,Inactive
C07845,Karan Kumar,karan.kumar7845@example.com,50,Female,Chandigarh,North,2024-09-10,Active
C07846,Aanya Iyer,aanya.iyer7846@example.com,49,Other,Surat,West,2023-03-02,Active
C07847,Olivia Williams,olivia.williams7847@example.com,26,Other,Chandigarh,North,2025-05-25,Active
C07848,Meera Wilson,meera.wilson7848@example.com,35,Male,Goa,West,2023-04-17,Active
C07849,Nikhil Patel,nikhil.patel7849@example.com,28,Other,Ranchi,East,2024-09-28,Active
C07850,Nikhil Mehta,nikhil.mehta7850@example.com,31,Other,Amritsar,North,2024-03-06,Inactive
C07851,Divya Smith,divya.smith7851@example.com,55,Male,Bengaluru,South,2023-01-19,Active
C07852,Sanjay Nair,sanjay.nair7852@example.com,31,Other,Goa,West,2024-04-25,Active
C07853,Michael Gupta,michael.gupta7853@example.com,38,Female,Chennai,South,2023-12-23,Active
C07854,Olivia Kapoor,olivia.kapoor7854@example.com,40,Male,Goa,West,2024-04-02,Inactive
C07855,Sneha Sharma,sneha.sharma7855@example.com,24,Male,Mysuru,South,2024-08-06,Active
C07856,Vikram Brown,vikram.brown7856@example.com,26,Female,Lucknow,North,2024-08-27,Inactive
C07857,Sophia Gupta,sophia.gupta7857@example.com,22,Male,Delhi,North,2024-01-29,Active
C07858,Olivia Reddy,olivia.reddy7858@example.com,26,Male,Mysuru,South,2025-05-05,Active
C07859,Sanjay Reddy,sanjay.reddy7859@example.com,18,Female,Nagpur,West,2023-01-19,Active
C07860,Michael Joshi,michael.joshi7860@example.com,40,Female,Chennai,South,2024-09-15,Active
C07861,Sneha Malhotra,sneha.malhotra7861@example.com,55,Male,Dehradun,North,2024-03-06,Active
C07862,Vikram Wilson,vikram.wilson7862@example.com,36,Other,Amritsar,North,2023-06-21,Active
C07863,Ananya Das,ananya.das7863@example.com,20,Other,Mysuru,South,2024-02-23,Active
C07864,Arjun Rao,arjun.rao7864@example.com,28,Male,Goa,West,2025-06-22,Active
C07865,Ananya Smith,ananya.smith7865@example.com,30,Other,Lucknow,North,2023-03-18,Active
C07866,Sophia Sharma,sophia.sharma7866@example.com,24,Male,Goa,West,2023-10-10,Inactive
C07867,Meera Taylor,meera.taylor7867@example.com,43,Female,Lucknow,North,2023-10-16,Active
C07868,Olivia Johnson,olivia.johnson7868@example.com,43,Male,Lucknow,North,2023-12-03,Active
C07869,Vikram Singh,vikram.singh7869@example.com,23,Female,Coimbatore,South,2024-07-27,Active
C07870,Daniel Reddy,daniel.reddy7870@example.com,42,Other,Dehradun,North,2024-12-03,Active
C07871,Divya Smith,divya.smith7871@example.com,50,Female,Delhi,North,2024-11-25,Active
C07872,Arjun Nair,arjun.nair7872@example.com,54,Female,Goa,West,2025-05-30,Active
C07873,Karan Kumar,karan.kumar7873@example.com,63,Male,Nagpur,West,2024-05-03,Active
C07874,Vikram Verma,vikram.verma7874@example.com,25,Male,Coimbatore,South,2024-02-24,Inactive
C07875,Kavya Sharma,kavya.sharma7875@example.com,63,Female,Mumbai,West,2025-01-28,Active
C07876,Rahul Mehta,rahul.mehta7876@example.com,31,Other,Guwahati,East,2023-01-12,Active
C07877,James Wilson,james.wilson7877@example.com,29,Other,Surat,West,2024-12-20,Active
C07878,Neha Sharma,neha.sharma7878@example.com,38,Male,Pune,West,2023-08-25,Active
C07879,Arjun Taylor,arjun.taylor7879@example.com,29,Other,Lucknow,North,2025-06-04,Active
C07880,Varun Johnson,varun.johnson7880@example.com,38,Other,Ahmedabad,West,2024-03-21,Active
C07881,Neha Davis,neha.davis7881@example.com,21,Female,Mysuru,South,2024-10-10,Inactive
C07882,Daniel Kumar,daniel.kumar7882@example.com,32,Other,Ahmedabad,West,2023-10-04,Active
C07883,Mia Gupta,mia.gupta7883@example.com,47,Male,Guwahati,East,2024-01-07,Active
C07884,Aarav Singh,aarav.singh7884@example.com,34,Female,Delhi,North,2023-08-26,Active
C07885,Nikhil Anderson,nikhil.anderson7885@example.com,36,Female,Bengaluru,South,2024-12-15,Active
C07886,Aditya Williams,aditya.williams7886@example.com,39,Female,Amritsar,North,2025-05-20,Active
C07887,Priya Rao,priya.rao7887@example.com,46,Other,Goa,West,2024-11-05,Active
C07888,Rohan Moore,rohan.moore7888@example.com,18,Female,Patna,East,2023-09-20,Active
C07889,Sneha Smith,sneha.smith7889@example.com,40,Other,Hyderabad,South,2023-01-05,Active
C07890,Pooja Joshi,pooja.joshi7890@example.com,32,Other,Patna,East,2023-10-11,Active
C07891,Rohan Davis,rohan.davis7891@example.com,36,Other,Kolkata,East,2025-02-20,Inactive
C07892,Priya Gupta,priya.gupta7892@example.com,45,Female,Bhubaneswar,East,2024-01-06,Active
C07893,Pooja Rao,pooja.rao7893@example.com,23,Male,Coimbatore,South,2024-04-18,Active
C07894,Rahul Wilson,rahul.wilson7894@example.com,24,Other,Chennai,South,2023-08-14,Active
C07895,James Singh,james.singh7895@example.com,18,Male,Chennai,South,2025-01-26,Active
C07896,Sophia Williams,sophia.williams7896@example.com,29,Female,Ranchi,East,2023-11-30,Inactive
C07897,Aarav Brown,aarav.brown7897@example.com,48,Male,Coimbatore,South,2025-06-26,Active
C07898,Meera Moore,meera.moore7898@example.com,33,Female,Delhi,North,2025-05-27,Active
C07899,Aanya Nair,aanya.nair7899@example.com,21,Other,Guwahati,East,2023-06-24,Active
C07900,Pooja Wilson,pooja.wilson7900@example.com,30,Other,Kolkata,East,2023-06-13,Active
C07901,Emma Das,emma.das7901@example.com,20,Other,Chennai,South,2024-03-27,Active
C07902,Emma Malhotra,emma.malhotra7902@example.com,23,Male,Mysuru,South,2025-02-23,Active
C07903,Daniel Das,daniel.das7903@example.com,38,Other,Mysuru,South,2024-04-19,Active
C07904,Sanjay Patel,sanjay.patel7904@example.com,23,Female,Mumbai,West,2023-12-27,Active
C07905,Rahul Anderson,rahul.anderson7905@example.com,46,Male,Kochi,South,2024-12-24,Active
C07906,Ishita Sharma,ishita.sharma7906@example.com,34,Male,Surat,West,2023-03-28,Active
C07907,Nikhil Taylor,nikhil.taylor7907@example.com,35,Male,Mysuru,South,2025-03-05,Active
C07908,William Nair,william.nair7908@example.com,32,Female,Kolkata,East,2024-05-03,Inactive
C07909,Kavya Smith,kavya.smith7909@example.com,42,Other,Nagpur,West,2024-11-22,Active
C07910,Sneha Malhotra,sneha.malhotra7910@example.com,42,Other,Mumbai,West,2024-08-24,Active
C07911,Aarav Moore,aarav.moore7911@example.com,38,Female,Amritsar,North,2023-09-12,Active
C07912,James Singh,james.singh7912@example.com,40,Other,Jaipur,North,2025-03-12,Active
C07913,Nikhil Moore,nikhil.moore7913@example.com,32,Other,Ahmedabad,West,2024-01-08,Inactive
C07914,Vikram Nair,vikram.nair7914@example.com,40,Female,Surat,West,2023-04-27,Active
C07915,Rahul Verma,rahul.verma7915@example.com,31,Male,Ranchi,East,2023-01-13,Active
C07916,Michael Kapoor,michael.kapoor7916@example.com,35,Female,Chennai,South,2024-11-23,Active
C07917,Varun Wilson,varun.wilson7917@example.com,32,Other,Coimbatore,South,2024-01-31,Active
C07918,Arjun Johnson,arjun.johnson7918@example.com,30,Other,Chandigarh,North,2025-06-22,Inactive
C07919,Meera Williams,meera.williams7919@example.com,28,Other,Dehradun,North,2025-03-27,Active
C07920,Arjun Patel,arjun.patel7920@example.com,39,Female,Patna,East,2024-11-04,Inactive
C07921,Emma Singh,emma.singh7921@example.com,48,Other,Coimbatore,South,2023-05-25,Active
C07922,Sanjay Taylor,sanjay.taylor7922@example.com,46,Female,Coimbatore,South,2023-01-16,Active
C07923,Sanjay Das,sanjay.das7923@example.com,22,Other,Kochi,South,2024-05-22,Active
C07924,Sneha Kapoor,sneha.kapoor7924@example.com,47,Other,Delhi,North,2023-07-15,Active
C07925,Divya Iyer,divya.iyer7925@example.com,31,Other,Ranchi,East,2024-10-28,Active
C07926,Daniel Patel,daniel.patel7926@example.com,41,Other,Chennai,South,2024-08-18,Active
C07927,Rahul Gupta,rahul.gupta7927@example.com,25,Female,Kolkata,East,2023-06-22,Active
C07928,Kavya Smith,kavya.smith7928@example.com,36,Other,Dehradun,North,2024-01-28,Active
C07929,David Sharma,david.sharma7929@example.com,38,Female,Delhi,North,2023-04-12,Active
C07930,James Joshi,james.joshi7930@example.com,20,Male,Bengaluru,South,2023-09-08,Active
C07931,Aarav Smith,aarav.smith7931@example.com,41,Other,Goa,West,2023-12-08,Inactive
C07932,Sophia Anderson,sophia.anderson7932@example.com,48,Female,Patna,East,2023-08-03,Active
C07933,Michael Kumar,michael.kumar7933@example.com,33,Male,Pune,West,2023-06-27,Active
C07934,Isabella Kapoor,isabella.kapoor7934@example.com,48,Male,Surat,West,2025-06-03,Active
C07935,James Williams,james.williams7935@example.com,33,Male,Hyderabad,South,2024-12-01,Inactive
C07936,Sneha Smith,sneha.smith7936@example.com,43,Female,Lucknow,North,2024-12-16,Active
C07937,Pooja Iyer,pooja.iyer7937@example.com,18,Female,Goa,West,2024-06-08,Active
C07938,Ananya Johnson,ananya.johnson7938@example.com,59,Male,Bhubaneswar,East,2024-07-23,Active
C07939,Sophia Smith,sophia.smith7939@example.com,49,Other,Delhi,North,2024-04-28,Active
C07940,Arjun Moore,arjun.moore7940@example.com,32,Other,Coimbatore,South,2023-08-22,Active
C07941,Ishita Davis,ishita.davis7941@example.com,18,Other,Kochi,South,2024-03-27,Active
C07942,Aanya Singh,aanya.singh7942@example.com,37,Other,Jaipur,North,2023-08-06,Active
C07943,Sanjay Kumar,sanjay.kumar7943@example.com,20,Female,Chandigarh,North,2025-03-16,Active
C07944,James Rao,james.rao7944@example.com,39,Male,Bhubaneswar,East,2024-05-20,Inactive
C07945,Kavya Iyer,kavya.iyer7945@example.com,39,Other,Delhi,North,2025-04-11,Active
C07946,Aarav Mehta,aarav.mehta7946@example.com,25,Male,Pune,West,2024-01-26,Active
C07947,David Joshi,david.joshi7947@example.com,46,Male,Pune,West,2024-07-20,Inactive
C07948,Varun Das,varun.das7948@example.com,43,Male,Delhi,North,2023-04-10,Inactive
C07949,Nikhil Davis,nikhil.davis7949@example.com,44,Other,Delhi,North,2025-05-09,Active
C07950,Sneha Joshi,sneha.joshi7950@example.com,35,Other,Kolkata,East,2023-06-23,Active
C07951,Rohan Wilson,rohan.wilson7951@example.com,20,Female,Delhi,North,2023-02-02,Active
C07952,Neha Sharma,neha.sharma7952@example.com,44,Male,Amritsar,North,2025-06-05,Inactive
C07953,Divya Joshi,divya.joshi7953@example.com,32,Male,Ranchi,East,2025-06-05,Active
C07954,Mia Malhotra,,21,Female,Mumbai,West,2023-05-27,Inactive
C07955,Daniel Taylor,daniel.taylor7955@example.com,48,Female,Hyderabad,South,2024-01-09,Active
C07956,Emma Gupta,emma.gupta7956@example.com,55,Other,Chandigarh,North,2024-12-02,Inactive
C07957,Sneha Gupta,sneha.gupta7957@example.com,34,Female,Bhubaneswar,East,2023-01-28,Active
C07958,Priya Kapoor,priya.kapoor7958@example.com,56,Male,Nagpur,West,2023-11-30,Inactive
C07959,William Williams,william.williams7959@example.com,35,Female,Lucknow,North,2024-01-22,Inactive
C07960,Aanya Das,aanya.das7960@example.com,31,Other,Pune,West,2023-03-18,Active
C07961,Rohan Rao,rohan.rao7961@example.com,28,Other,Kolkata,East,2023-05-09,Active
C07962,Rohan Patel,rohan.patel7962@example.com,51,Other,Surat,West,2025-05-04,Inactive
C07963,Aarav Brown,aarav.brown7963@example.com,27,Female,Chennai,South,2023-04-06,Active
C07964,Varun Miller,varun.miller7964@example.com,42,Other,Chennai,South,2024-03-05,Active
C07965,Varun Patel,varun.patel7965@example.com,29,Male,Bengaluru,South,2025-03-25,Active
C07966,Vikram Gupta,vikram.gupta7966@example.com,30,Male,Ranchi,East,2024-09-11,Active
C07967,Aarav Moore,aarav.moore7967@example.com,45,Male,Guwahati,East,2023-01-29,Active
C07968,Karan Singh,karan.singh7968@example.com,31,Other,Kolkata,East,2024-01-22,Active
C07969,James Nair,,30,Female,Delhi,North,2024-06-15,Active
C07970,Karan Das,karan.das7970@example.com,46,Male,Lucknow,North,2025-04-30,Active
C07971,Vikram Anderson,vikram.anderson7971@example.com,50,Other,Coimbatore,South,2024-01-15,Inactive
C07972,James Wilson,james.wilson7972@example.com,41,Other,Guwahati,East,2025-01-05,Inactive
C07973,Neha Miller,neha.miller7973@example.com,28,Male,Nagpur,West,2023-03-02,Active
C07974,Mia Davis,mia.davis7974@example.com,29,Male,Dehradun,North,2023-05-24,Active
C07975,Karan Das,karan.das7975@example.com,35,Male,Delhi,North,2024-09-06,Active
C07976,Emma Sharma,emma.sharma7976@example.com,38,Other,Chandigarh,North,2023-04-25,Inactive
C07977,Nikhil Iyer,nikhil.iyer7977@example.com,25,Male,Kolkata,East,2025-01-30,Active
C07978,William Malhotra,william.malhotra7978@example.com,42,Female,Kochi,South,2024-10-11,Active
C07979,Karan Kumar,karan.kumar7979@example.com,35,Female,Lucknow,North,2024-10-25,Active
C07980,Daniel Smith,daniel.smith7980@example.com,18,Other,Mysuru,South,2023-10-18,Inactive
C07981,Meera Johnson,meera.johnson7981@example.com,25,Other,Ahmedabad,West,2025-06-10,Active
C07982,Aarav Singh,aarav.singh7982@example.com,29,Male,Pune,West,2023-09-21,Inactive
C07983,David Sharma,david.sharma7983@example.com,34,Male,Mumbai,West,2024-01-28,Active
C07984,Neha Brown,neha.brown7984@example.com,53,Female,Bhubaneswar,East,2025-02-09,Active
C07985,Sophia Singh,sophia.singh7985@example.com,37,Other,Patna,East,2024-12-28,Inactive
C07986,Olivia Williams,olivia.williams7986@example.com,26,Female,Mumbai,West,2023-10-30,Active
C07987,Ishita Williams,ishita.williams7987@example.com,37,Female,Lucknow,North,2023-12-30,Active
C07988,Rahul Miller,rahul.miller7988@example.com,31,Other,Delhi,North,2023-01-19,Inactive
C07989,Pooja Gupta,pooja.gupta7989@example.com,38,Female,Patna,East,2024-03-10,Inactive
C07990,Sophia Malhotra,sophia.malhotra7990@example.com,40,Other,Bhubaneswar,East,2023-05-23,Active
C07991,Daniel Reddy,daniel.reddy7991@example.com,47,Male,Kochi,South,2025-03-13,Active
C07992,Aditya Patel,aditya.patel7992@example.com,34,Other,Chennai,South,2024-06-18,Active
C07993,Neha Malhotra,neha.malhotra7993@example.com,51,Male,Nagpur,West,2023-06-04,Inactive
C07994,Nikhil Nair,nikhil.nair7994@example.com,44,Male,Mumbai,West,2024-05-18,Active
C07995,Priya Verma,priya.verma7995@example.com,27,Female,Mumbai,West,2023-06-23,Active
C07996,Olivia Reddy,olivia.reddy7996@example.com,57,Male,Mysuru,South,2023-09-18,Active
C07997,Priya Verma,priya.verma7997@example.com,38,Other,Surat,West,2023-01-29,Inactive
C07998,Mia Reddy,mia.reddy7998@example.com,26,Female,Patna,East,2024-01-14,Active
C07999,Karan Rao,karan.rao7999@example.com,51,Female,Delhi,North,2024-09-20,Active
C08000,Priya Johnson,priya.johnson8000@example.com,55,Male,Guwahati,East,2024-04-01,Active
C08001,Michael Davis,michael.davis8001@example.com,34,Other,Bengaluru,South,2024-02-20,Active
C08002,Michael Anderson,michael.anderson8002@example.com,29,Other,Delhi,North,2023-06-17,Active
C08003,Olivia Das,olivia.das8003@example.com,33,Female,Nagpur,West,2023-04-22,Active
C08004,Neha Joshi,neha.joshi8004@example.com,42,Female,Chandigarh,North,2025-01-08,Active
C08005,Vikram Malhotra,vikram.malhotra8005@example.com,47,Other,Surat,West,2025-04-16,Active
C08006,David Patel,david.patel8006@example.com,40,Other,Chennai,South,2023-09-25,Inactive
C08007,Olivia Reddy,olivia.reddy8007@example.com,36,Other,Dehradun,North,2025-06-06,Inactive
C08008,Sophia Williams,sophia.williams8008@example.com,49,Other,Bhubaneswar,East,2024-08-01,Active
C08009,David Williams,david.williams8009@example.com,31,Other,Mumbai,West,2025-06-24,Active
C08010,Aarav Singh,aarav.singh8010@example.com,45,Other,Mumbai,West,2023-12-19,Active
C08011,Sneha Smith,sneha.smith8011@example.com,32,Other,Lucknow,North,2025-05-28,Active
C08012,Aarav Rao,aarav.rao8012@example.com,39,Male,Bhubaneswar,East,2024-11-19,Inactive
C08013,William Williams,william.williams8013@example.com,33,Male,Ahmedabad,West,2024-07-03,Active
C08014,Sophia Smith,sophia.smith8014@example.com,34,Male,Amritsar,North,2025-03-08,Active
C08015,Michael Patel,michael.patel8015@example.com,31,Female,Coimbatore,South,2023-07-19,Active
C08016,Sneha Sharma,sneha.sharma8016@example.com,48,Other,Surat,West,2024-11-17,Active
C08017,Kavya Smith,kavya.smith8017@example.com,27,Female,Jaipur,North,2023-01-20,Active
C08018,Pooja Malhotra,pooja.malhotra8018@example.com,27,Female,Nagpur,West,2024-08-29,Active
C08019,Isabella Miller,isabella.miller8019@example.com,56,Male,Amritsar,North,2025-01-22,Active
C08020,David Kumar,david.kumar8020@example.com,44,Other,Chandigarh,North,2024-04-14,Active
C08021,Neha Anderson,neha.anderson8021@example.com,18,Female,Ranchi,East,2023-12-23,Inactive
C08022,Isabella Kapoor,isabella.kapoor8022@example.com,29,Other,Kolkata,East,2023-04-30,Inactive
C08023,Nikhil Kapoor,nikhil.kapoor8023@example.com,18,Female,Coimbatore,South,2023-08-01,Active
C08024,Ananya Anderson,ananya.anderson8024@example.com,25,Other,Bhubaneswar,East,2024-10-10,Active
C08025,Pooja Kapoor,pooja.kapoor8025@example.com,18,Other,Ranchi,East,2023-11-19,Active
C08026,Priya Williams,priya.williams8026@example.com,33,Female,Goa,West,2023-07-04,Active
C08027,James Brown,james.brown8027@example.com,23,Male,Bengaluru,South,2023-06-21,Inactive
C08028,Michael Patel,michael.patel8028@example.com,35,Male,Kochi,South,2024-11-23,Inactive
C08029,Olivia Patel,olivia.patel8029@example.com,18,Female,Amritsar,North,2024-02-23,Active
C08030,Mia Mehta,mia.mehta8030@example.com,35,Male,Kolkata,East,2024-12-02,Active
C08031,David Malhotra,david.malhotra8031@example.com,30,Female,Hyderabad,South,2024-06-14,Active
C08032,Varun Anderson,varun.anderson8032@example.com,50,Other,Bengaluru,South,2024-03-30,Active
C08033,Daniel Taylor,daniel.taylor8033@example.com,49,Female,Dehradun,North,2023-02-04,Inactive
C08034,Ananya Brown,ananya.brown8034@example.com,42,Male,Amritsar,North,2023-06-13,Active
C08035,Meera Taylor,meera.taylor8035@example.com,31,Male,Bengaluru,South,2024-03-28,Active
C08036,Sneha Johnson,sneha.johnson8036@example.com,54,Male,Kochi,South,2023-03-10,Active
C08037,Vikram Gupta,vikram.gupta8037@example.com,19,Female,Amritsar,North,2023-03-18,Active
C08038,Ananya Kapoor,ananya.kapoor8038@example.com,20,Other,Nagpur,West,2024-07-29,Active
C08039,Ananya Taylor,ananya.taylor8039@example.com,34,Female,Delhi,North,2024-04-17,Active
C08040,Nikhil Gupta,nikhil.gupta8040@example.com,57,Female,Hyderabad,South,2024-04-17,Active
C08041,Ishita Nair,ishita.nair8041@example.com,32,Male,Mysuru,South,2023-10-15,Inactive
C08042,Sophia Kapoor,sophia.kapoor8042@example.com,33,Female,Patna,East,2024-04-07,Inactive
C08043,Daniel Kumar,daniel.kumar8043@example.com,20,Female,Hyderabad,South,2024-06-08,Active
C08044,Karan Rao,karan.rao8044@example.com,44,Female,Kochi,South,2024-10-14,Active
C08045,Isabella Miller,isabella.miller8045@example.com,44,Other,Amritsar,North,2025-06-28,Active
C08046,Rohan Patel,rohan.patel8046@example.com,42,Male,Coimbatore,South,2023-11-02,Active
C08047,Sanjay Taylor,sanjay.taylor8047@example.com,28,Male,Ranchi,East,2024-02-19,Active
C08048,Sanjay Smith,sanjay.smith8048@example.com,27,Male,Mumbai,West,2025-06-30,Active
C08049,Sanjay Wilson,sanjay.wilson8049@example.com,22,Other,Kolkata,East,2023-02-08,Active
C08050,Neha Joshi,neha.joshi8050@example.com,35,Other,Chennai,South,2023-07-09,Active
C08051,Arjun Malhotra,arjun.malhotra8051@example.com,24,Male,Kochi,South,2023-09-26,Active
C08052,Nikhil Gupta,nikhil.gupta8052@example.com,23,Female,Amritsar,North,2025-05-04,Active
C08053,Rohan Moore,rohan.moore8053@example.com,30,Male,Guwahati,East,2024-06-12,Active
C08054,Michael Singh,michael.singh8054@example.com,30,Other,Pune,West,2025-01-25,Active
C08055,Aditya Sharma,aditya.sharma8055@example.com,29,Other,Lucknow,North,2023-08-23,Active
C08056,Varun Kumar,varun.kumar8056@example.com,39,Other,Chennai,South,2023-03-24,Active
C08057,Vikram Williams,vikram.williams8057@example.com,35,Male,Surat,West,2025-01-12,Active
C08058,Sophia Kumar,sophia.kumar8058@example.com,32,Male,Goa,West,2025-06-17,Active
C08059,Rahul Moore,rahul.moore8059@example.com,36,Male,Nagpur,West,2024-10-12,Active
C08060,Arjun Das,arjun.das8060@example.com,25,Female,Amritsar,North,2023-08-01,Active
C08061,James Smith,james.smith8061@example.com,36,Other,Chennai,South,2023-09-13,Active
C08062,Rohan Joshi,rohan.joshi8062@example.com,36,Female,Hyderabad,South,2023-03-06,Active
C08063,Sanjay Nair,sanjay.nair8063@example.com,19,Male,Bengaluru,South,2025-01-13,Active
C08064,Aarav Singh,aarav.singh8064@example.com,44,Other,Surat,West,2024-05-19,Active
C08065,Priya Kapoor,priya.kapoor8065@example.com,26,Other,Chandigarh,North,2024-12-03,Active
C08066,Aditya Moore,aditya.moore8066@example.com,35,Male,Delhi,North,2023-09-12,Active
C08067,Kavya Reddy,kavya.reddy8067@example.com,46,Male,Surat,West,2024-06-27,Active
C08068,Divya Miller,divya.miller8068@example.com,44,Male,Kochi,South,2024-09-08,Active
C08069,Sneha Anderson,sneha.anderson8069@example.com,35,Male,Guwahati,East,2025-03-06,Active
C08070,Sophia Malhotra,sophia.malhotra8070@example.com,31,Other,Bengaluru,South,2024-06-13,Active
C08071,Ishita Rao,,44,Other,Goa,West,2023-11-21,Active
C08072,Sanjay Taylor,sanjay.taylor8072@example.com,41,Male,Goa,West,2023-09-06,Inactive
C08073,Nikhil Verma,nikhil.verma8073@example.com,28,Other,Hyderabad,South,2023-11-04,Active
C08074,Isabella Wilson,isabella.wilson8074@example.com,27,Male,Mumbai,West,2023-12-15,Active
C08075,Aanya Moore,aanya.moore8075@example.com,18,Female,Bengaluru,South,2024-05-25,Active
C08076,Varun Mehta,varun.mehta8076@example.com,36,Female,Dehradun,North,2024-05-18,Active
C08077,James Reddy,james.reddy8077@example.com,34,Male,Lucknow,North,2024-07-28,Inactive
C08078,Neha Malhotra,neha.malhotra8078@example.com,46,Male,Lucknow,North,2025-06-27,Inactive
C08079,Rohan Anderson,rohan.anderson8079@example.com,38,Female,Amritsar,North,2023-05-12,Active
C08080,Sanjay Iyer,sanjay.iyer8080@example.com,48,Female,Ahmedabad,West,2023-07-10,Active
C08081,Daniel Johnson,daniel.johnson8081@example.com,28,Female,Goa,West,2024-12-20,Active
C08082,Sophia Malhotra,sophia.malhotra8082@example.com,46,Female,Bengaluru,South,2024-02-22,Active
C08083,Divya Miller,divya.miller8083@example.com,29,Other,Pune,West,2023-12-06,Active
C08084,Kavya Williams,kavya.williams8084@example.com,42,Other,Kochi,South,2023-02-20,Active
C08085,Arjun Moore,arjun.moore8085@example.com,20,Female,Ahmedabad,West,2024-08-30,Active
C08086,Karan Moore,karan.moore8086@example.com,37,Male,Kochi,South,2024-11-22,Active
C08087,Michael Reddy,michael.reddy8087@example.com,18,Other,Ranchi,East,2023-10-06,Active
C08088,Nikhil Brown,nikhil.brown8088@example.com,32,Other,Ranchi,East,2024-05-22,Inactive
C08089,Rahul Moore,rahul.moore8089@example.com,39,Other,Guwahati,East,2023-10-11,Inactive
C08090,Arjun Johnson,arjun.johnson8090@example.com,29,Other,Kochi,South,2025-04-03,Active
C08091,Neha Nair,,24,Other,Kochi,South,2025-06-16,Active
C08092,Michael Davis,michael.davis8092@example.com,43,Female,Bengaluru,South,2023-02-08,Active
C08093,Aditya Sharma,aditya.sharma8093@example.com,33,Male,Patna,East,2023-12-26,Inactive
C08094,Daniel Patel,daniel.patel8094@example.com,30,Male,Surat,West,2023-05-04,Inactive
C08095,Aditya Williams,aditya.williams8095@example.com,35,Other,Coimbatore,South,2024-07-13,Inactive
C08096,Emma Sharma,emma.sharma8096@example.com,61,Male,Mumbai,West,2024-03-24,Active
C08097,Varun Nair,varun.nair8097@example.com,46,Male,Bengaluru,South,2023-08-17,Inactive
C08098,Rohan Brown,rohan.brown8098@example.com,46,Female,Lucknow,North,2023-04-03,Active
C08099,David Johnson,david.johnson8099@example.com,39,Male,Goa,West,2024-06-08,Active
C08100,Isabella Kumar,isabella.kumar8100@example.com,36,Male,Patna,East,2024-06-20,Active
C08101,William Williams,william.williams8101@example.com,18,Female,Amritsar,North,2023-01-04,Inactive
C08102,Sophia Gupta,sophia.gupta8102@example.com,28,Other,Coimbatore,South,2023-03-23,Active
C08103,Priya Wilson,priya.wilson8103@example.com,30,Female,Kolkata,East,2025-03-24,Active
C08104,Ishita Patel,ishita.patel8104@example.com,18,Male,Bhubaneswar,East,2025-06-27,Inactive
C08105,Ishita Das,ishita.das8105@example.com,23,Female,Ranchi,East,2024-05-01,Active
C08106,Daniel Singh,daniel.singh8106@example.com,18,Other,Pune,West,2023-03-14,Inactive
C08107,Emma Anderson,emma.anderson8107@example.com,34,Male,Nagpur,West,2025-03-14,Active
C08108,Aditya Brown,aditya.brown8108@example.com,43,Male,Lucknow,North,2024-06-19,Active
C08109,Aanya Williams,aanya.williams8109@example.com,46,Female,Kolkata,East,2023-01-07,Active
C08110,William Kumar,william.kumar8110@example.com,39,Female,Surat,West,2025-06-18,Inactive
C08111,Aditya Gupta,aditya.gupta8111@example.com,25,Male,Dehradun,North,2024-03-27,Active
C08112,Priya Nair,priya.nair8112@example.com,18,Female,Dehradun,North,2024-12-11,Active
C08113,Varun Reddy,varun.reddy8113@example.com,18,Other,Nagpur,West,2023-03-28,Active
C08114,David Joshi,david.joshi8114@example.com,22,Other,Mysuru,South,2024-04-07,Active
C08115,Vikram Joshi,vikram.joshi8115@example.com,26,Male,Patna,East,2024-01-29,Active
C08116,Meera Sharma,meera.sharma8116@example.com,33,Female,Bhubaneswar,East,2023-07-19,Active
C08117,Neha Davis,neha.davis8117@example.com,24,Other,Mysuru,South,2024-08-25,Inactive
C08118,Emma Patel,emma.patel8118@example.com,38,Other,Surat,West,2024-12-22,Active
C08119,Nikhil Anderson,nikhil.anderson8119@example.com,32,Female,Amritsar,North,2024-06-13,Active
C08120,Neha Miller,neha.miller8120@example.com,35,Male,Kolkata,East,2023-07-17,Active
C08121,Sanjay Malhotra,sanjay.malhotra8121@example.com,46,Female,Chennai,South,2023-12-08,Active
C08122,Mia Williams,mia.williams8122@example.com,23,Male,Mumbai,West,2025-06-06,Active
C08123,Priya Miller,priya.miller8123@example.com,39,Other,Jaipur,North,2024-09-13,Active
C08124,Daniel Moore,daniel.moore8124@example.com,34,Female,Amritsar,North,2023-10-29,Active
C08125,Priya Reddy,priya.reddy8125@example.com,31,Male,Dehradun,North,2023-10-09,Inactive
C08126,William Malhotra,william.malhotra8126@example.com,43,Other,Patna,East,2024-09-17,Active
C08127,Priya Iyer,priya.iyer8127@example.com,43,Female,Chandigarh,North,2024-02-01,Active
C08128,Sneha Patel,sneha.patel8128@example.com,25,Female,Pune,West,2024-10-18,Active
C08129,Nikhil Smith,nikhil.smith8129@example.com,33,Male,Ahmedabad,West,2024-03-28,Active
C08130,Sophia Patel,sophia.patel8130@example.com,37,Female,Kolkata,East,2023-04-12,Active
C08131,Pooja Joshi,pooja.joshi8131@example.com,32,Female,Surat,West,2024-09-12,Active
C08132,Rahul Taylor,rahul.taylor8132@example.com,40,Male,Mysuru,South,2023-10-05,Inactive
C08133,Rohan Malhotra,rohan.malhotra8133@example.com,37,Male,Surat,West,2024-08-26,Active
C08134,Michael Malhotra,michael.malhotra8134@example.com,53,Other,Patna,East,2023-05-02,Active
C08135,Neha Iyer,neha.iyer8135@example.com,19,Female,Amritsar,North,2024-11-17,Active
C08136,James Davis,james.davis8136@example.com,33,Other,Coimbatore,South,2023-10-12,Inactive
C08137,Mia Taylor,mia.taylor8137@example.com,25,Other,Coimbatore,South,2023-05-22,Active
C08138,Varun Mehta,varun.mehta8138@example.com,41,Male,Surat,West,2023-08-30,Active
C08139,Vikram Anderson,vikram.anderson8139@example.com,18,Other,Surat,West,2024-06-17,Active
C08140,Isabella Sharma,isabella.sharma8140@example.com,38,Other,Goa,West,2025-02-23,Active
C08141,Varun Reddy,varun.reddy8141@example.com,28,Female,Pune,West,2023-05-06,Active
C08142,Varun Patel,varun.patel8142@example.com,27,Other,Chennai,South,2025-01-12,Inactive
C08143,Aanya Wilson,aanya.wilson8143@example.com,20,Female,Guwahati,East,2025-03-19,Active
C08144,Priya Malhotra,priya.malhotra8144@example.com,30,Male,Ahmedabad,West,2024-04-08,Active
C08145,Aditya Taylor,aditya.taylor8145@example.com,45,Male,Patna,East,2024-05-06,Active
C08146,Divya Iyer,divya.iyer8146@example.com,34,Female,Delhi,North,2024-04-16,Inactive
C08147,Pooja Mehta,pooja.mehta8147@example.com,41,Male,Coimbatore,South,2024-04-12,Active
C08148,Sneha Davis,sneha.davis8148@example.com,51,Male,Amritsar,North,2023-09-16,Active
C08149,Nikhil Johnson,nikhil.johnson8149@example.com,37,Male,Jaipur,North,2024-07-26,Inactive
C08150,Aditya Kapoor,aditya.kapoor8150@example.com,29,Other,Jaipur,North,2024-09-04,Active
C08151,David Sharma,david.sharma8151@example.com,39,Other,Dehradun,North,2024-10-29,Active
C08152,Nikhil Sharma,nikhil.sharma8152@example.com,29,Other,Surat,West,2024-04-25,Active
C08153,Varun Miller,varun.miller8153@example.com,29,Other,Jaipur,North,2024-10-01,Active
C08154,Karan Malhotra,karan.malhotra8154@example.com,19,Other,Chennai,South,2024-05-04,Active
C08155,William Rao,william.rao8155@example.com,44,Male,Ranchi,East,2025-02-20,Inactive
C08156,Sanjay Joshi,sanjay.joshi8156@example.com,31,Male,Mumbai,West,2024-02-21,Active
C08157,Michael Smith,michael.smith8157@example.com,36,Female,Nagpur,West,2023-03-13,Active
C08158,Michael Johnson,michael.johnson8158@example.com,24,Female,Bengaluru,South,2023-08-01,Active
C08159,Aarav Gupta,aarav.gupta8159@example.com,39,Male,Jaipur,North,2025-02-01,Active
C08160,Olivia Davis,olivia.davis8160@example.com,27,Other,Chennai,South,2024-03-07,Active
C08161,Karan Das,karan.das8161@example.com,33,Female,Ranchi,East,2024-08-03,Active
C08162,Sneha Joshi,sneha.joshi8162@example.com,43,Female,Lucknow,North,2023-10-03,Inactive
C08163,Varun Miller,varun.miller8163@example.com,42,Female,Chennai,South,2023-10-22,Active
C08164,Nikhil Joshi,nikhil.joshi8164@example.com,34,Male,Dehradun,North,2023-02-19,Inactive
C08165,James Verma,james.verma8165@example.com,18,Other,Delhi,North,2024-09-22,Active
C08166,Priya Johnson,priya.johnson8166@example.com,64,Male,Guwahati,East,2023-01-25,Active
C08167,Ishita Rao,ishita.rao8167@example.com,52,Female,Hyderabad,South,2023-11-26,Active
C08168,Sanjay Kapoor,sanjay.kapoor8168@example.com,42,Other,Ranchi,East,2024-03-04,Active
C08169,Divya Verma,divya.verma8169@example.com,27,Male,Delhi,North,2023-07-12,Active
C08170,Sophia Nair,sophia.nair8170@example.com,33,Male,Bhubaneswar,East,2023-10-06,Inactive
C08171,Daniel Malhotra,daniel.malhotra8171@example.com,29,Female,Lucknow,North,2024-06-10,Active
C08172,Meera Smith,meera.smith8172@example.com,47,Female,Kochi,South,2025-05-15,Active
C08173,Nikhil Taylor,nikhil.taylor8173@example.com,37,Other,Kochi,South,2025-01-30,Inactive
C08174,Sneha Iyer,sneha.iyer8174@example.com,27,Female,Bengaluru,South,2025-05-11,Active
C08175,Arjun Johnson,arjun.johnson8175@example.com,30,Female,Hyderabad,South,2023-09-20,Active
C08176,Karan Reddy,karan.reddy8176@example.com,46,Female,Surat,West,2025-06-08,Inactive
C08177,William Moore,william.moore8177@example.com,51,Female,Coimbatore,South,2023-02-24,Active
C08178,Aarav Gupta,aarav.gupta8178@example.com,50,Male,Kolkata,East,2024-07-01,Active
C08179,Olivia Verma,olivia.verma8179@example.com,42,Other,Pune,West,2024-02-22,Active
C08180,Vikram Miller,vikram.miller8180@example.com,32,Female,Bengaluru,South,2024-01-14,Active
C08181,Meera Taylor,meera.taylor8181@example.com,18,Male,Patna,East,2023-05-11,Active
C08182,Michael Anderson,michael.anderson8182@example.com,37,Other,Jaipur,North,2023-10-15,Active
C08183,Olivia Verma,olivia.verma8183@example.com,34,Female,Surat,West,2023-09-24,Active
C08184,Isabella Davis,isabella.davis8184@example.com,36,Other,Delhi,North,2024-09-24,Active
C08185,Olivia Gupta,olivia.gupta8185@example.com,35,Female,Lucknow,North,2023-08-06,Active
C08186,Aditya Miller,aditya.miller8186@example.com,21,Other,Bhubaneswar,East,2025-04-18,Active
C08187,Daniel Sharma,daniel.sharma8187@example.com,40,Female,Nagpur,West,2024-12-11,Inactive
C08188,Sophia Smith,sophia.smith8188@example.com,41,Female,Jaipur,North,2024-12-29,Active
C08189,Sneha Taylor,sneha.taylor8189@example.com,41,Female,Kolkata,East,2025-03-04,Active
C08190,Arjun Smith,arjun.smith8190@example.com,44,Other,Guwahati,East,2023-11-21,Active
C08191,Vikram Patel,vikram.patel8191@example.com,41,Female,Mysuru,South,2024-11-18,Inactive
C08192,James Das,james.das8192@example.com,30,Male,Ranchi,East,2023-05-15,Active
C08193,Daniel Miller,daniel.miller8193@example.com,34,Female,Dehradun,North,2023-04-22,Active
C08194,Nikhil Gupta,nikhil.gupta8194@example.com,35,Other,Guwahati,East,2024-03-26,Active
C08195,Sneha Kumar,sneha.kumar8195@example.com,36,Female,Hyderabad,South,2024-07-01,Active
C08196,Michael Davis,michael.davis8196@example.com,44,Female,Bhubaneswar,East,2023-10-05,Inactive
C08197,Aarav Moore,aarav.moore8197@example.com,41,Female,Coimbatore,South,2023-09-18,Active
C08198,Priya Anderson,priya.anderson8198@example.com,55,Other,Amritsar,North,2025-02-11,Active
C08199,Pooja Johnson,pooja.johnson8199@example.com,57,Female,Kolkata,East,2023-09-06,Active
C08200,Varun Sharma,varun.sharma8200@example.com,35,Male,Bhubaneswar,East,2023-09-03,Active
C08201,Emma Davis,emma.davis8201@example.com,18,Male,Bengaluru,South,2025-06-20,Active
C08202,Olivia Das,olivia.das8202@example.com,47,Other,Lucknow,North,2024-01-12,Active
C08203,David Smith,david.smith8203@example.com,29,Female,Pune,West,2024-09-13,Active
C08204,Emma Malhotra,emma.malhotra8204@example.com,26,Other,Ahmedabad,West,2024-12-09,Active
C08205,Sneha Davis,sneha.davis8205@example.com,31,Other,Coimbatore,South,2025-03-02,Active
C08206,Varun Wilson,varun.wilson8206@example.com,30,Female,Delhi,North,2023-03-23,Inactive
C08207,Kavya Malhotra,kavya.malhotra8207@example.com,41,Other,Ranchi,East,2023-07-11,Active
C08208,Isabella Williams,isabella.williams8208@example.com,19,Female,Dehradun,North,2024-05-08,Active
C08209,Nikhil Smith,nikhil.smith8209@example.com,24,Male,Coimbatore,South,2023-01-13,Active
C08210,Divya Johnson,divya.johnson8210@example.com,38,Female,Amritsar,North,2025-04-13,Active
C08211,Michael Miller,michael.miller8211@example.com,41,Other,Ranchi,East,2025-01-18,Active
C08212,Aditya Kapoor,aditya.kapoor8212@example.com,41,Male,Ahmedabad,West,2024-11-16,Active
C08213,Nikhil Sharma,nikhil.sharma8213@example.com,27,Male,Nagpur,West,2023-06-10,Active
C08214,Sanjay Malhotra,sanjay.malhotra8214@example.com,25,Female,Ahmedabad,West,2023-02-24,Active
C08215,Rahul Patel,rahul.patel8215@example.com,29,Female,Dehradun,North,2023-12-16,Inactive
C08216,Vikram Joshi,vikram.joshi8216@example.com,37,Other,Hyderabad,South,2023-02-18,Inactive
C08217,Varun Sharma,varun.sharma8217@example.com,49,Other,Bhubaneswar,East,2024-02-13,Inactive
C08218,Pooja Gupta,pooja.gupta8218@example.com,18,Other,Ranchi,East,2023-06-21,Active
C08219,William Anderson,william.anderson8219@example.com,32,Female,Patna,East,2023-01-14,Active
C08220,Ananya Williams,ananya.williams8220@example.com,21,Female,Mysuru,South,2023-03-24,Inactive
C08221,Arjun Verma,arjun.verma8221@example.com,18,Male,Delhi,North,2025-02-14,Active
C08222,Mia Verma,mia.verma8222@example.com,44,Other,Surat,West,2024-11-28,Inactive
C08223,Karan Davis,karan.davis8223@example.com,40,Other,Dehradun,North,2023-09-16,Inactive
C08224,Daniel Anderson,daniel.anderson8224@example.com,39,Female,Mumbai,West,2024-03-01,Active
C08225,Arjun Sharma,arjun.sharma8225@example.com,44,Female,Ranchi,East,2024-12-12,Active
C08226,Nikhil Iyer,nikhil.iyer8226@example.com,30,Female,Bhubaneswar,East,2024-01-11,Active
C08227,Sneha Kumar,sneha.kumar8227@example.com,30,Other,Amritsar,North,2025-02-19,Active
C08228,Aarav Reddy,aarav.reddy8228@example.com,56,Other,Dehradun,North,2024-01-31,Active
C08229,Arjun Iyer,arjun.iyer8229@example.com,32,Male,Bengaluru,South,2024-08-05,Inactive
C08230,Neha Reddy,neha.reddy8230@example.com,42,Other,Chandigarh,North,2024-01-28,Inactive
C08231,Aanya Johnson,aanya.johnson8231@example.com,35,Female,Bhubaneswar,East,2023-01-25,Active
C08232,Isabella Wilson,isabella.wilson8232@example.com,18,Male,Coimbatore,South,2023-04-09,Active
C08233,Rahul Nair,rahul.nair8233@example.com,18,Female,Bengaluru,South,2025-05-06,Active
C08234,Ananya Patel,ananya.patel8234@example.com,29,Female,Ranchi,East,2023-02-19,Active
C08235,Nikhil Miller,nikhil.miller8235@example.com,45,Male,Chandigarh,North,2024-05-18,Inactive
C08236,Vikram Kumar,vikram.kumar8236@example.com,42,Other,Hyderabad,South,2023-05-01,Active
C08237,Sophia Davis,sophia.davis8237@example.com,44,Male,Pune,West,2024-05-30,Active
C08238,Sophia Johnson,sophia.johnson8238@example.com,25,Other,Goa,West,2023-02-17,Active
C08239,Aanya Taylor,aanya.taylor8239@example.com,51,Female,Chandigarh,North,2025-02-24,Active
C08240,Isabella Wilson,isabella.wilson8240@example.com,25,Female,Nagpur,West,2025-01-27,Active
C08241,Michael Das,michael.das8241@example.com,37,Female,Ranchi,East,2024-08-29,Active
C08242,Sneha Joshi,sneha.joshi8242@example.com,34,Other,Mysuru,South,2024-04-17,Inactive
C08243,Michael Taylor,michael.taylor8243@example.com,33,Female,Guwahati,East,2025-02-25,Active
C08244,William Williams,william.williams8244@example.com,48,Other,Delhi,North,2025-01-03,Active
C08245,William Brown,william.brown8245@example.com,27,Other,Mysuru,South,2023-10-17,Active
C08246,Priya Gupta,priya.gupta8246@example.com,21,Male,Ahmedabad,West,2024-07-04,Active
C08247,Rohan Mehta,rohan.mehta8247@example.com,35,Male,Bhubaneswar,East,2023-01-26,Active
C08248,Sophia Malhotra,sophia.malhotra8248@example.com,31,Male,Hyderabad,South,2023-01-03,Active
C08249,Ishita Iyer,ishita.iyer8249@example.com,68,Female,Surat,West,2024-04-02,Active
C08250,Sophia Moore,sophia.moore8250@example.com,41,Male,Ahmedabad,West,2024-03-10,Active
C08251,Arjun Kumar,arjun.kumar8251@example.com,30,Female,Chennai,South,2025-05-24,Active
C08252,Rohan Das,rohan.das8252@example.com,24,Other,Hyderabad,South,2023-06-17,Active
C08253,Sneha Wilson,sneha.wilson8253@example.com,18,Male,Kochi,South,2025-06-05,Active
C08254,Mia Mehta,mia.mehta8254@example.com,24,Other,Dehradun,North,2025-05-13,Active
C08255,David Moore,david.moore8255@example.com,36,Other,Amritsar,North,2024-12-31,Active
C08256,Priya Anderson,priya.anderson8256@example.com,49,Female,Delhi,North,2024-05-29,Active
C08257,Aanya Joshi,aanya.joshi8257@example.com,46,Female,Bhubaneswar,East,2024-11-28,Inactive
C08258,Rahul Reddy,rahul.reddy8258@example.com,37,Male,Surat,West,2023-05-17,Active
C08259,Ananya Sharma,ananya.sharma8259@example.com,31,Other,Goa,West,2024-06-27,Inactive
C08260,David Kapoor,david.kapoor8260@example.com,37,Male,Surat,West,2024-01-12,Active
C08261,Mia Kapoor,mia.kapoor8261@example.com,29,Female,Bhubaneswar,East,2023-07-26,Inactive
C08262,Arjun Sharma,arjun.sharma8262@example.com,52,Female,Mumbai,West,2025-02-22,Active
C08263,Meera Smith,meera.smith8263@example.com,33,Other,Goa,West,2024-03-19,Active
C08264,Neha Brown,neha.brown8264@example.com,34,Male,Kolkata,East,2023-12-25,Inactive
C08265,Kavya Williams,kavya.williams8265@example.com,18,Female,Ranchi,East,2023-07-16,Active
C08266,Aditya Verma,aditya.verma8266@example.com,33,Female,Bhubaneswar,East,2024-04-15,Active
C08267,Varun Williams,varun.williams8267@example.com,43,Other,Goa,West,2024-12-12,Active
C08268,Olivia Williams,olivia.williams8268@example.com,24,Female,Pune,West,2023-04-01,Active
C08269,Sneha Taylor,sneha.taylor8269@example.com,27,Male,Mumbai,West,2024-11-15,Active
C08270,William Sharma,william.sharma8270@example.com,42,Male,Nagpur,West,2023-09-29,Active
C08271,Ishita Moore,ishita.moore8271@example.com,20,Other,Amritsar,North,2023-03-05,Active
C08272,Daniel Anderson,daniel.anderson8272@example.com,45,Male,Lucknow,North,2024-09-27,Active
C08273,Olivia Miller,olivia.miller8273@example.com,29,Other,Nagpur,West,2023-08-16,Active
C08274,Neha Brown,neha.brown8274@example.com,31,Female,Dehradun,North,2023-06-04,Active
C08275,James Reddy,james.reddy8275@example.com,23,Female,Mumbai,West,2024-10-15,Inactive
C08276,Sneha Anderson,sneha.anderson8276@example.com,38,Other,Bhubaneswar,East,2025-03-03,Active
C08277,Mia Anderson,mia.anderson8277@example.com,59,Other,Pune,West,2025-04-15,Active
C08278,Priya Johnson,priya.johnson8278@example.com,42,Other,Chandigarh,North,2025-02-21,Active
C08279,Karan Patel,karan.patel8279@example.com,26,Other,Ranchi,East,2025-04-28,Active
C08280,Mia Williams,mia.williams8280@example.com,46,Other,Hyderabad,South,2023-03-01,Active
C08281,Sanjay Gupta,sanjay.gupta8281@example.com,31,Female,Dehradun,North,2023-07-24,Active
C08282,Sneha Iyer,sneha.iyer8282@example.com,48,Female,Kochi,South,2024-06-24,Active
C08283,Divya Miller,divya.miller8283@example.com,43,Male,Surat,West,2023-10-19,Active
C08284,Ananya Moore,ananya.moore8284@example.com,18,Female,Patna,East,2024-04-19,Active
C08285,Pooja Taylor,pooja.taylor8285@example.com,24,Female,Amritsar,North,2023-09-05,Active
C08286,Pooja Nair,pooja.nair8286@example.com,44,Male,Ahmedabad,West,2024-09-09,Active
C08287,Sanjay Rao,sanjay.rao8287@example.com,36,Other,Kochi,South,2023-11-06,Active
C08288,Emma Miller,emma.miller8288@example.com,24,Male,Amritsar,North,2024-08-20,Inactive
C08289,Olivia Verma,olivia.verma8289@example.com,28,Other,Chandigarh,North,2024-12-27,Active
C08290,Vikram Smith,vikram.smith8290@example.com,18,Male,Patna,East,2024-01-22,Active
C08291,Sneha Kumar,sneha.kumar8291@example.com,34,Male,Pune,West,2023-12-12,Active
C08292,Michael Johnson,michael.johnson8292@example.com,57,Female,Mysuru,South,2024-02-07,Inactive
C08293,Aarav Mehta,aarav.mehta8293@example.com,43,Male,Chennai,South,2024-09-29,Active
C08294,Mia Malhotra,mia.malhotra8294@example.com,56,Female,Patna,East,2023-12-16,Active
C08295,Karan Davis,karan.davis8295@example.com,43,Female,Chennai,South,2024-06-12,Active
C08296,Varun Verma,varun.verma8296@example.com,45,Male,Chandigarh,North,2024-05-03,Active
C08297,Sneha Das,sneha.das8297@example.com,54,Other,Mumbai,West,2024-11-03,Active
C08298,Vikram Miller,vikram.miller8298@example.com,38,Female,Patna,East,2023-01-30,Active
C08299,Daniel Sharma,daniel.sharma8299@example.com,33,Female,Kolkata,East,2025-04-04,Inactive
C08300,James Smith,james.smith8300@example.com,45,Male,Patna,East,2024-05-11,Active
C08301,Nikhil Smith,nikhil.smith8301@example.com,49,Female,Guwahati,East,2023-04-28,Active
C08302,Priya Malhotra,priya.malhotra8302@example.com,30,Female,Hyderabad,South,2023-02-17,Active
C08303,Ishita Davis,ishita.davis8303@example.com,27,Female,Bengaluru,South,2024-07-07,Active
C08304,Ishita Singh,ishita.singh8304@example.com,36,Female,Chennai,South,2025-04-25,Inactive
C08305,Isabella Sharma,isabella.sharma8305@example.com,43,Other,Chandigarh,North,2023-07-13,Inactive
C08306,Ananya Brown,ananya.brown8306@example.com,42,Female,Chennai,South,2024-12-17,Inactive
C08307,Ananya Mehta,ananya.mehta8307@example.com,20,Male,Ranchi,East,2023-04-16,Active
C08308,Daniel Kumar,daniel.kumar8308@example.com,54,Female,Delhi,North,2024-11-20,Active
C08309,Daniel Wilson,daniel.wilson8309@example.com,28,Other,Coimbatore,South,2025-06-27,Active
C08310,Sanjay Miller,sanjay.miller8310@example.com,32,Male,Coimbatore,South,2025-04-04,Active
C08311,Kavya Moore,kavya.moore8311@example.com,25,Male,Patna,East,2024-11-21,Active
C08312,Arjun Singh,arjun.singh8312@example.com,61,Female,Surat,West,2024-05-16,Active
C08313,Daniel Smith,daniel.smith8313@example.com,37,Female,Ranchi,East,2023-07-19,Inactive
C08314,Ananya Wilson,ananya.wilson8314@example.com,26,Female,Amritsar,North,2023-10-16,Active
C08315,Mia Smith,mia.smith8315@example.com,43,Male,Kolkata,East,2024-11-03,Active
C08316,Varun Miller,varun.miller8316@example.com,42,Male,Bengaluru,South,2025-06-01,Active
C08317,Divya Anderson,divya.anderson8317@example.com,33,Female,Amritsar,North,2023-11-30,Active
C08318,Rahul Moore,rahul.moore8318@example.com,43,Other,Kolkata,East,2023-09-08,Active
C08319,Rahul Kapoor,rahul.kapoor8319@example.com,26,Other,Patna,East,2023-11-23,Active
C08320,Aarav Verma,aarav.verma8320@example.com,30,Male,Coimbatore,South,2024-07-17,Inactive
C08321,Priya Kapoor,priya.kapoor8321@example.com,18,Male,Ranchi,East,2023-01-14,Active
C08322,Kavya Sharma,kavya.sharma8322@example.com,21,Other,Guwahati,East,2025-06-08,Active
C08323,James Rao,james.rao8323@example.com,53,Male,Delhi,North,2023-01-01,Active
C08324,Kavya Singh,kavya.singh8324@example.com,51,Other,Kochi,South,2024-02-11,Inactive
C08325,Priya Taylor,priya.taylor8325@example.com,35,Other,Nagpur,West,2025-05-17,Active
C08326,Aarav Malhotra,aarav.malhotra8326@example.com,51,Male,Jaipur,North,2023-03-04,Inactive
C08327,Varun Taylor,varun.taylor8327@example.com,33,Male,Chandigarh,North,2023-06-20,Active
C08328,Daniel Joshi,daniel.joshi8328@example.com,32,Male,Surat,West,2023-04-26,Active
C08329,Isabella Moore,isabella.moore8329@example.com,35,Male,Lucknow,North,2024-08-15,Inactive
C08330,Aarav Anderson,aarav.anderson8330@example.com,33,Other,Chandigarh,North,2023-05-10,Active
C08331,Olivia Verma,olivia.verma8331@example.com,32,Other,Coimbatore,South,2024-08-31,Active
C08332,Kavya Kapoor,kavya.kapoor8332@example.com,46,Male,Mysuru,South,2023-12-07,Active
C08333,Varun Verma,varun.verma8333@example.com,36,Other,Chennai,South,2025-06-22,Active
C08334,Daniel Mehta,daniel.mehta8334@example.com,42,Other,Nagpur,West,2023-11-28,Active
C08335,Divya Singh,divya.singh8335@example.com,45,Other,Delhi,North,2023-08-24,Inactive
C08336,Isabella Smith,isabella.smith8336@example.com,38,Other,Patna,East,2023-12-23,Active
C08337,Daniel Rao,daniel.rao8337@example.com,25,Female,Coimbatore,South,2024-02-14,Active
C08338,Arjun Wilson,arjun.wilson8338@example.com,21,Other,Chandigarh,North,2023-01-28,Active
C08339,Rohan Sharma,rohan.sharma8339@example.com,36,Other,Ahmedabad,West,2024-10-13,Active
C08340,Vikram Taylor,vikram.taylor8340@example.com,33,Other,Mumbai,West,2024-09-07,Active
C08341,Isabella Davis,isabella.davis8341@example.com,35,Female,Dehradun,North,2023-03-08,Active
C08342,Daniel Patel,daniel.patel8342@example.com,34,Male,Bhubaneswar,East,2024-04-20,Active
C08343,Aditya Mehta,aditya.mehta8343@example.com,60,Other,Lucknow,North,2023-03-24,Active
C08344,Daniel Verma,daniel.verma8344@example.com,21,Other,Chandigarh,North,2023-10-14,Active
C08345,Emma Brown,emma.brown8345@example.com,18,Female,Guwahati,East,2024-08-23,Active
C08346,Isabella Verma,isabella.verma8346@example.com,38,Female,Amritsar,North,2023-07-08,Active
C08347,Emma Johnson,emma.johnson8347@example.com,31,Male,Ahmedabad,West,2025-06-25,Active
C08348,William Patel,william.patel8348@example.com,38,Other,Hyderabad,South,2024-10-15,Active
C08349,Sophia Sharma,sophia.sharma8349@example.com,40,Male,Ranchi,East,2024-08-06,Inactive
C08350,Michael Wilson,michael.wilson8350@example.com,47,Other,Bhubaneswar,East,2023-11-26,Active
C08351,Mia Davis,mia.davis8351@example.com,19,Male,Mysuru,South,2023-12-05,Active
C08352,Sanjay Sharma,sanjay.sharma8352@example.com,29,Other,Ranchi,East,2024-12-05,Active
C08353,Emma Sharma,emma.sharma8353@example.com,39,Male,Goa,West,2023-04-17,Active
C08354,Michael Gupta,michael.gupta8354@example.com,42,Female,Jaipur,North,2025-05-27,Active
C08355,Divya Miller,divya.miller8355@example.com,56,Other,Chennai,South,2023-10-20,Active
C08356,Rahul Das,rahul.das8356@example.com,44,Male,Delhi,North,2024-08-08,Active
C08357,Nikhil Singh,nikhil.singh8357@example.com,34,Female,Nagpur,West,2024-12-12,Active
C08358,Divya Das,divya.das8358@example.com,26,Female,Mumbai,West,2024-12-06,Active
C08359,Kavya Brown,kavya.brown8359@example.com,29,Female,Chennai,South,2023-10-23,Active
C08360,Olivia Johnson,olivia.johnson8360@example.com,29,Male,Hyderabad,South,2023-12-08,Active
C08361,Ananya Wilson,ananya.wilson8361@example.com,41,Male,Amritsar,North,2023-02-07,Active
C08362,Vikram Miller,vikram.miller8362@example.com,37,Female,Pune,West,2023-11-11,Active
C08363,Aarav Mehta,aarav.mehta8363@example.com,21,Male,Amritsar,North,2023-02-16,Active
C08364,Aarav Iyer,aarav.iyer8364@example.com,30,Other,Bengaluru,South,2024-05-03,Inactive
C08365,Rohan Anderson,rohan.anderson8365@example.com,43,Female,Pune,West,2024-07-22,Active
C08366,Isabella Brown,isabella.brown8366@example.com,38,Female,Coimbatore,South,2023-12-19,Inactive
C08367,Ishita Singh,ishita.singh8367@example.com,40,Female,Patna,East,2024-06-05,Active
C08368,David Johnson,david.johnson8368@example.com,38,Female,Ranchi,East,2023-01-26,Active
C08369,Vikram Smith,vikram.smith8369@example.com,51,Female,Surat,West,2024-06-21,Active
C08370,Isabella Smith,isabella.smith8370@example.com,37,Female,Ahmedabad,West,2023-04-25,Active
C08371,Priya Iyer,priya.iyer8371@example.com,31,Female,Delhi,North,2023-09-25,Active
C08372,Isabella Rao,isabella.rao8372@example.com,25,Male,Patna,East,2023-10-20,Active
C08373,Varun Mehta,varun.mehta8373@example.com,37,Other,Bhubaneswar,East,2024-10-03,Inactive
C08374,Nikhil Sharma,nikhil.sharma8374@example.com,18,Female,Patna,East,2025-04-17,Active
C08375,Aanya Iyer,aanya.iyer8375@example.com,33,Other,Patna,East,2025-02-02,Active
C08376,Aanya Kapoor,aanya.kapoor8376@example.com,32,Other,Kochi,South,2023-12-09,Active
C08377,Ananya Williams,ananya.williams8377@example.com,21,Female,Amritsar,North,2024-10-25,Active
C08378,Daniel Davis,daniel.davis8378@example.com,25,Female,Ahmedabad,West,2023-11-30,Active
C08379,Varun Smith,varun.smith8379@example.com,43,Male,Bengaluru,South,2024-11-12,Active
C08380,Arjun Davis,arjun.davis8380@example.com,37,Other,Chennai,South,2024-09-21,Active
C08381,Arjun Reddy,arjun.reddy8381@example.com,36,Other,Nagpur,West,2023-01-06,Inactive
C08382,James Malhotra,james.malhotra8382@example.com,38,Female,Surat,West,2025-04-17,Active
C08383,Kavya Davis,kavya.davis8383@example.com,35,Male,Lucknow,North,2025-06-05,Active
C08384,Rahul Malhotra,rahul.malhotra8384@example.com,47,Male,Guwahati,East,2023-09-22,Active
C08385,Michael Mehta,michael.mehta8385@example.com,36,Female,Goa,West,2023-09-16,Inactive
C08386,Neha Anderson,neha.anderson8386@example.com,20,Female,Mysuru,South,2024-02-04,Active
C08387,Sanjay Kapoor,sanjay.kapoor8387@example.com,51,Male,Mysuru,South,2024-02-05,Active
C08388,Mia Smith,mia.smith8388@example.com,38,Other,Dehradun,North,2024-05-07,Active
C08389,Emma Iyer,emma.iyer8389@example.com,29,Other,Ahmedabad,West,2024-11-21,Active
C08390,Arjun Davis,arjun.davis8390@example.com,22,Female,Bhubaneswar,East,2024-10-11,Active
C08391,Nikhil Williams,nikhil.williams8391@example.com,38,Other,Dehradun,North,2023-02-07,Active
C08392,Rohan Wilson,rohan.wilson8392@example.com,33,Male,Lucknow,North,2023-05-18,Inactive
C08393,Aditya Moore,aditya.moore8393@example.com,50,Female,Lucknow,North,2023-11-03,Active
C08394,Divya Das,divya.das8394@example.com,31,Other,Patna,East,2025-02-19,Inactive
C08395,Varun Iyer,varun.iyer8395@example.com,26,Female,Surat,West,2024-08-01,Inactive
C08396,Priya Kapoor,priya.kapoor8396@example.com,43,Other,Dehradun,North,2023-04-03,Active
C08397,Sneha Malhotra,sneha.malhotra8397@example.com,44,Male,Goa,West,2023-04-22,Active
C08398,Varun Nair,varun.nair8398@example.com,36,Male,Chennai,South,2023-06-25,Active
C08399,Varun Moore,varun.moore8399@example.com,41,Male,Patna,East,2023-07-26,Active
C08400,Aanya Taylor,aanya.taylor8400@example.com,34,Male,Guwahati,East,2023-10-23,Active
C08401,Mia Kumar,mia.kumar8401@example.com,37,Female,Mumbai,West,2023-07-03,Active
C08402,Michael Gupta,michael.gupta8402@example.com,46,Female,Ahmedabad,West,2023-04-16,Inactive
C08403,Rahul Smith,rahul.smith8403@example.com,41,Female,Guwahati,East,2023-07-25,Active
C08404,Rohan Kumar,rohan.kumar8404@example.com,33,Female,Jaipur,North,2023-09-20,Active
C08405,Sanjay Taylor,sanjay.taylor8405@example.com,48,Male,Jaipur,North,2023-02-15,Inactive
C08406,Isabella Brown,isabella.brown8406@example.com,18,Female,Dehradun,North,2023-08-26,Inactive
C08407,Rohan Mehta,rohan.mehta8407@example.com,55,Other,Bhubaneswar,East,2024-03-01,Active
C08408,Sneha Taylor,sneha.taylor8408@example.com,18,Female,Pune,West,2024-02-12,Active
C08409,Priya Williams,priya.williams8409@example.com,28,Other,Nagpur,West,2024-11-10,Inactive
C08410,Aditya Singh,aditya.singh8410@example.com,34,Male,Jaipur,North,2024-01-04,Active
C08411,Olivia Miller,olivia.miller8411@example.com,33,Other,Lucknow,North,2023-08-22,Inactive
C08412,Rahul Miller,rahul.miller8412@example.com,45,Male,Chandigarh,North,2024-11-15,Active
C08413,Vikram Taylor,vikram.taylor8413@example.com,24,Other,Kolkata,East,2025-03-24,Active
C08414,Karan Patel,karan.patel8414@example.com,37,Other,Bhubaneswar,East,2025-06-23,Active
C08415,Neha Miller,neha.miller8415@example.com,29,Female,Chennai,South,2023-06-07,Inactive
C08416,David Iyer,david.iyer8416@example.com,37,Other,Kolkata,East,2024-01-04,Active
C08417,Michael Joshi,,34,Male,Hyderabad,South,2023-04-29,Inactive
C08418,Vikram Das,vikram.das8418@example.com,35,Other,Delhi,North,2024-06-27,Inactive
C08419,Ishita Miller,ishita.miller8419@example.com,29,Male,Kochi,South,2023-07-21,Active
C08420,Michael Das,michael.das8420@example.com,29,Female,Mumbai,West,2024-07-29,Active
C08421,Aditya Das,aditya.das8421@example.com,37,Female,Bengaluru,South,2024-02-16,Active
C08422,Kavya Reddy,kavya.reddy8422@example.com,44,Other,Guwahati,East,2025-02-27,Active
C08423,Divya Williams,divya.williams8423@example.com,29,Female,Bhubaneswar,East,2023-11-01,Active
C08424,Kavya Patel,kavya.patel8424@example.com,26,Male,Goa,West,2025-06-14,Active
C08425,James Gupta,james.gupta8425@example.com,41,Male,Ranchi,East,2024-06-21,Active
C08426,Daniel Joshi,daniel.joshi8426@example.com,34,Male,Kochi,South,2024-08-14,Active
C08427,Vikram Malhotra,vikram.malhotra8427@example.com,43,Female,Lucknow,North,2023-01-27,Active
C08428,Aditya Kapoor,aditya.kapoor8428@example.com,25,Other,Kolkata,East,2025-05-08,Active
C08429,Divya Anderson,divya.anderson8429@example.com,18,Other,Guwahati,East,2024-10-11,Inactive
C08430,Karan Iyer,karan.iyer8430@example.com,29,Other,Dehradun,North,2024-02-11,Inactive
C08431,James Moore,james.moore8431@example.com,27,Male,Nagpur,West,2023-06-17,Active
C08432,Aanya Mehta,aanya.mehta8432@example.com,34,Male,Bhubaneswar,East,2023-01-19,Active
C08433,Arjun Williams,arjun.williams8433@example.com,28,Male,Mysuru,South,2025-06-07,Active
C08434,Pooja Kumar,pooja.kumar8434@example.com,42,Other,Goa,West,2025-05-18,Active
C08435,Varun Reddy,varun.reddy8435@example.com,32,Other,Chennai,South,2025-03-27,Active
C08436,William Patel,william.patel8436@example.com,36,Male,Bhubaneswar,East,2024-07-14,Active
C08437,Rohan Verma,rohan.verma8437@example.com,36,Other,Bengaluru,South,2024-02-26,Active
C08438,Aarav Moore,aarav.moore8438@example.com,36,Male,Lucknow,North,2024-10-13,Active
C08439,Rahul Singh,rahul.singh8439@example.com,34,Female,Patna,East,2025-01-25,Active
C08440,Sneha Sharma,sneha.sharma8440@example.com,40,Male,Chennai,South,2023-08-25,Active
C08441,Aarav Kumar,aarav.kumar8441@example.com,27,Male,Delhi,North,2023-05-13,Active
C08442,Olivia Wilson,olivia.wilson8442@example.com,48,Male,Coimbatore,South,2023-09-29,Active
C08443,Daniel Williams,daniel.williams8443@example.com,32,Female,Kolkata,East,2024-08-03,Active
C08444,Sneha Anderson,sneha.anderson8444@example.com,21,Male,Chennai,South,2024-09-10,Active
C08445,Daniel Brown,daniel.brown8445@example.com,36,Female,Mumbai,West,2023-07-08,Active
C08446,Emma Brown,emma.brown8446@example.com,26,Female,Ranchi,East,2023-10-20,Active
C08447,Varun Das,varun.das8447@example.com,41,Male,Surat,West,2024-01-20,Active
C08448,Kavya Gupta,kavya.gupta8448@example.com,57,Male,Kolkata,East,2024-10-19,Active
C08449,Sneha Rao,sneha.rao8449@example.com,27,Female,Chandigarh,North,2023-02-26,Active
C08450,Emma Iyer,emma.iyer8450@example.com,38,Female,Hyderabad,South,2024-04-26,Inactive
C08451,Arjun Brown,arjun.brown8451@example.com,18,Other,Kochi,South,2025-03-10,Active
C08452,Rahul Nair,rahul.nair8452@example.com,39,Female,Coimbatore,South,2025-04-11,Active
C08453,Nikhil Malhotra,nikhil.malhotra8453@example.com,26,Male,Nagpur,West,2024-07-10,Active
C08454,Neha Gupta,neha.gupta8454@example.com,28,Other,Mysuru,South,2023-06-09,Active
C08455,Divya Verma,divya.verma8455@example.com,23,Male,Pune,West,2023-07-10,Inactive
C08456,Sanjay Taylor,sanjay.taylor8456@example.com,42,Male,Bengaluru,South,2023-07-21,Active
C08457,Emma Verma,emma.verma8457@example.com,45,Male,Bhubaneswar,East,2023-12-12,Active
C08458,Rahul Brown,rahul.brown8458@example.com,35,Other,Chandigarh,North,2023-01-29,Active
C08459,David Taylor,david.taylor8459@example.com,26,Other,Kolkata,East,2023-04-09,Inactive
C08460,Priya Nair,priya.nair8460@example.com,50,Female,Kolkata,East,2023-06-14,Active
C08461,Sophia Das,sophia.das8461@example.com,27,Female,Chennai,South,2024-03-29,Active
C08462,James Rao,james.rao8462@example.com,18,Other,Coimbatore,South,2024-10-21,Active
C08463,Mia Verma,mia.verma8463@example.com,39,Other,Ranchi,East,2024-09-20,Active
C08464,Nikhil Mehta,nikhil.mehta8464@example.com,23,Male,Mysuru,South,2023-12-27,Inactive
C08465,William Taylor,william.taylor8465@example.com,44,Male,Guwahati,East,2023-08-01,Active
C08466,Daniel Williams,daniel.williams8466@example.com,31,Female,Goa,West,2025-03-17,Active
C08467,Sneha Anderson,sneha.anderson8467@example.com,41,Male,Lucknow,North,2024-08-16,Active
C08468,Kavya Brown,kavya.brown8468@example.com,49,Female,Patna,East,2024-08-07,Active
C08469,Sophia Brown,sophia.brown8469@example.com,22,Male,Chennai,South,2023-08-19,Active
C08470,Aarav Brown,aarav.brown8470@example.com,29,Male,Hyderabad,South,2024-07-26,Active
C08471,Meera Davis,meera.davis8471@example.com,34,Female,Amritsar,North,2024-05-30,Inactive
C08472,Nikhil Nair,nikhil.nair8472@example.com,50,Female,Nagpur,West,2025-01-06,Active
C08473,Emma Davis,emma.davis8473@example.com,28,Male,Bhubaneswar,East,2023-10-03,Active
C08474,Isabella Das,isabella.das8474@example.com,29,Male,Ranchi,East,2024-07-23,Active
C08475,Rahul Wilson,rahul.wilson8475@example.com,39,Male,Goa,West,2024-04-14,Inactive
C08476,Priya Iyer,priya.iyer8476@example.com,29,Male,Dehradun,North,2024-11-24,Active
C08477,Sophia Kumar,sophia.kumar8477@example.com,36,Other,Kolkata,East,2024-11-14,Active
C08478,Emma Kapoor,emma.kapoor8478@example.com,19,Male,Patna,East,2024-10-31,Active
C08479,Meera Wilson,meera.wilson8479@example.com,57,Female,Jaipur,North,2024-04-01,Active
C08480,Mia Williams,mia.williams8480@example.com,21,Female,Dehradun,North,2023-02-20,Active
C08481,Pooja Patel,pooja.patel8481@example.com,31,Male,Ahmedabad,West,2023-07-25,Active
C08482,William Nair,william.nair8482@example.com,34,Female,Bhubaneswar,East,2025-02-16,Active
C08483,Meera Iyer,meera.iyer8483@example.com,54,Female,Hyderabad,South,2025-05-20,Active
C08484,Meera Miller,meera.miller8484@example.com,21,Male,Bengaluru,South,2023-10-30,Inactive
C08485,James Wilson,james.wilson8485@example.com,54,Male,Kolkata,East,2024-05-04,Active
C08486,Vikram Gupta,vikram.gupta8486@example.com,42,Male,Mysuru,South,2023-02-14,Active
C08487,Kavya Rao,kavya.rao8487@example.com,39,Other,Ranchi,East,2023-01-31,Active
C08488,Emma Reddy,emma.reddy8488@example.com,25,Other,Bhubaneswar,East,2023-07-10,Active
C08489,Emma Anderson,emma.anderson8489@example.com,40,Female,Bhubaneswar,East,2023-10-10,Active
C08490,Kavya Malhotra,kavya.malhotra8490@example.com,27,Male,Ranchi,East,2024-03-21,Active
C08491,Neha Verma,neha.verma8491@example.com,47,Other,Ahmedabad,West,2024-02-28,Active
C08492,Nikhil Wilson,nikhil.wilson8492@example.com,25,Other,Hyderabad,South,2023-01-31,Active
C08493,Aanya Taylor,aanya.taylor8493@example.com,33,Male,Dehradun,North,2025-01-20,Active
C08494,William Nair,william.nair8494@example.com,29,Other,Chennai,South,2025-02-28,Active
C08495,Daniel Nair,daniel.nair8495@example.com,25,Male,Goa,West,2023-04-18,Active
C08496,James Williams,james.williams8496@example.com,42,Other,Ahmedabad,West,2023-01-21,Active
C08497,Arjun Patel,arjun.patel8497@example.com,40,Other,Guwahati,East,2025-03-08,Active
C08498,James Gupta,james.gupta8498@example.com,47,Other,Pune,West,2023-03-15,Active
C08499,Priya Sharma,priya.sharma8499@example.com,18,Female,Guwahati,East,2024-08-05,Active
C08500,Meera Nair,meera.nair8500@example.com,45,Male,Dehradun,North,2025-06-28,Active
C08501,Aanya Malhotra,aanya.malhotra8501@example.com,60,Male,Hyderabad,South,2024-11-18,Inactive
C08502,Aarav Das,aarav.das8502@example.com,30,Female,Hyderabad,South,2025-03-15,Active
C08503,Emma Smith,emma.smith8503@example.com,53,Other,Lucknow,North,2024-04-11,Active
C08504,Meera Sharma,meera.sharma8504@example.com,32,Female,Chandigarh,North,2024-03-31,Inactive
C08505,Vikram Kumar,vikram.kumar8505@example.com,21,Female,Kolkata,East,2024-06-18,Active
C08506,Karan Sharma,karan.sharma8506@example.com,31,Other,Lucknow,North,2023-12-26,Active
C08507,Pooja Patel,,45,Other,Kochi,South,2023-06-09,Active
C08508,Karan Kumar,karan.kumar8508@example.com,26,Male,Coimbatore,South,2023-12-09,Active
C08509,Meera Verma,meera.verma8509@example.com,28,Other,Dehradun,North,2024-04-27,Inactive
C08510,Michael Das,michael.das8510@example.com,40,Other,Bhubaneswar,East,2023-07-17,Active
C08511,Ananya Miller,ananya.miller8511@example.com,35,Female,Chandigarh,North,2023-11-30,Active
C08512,Priya Iyer,priya.iyer8512@example.com,40,Female,Ranchi,East,2023-08-09,Active
C08513,Rohan Brown,rohan.brown8513@example.com,37,Male,Chandigarh,North,2023-07-11,Active
C08514,Aditya Taylor,aditya.taylor8514@example.com,39,Male,Pune,West,2024-07-12,Active
C08515,William Taylor,william.taylor8515@example.com,30,Other,Patna,East,2023-07-01,Active
C08516,Sanjay Kapoor,sanjay.kapoor8516@example.com,37,Other,Amritsar,North,2025-03-21,Active
C08517,Varun Singh,varun.singh8517@example.com,25,Female,Nagpur,West,2025-02-23,Inactive
C08518,Aanya Kumar,aanya.kumar8518@example.com,47,Other,Kochi,South,2023-01-16,Inactive
C08519,William Williams,william.williams8519@example.com,28,Male,Hyderabad,South,2025-03-02,Active
C08520,Aarav Davis,aarav.davis8520@example.com,46,Other,Kolkata,East,2024-11-30,Active
C08521,Isabella Davis,isabella.davis8521@example.com,32,Female,Mysuru,South,2024-12-25,Active
C08522,James Miller,james.miller8522@example.com,37,Male,Mysuru,South,2024-06-12,Active
C08523,Aditya Moore,aditya.moore8523@example.com,30,Other,Kolkata,East,2025-06-03,Inactive
C08524,Vikram Miller,vikram.miller8524@example.com,24,Male,Chennai,South,2023-11-02,Active
C08525,Karan Kapoor,karan.kapoor8525@example.com,18,Female,Jaipur,North,2024-10-22,Active
C08526,Mia Moore,mia.moore8526@example.com,24,Female,Coimbatore,South,2024-10-02,Active
C08527,David Mehta,david.mehta8527@example.com,31,Other,Surat,West,2023-03-06,Inactive
C08528,Arjun Anderson,arjun.anderson8528@example.com,37,Male,Lucknow,North,2024-08-02,Active
C08529,David Malhotra,david.malhotra8529@example.com,45,Male,Mysuru,South,2025-04-18,Active
C08530,Meera Brown,meera.brown8530@example.com,30,Female,Dehradun,North,2024-05-24,Active
C08531,Karan Malhotra,karan.malhotra8531@example.com,26,Female,Mysuru,South,2024-06-03,Active
C08532,Sanjay Moore,sanjay.moore8532@example.com,20,Male,Mumbai,West,2023-09-15,Inactive
C08533,Ishita Reddy,,39,Other,Mysuru,South,2024-12-12,Inactive
C08534,Emma Anderson,emma.anderson8534@example.com,48,Male,Bengaluru,South,2023-12-30,Active
C08535,Kavya Verma,kavya.verma8535@example.com,47,Other,Hyderabad,South,2023-09-12,Active
C08536,William Moore,william.moore8536@example.com,42,Female,Mumbai,West,2024-10-20,Active
C08537,William Singh,william.singh8537@example.com,41,Other,Chandigarh,North,2025-04-11,Inactive
C08538,Rahul Joshi,rahul.joshi8538@example.com,51,Other,Dehradun,North,2025-05-12,Inactive
C08539,Kavya Kapoor,kavya.kapoor8539@example.com,38,Other,Dehradun,North,2024-03-09,Active
C08540,Kavya Mehta,kavya.mehta8540@example.com,41,Male,Delhi,North,2024-11-20,Active
C08541,Varun Verma,varun.verma8541@example.com,31,Other,Dehradun,North,2024-11-01,Active
C08542,David Brown,david.brown8542@example.com,21,Male,Surat,West,2025-02-14,Active
C08543,David Gupta,david.gupta8543@example.com,28,Male,Pune,West,2025-04-15,Active
C08544,Karan Joshi,karan.joshi8544@example.com,34,Other,Kolkata,East,2024-02-19,Active
C08545,Aarav Moore,aarav.moore8545@example.com,35,Female,Surat,West,2023-12-29,Active
C08546,Aanya Iyer,aanya.iyer8546@example.com,54,Male,Dehradun,North,2024-11-26,Active
C08547,Meera Miller,meera.miller8547@example.com,35,Other,Hyderabad,South,2023-07-11,Active
C08548,Ishita Kapoor,ishita.kapoor8548@example.com,46,Female,Lucknow,North,2023-11-16,Active
C08549,Isabella Singh,isabella.singh8549@example.com,30,Female,Kolkata,East,2023-08-05,Active
C08550,Ishita Sharma,ishita.sharma8550@example.com,31,Other,Mumbai,West,2023-07-04,Active
C08551,Karan Reddy,karan.reddy8551@example.com,21,Other,Chandigarh,North,2023-05-01,Active
C08552,David Nair,david.nair8552@example.com,27,Other,Dehradun,North,2025-06-17,Active
C08553,Sanjay Mehta,sanjay.mehta8553@example.com,40,Other,Surat,West,2023-01-15,Active
C08554,Nikhil Mehta,nikhil.mehta8554@example.com,35,Other,Chandigarh,North,2025-05-03,Inactive
C08555,Michael Brown,michael.brown8555@example.com,44,Female,Delhi,North,2024-03-25,Active
C08556,Olivia Patel,olivia.patel8556@example.com,36,Female,Dehradun,North,2023-07-12,Inactive
C08557,Emma Kumar,emma.kumar8557@example.com,31,Female,Bhubaneswar,East,2025-04-18,Active
C08558,Divya Iyer,divya.iyer8558@example.com,56,Male,Bengaluru,South,2025-01-03,Active
C08559,Mia Gupta,mia.gupta8559@example.com,34,Other,Mumbai,West,2023-03-02,Active
C08560,Kavya Kapoor,kavya.kapoor8560@example.com,46,Female,Ahmedabad,West,2025-05-20,Active
C08561,Ishita Gupta,ishita.gupta8561@example.com,30,Female,Surat,West,2023-03-18,Inactive
C08562,Olivia Moore,olivia.moore8562@example.com,42,Female,Chennai,South,2023-10-19,Active
C08563,Aarav Smith,aarav.smith8563@example.com,44,Male,Kochi,South,2023-06-24,Active
C08564,Aarav Gupta,aarav.gupta8564@example.com,37,Female,Dehradun,North,2024-07-06,Active
C08565,Aarav Rao,aarav.rao8565@example.com,18,Other,Delhi,North,2023-05-27,Active
C08566,Rahul Rao,rahul.rao8566@example.com,35,Female,Amritsar,North,2023-04-10,Active
C08567,Divya Wilson,divya.wilson8567@example.com,47,Other,Mumbai,West,2023-01-26,Active
C08568,James Smith,james.smith8568@example.com,40,Other,Ranchi,East,2025-04-05,Active
C08569,Karan Reddy,karan.reddy8569@example.com,39,Other,Chandigarh,North,2023-01-19,Active
C08570,Neha Mehta,neha.mehta8570@example.com,18,Other,Ahmedabad,West,2023-02-19,Active
C08571,James Reddy,james.reddy8571@example.com,27,Female,Ranchi,East,2024-10-24,Active
C08572,James Malhotra,james.malhotra8572@example.com,39,Male,Kochi,South,2024-03-17,Active
C08573,Michael Miller,michael.miller8573@example.com,39,Male,Patna,East,2023-06-23,Active
C08574,Isabella Verma,isabella.verma8574@example.com,47,Other,Dehradun,North,2024-10-27,Active
C08575,Emma Iyer,emma.iyer8575@example.com,33,Other,Ahmedabad,West,2023-05-26,Inactive
C08576,Kavya Smith,kavya.smith8576@example.com,39,Female,Ranchi,East,2023-09-14,Inactive
C08577,Olivia Williams,olivia.williams8577@example.com,35,Female,Bengaluru,South,2023-10-09,Active
C08578,Aanya Verma,aanya.verma8578@example.com,25,Male,Amritsar,North,2024-07-08,Active
C08579,Arjun Miller,arjun.miller8579@example.com,18,Female,Surat,West,2023-11-07,Active
C08580,Olivia Anderson,olivia.anderson8580@example.com,39,Female,Mysuru,South,2023-08-26,Active
C08581,Isabella Patel,isabella.patel8581@example.com,36,Other,Amritsar,North,2023-12-04,Active
C08582,Nikhil Davis,nikhil.davis8582@example.com,28,Female,Mysuru,South,2024-03-29,Active
C08583,Sanjay Moore,sanjay.moore8583@example.com,18,Male,Hyderabad,South,2024-10-31,Active
C08584,Priya Nair,priya.nair8584@example.com,41,Other,Delhi,North,2023-06-19,Active
C08585,Isabella Gupta,isabella.gupta8585@example.com,32,Female,Bhubaneswar,East,2024-02-14,Active
C08586,Arjun Verma,arjun.verma8586@example.com,40,Male,Lucknow,North,2025-02-12,Active
C08587,Emma Sharma,emma.sharma8587@example.com,53,Other,Surat,West,2024-09-15,Active
C08588,Karan Kapoor,karan.kapoor8588@example.com,18,Female,Delhi,North,2024-06-01,Inactive
C08589,Olivia Verma,olivia.verma8589@example.com,28,Other,Goa,West,2023-11-14,Active
C08590,Ishita Johnson,ishita.johnson8590@example.com,32,Male,Ranchi,East,2025-02-12,Active
C08591,James Miller,james.miller8591@example.com,49,Male,Patna,East,2024-10-05,Active
C08592,Aarav Moore,aarav.moore8592@example.com,18,Male,Patna,East,2025-06-21,Active
C08593,Sanjay Gupta,sanjay.gupta8593@example.com,54,Other,Pune,West,2023-09-17,Active
C08594,Michael Sharma,michael.sharma8594@example.com,36,Other,Goa,West,2023-05-03,Inactive
C08595,Sanjay Joshi,sanjay.joshi8595@example.com,34,Male,Guwahati,East,2023-05-21,Active
C08596,Sneha Verma,sneha.verma8596@example.com,33,Other,Ahmedabad,West,2024-07-23,Active
C08597,Ishita Wilson,ishita.wilson8597@example.com,30,Male,Hyderabad,South,2023-01-23,Active
C08598,Sophia Kumar,sophia.kumar8598@example.com,45,Other,Goa,West,2023-02-13,Active
C08599,Meera Sharma,meera.sharma8599@example.com,24,Male,Goa,West,2024-01-03,Active
C08600,Mia Mehta,mia.mehta8600@example.com,38,Female,Bengaluru,South,2023-03-14,Active
C08601,Daniel Taylor,daniel.taylor8601@example.com,31,Female,Coimbatore,South,2023-12-22,Active
C08602,Rohan Gupta,rohan.gupta8602@example.com,27,Female,Amritsar,North,2024-07-27,Active
C08603,Michael Moore,michael.moore8603@example.com,60,Female,Ranchi,East,2023-05-29,Inactive
C08604,Sophia Nair,sophia.nair8604@example.com,39,Male,Chandigarh,North,2024-06-22,Inactive
C08605,Divya Das,divya.das8605@example.com,41,Other,Jaipur,North,2023-03-02,Active
C08606,Sanjay Kapoor,sanjay.kapoor8606@example.com,46,Female,Chandigarh,North,2024-04-02,Inactive
C08607,Aanya Anderson,aanya.anderson8607@example.com,20,Female,Kolkata,East,2023-07-14,Inactive
C08608,Sophia Miller,sophia.miller8608@example.com,52,Other,Ranchi,East,2025-04-18,Active
C08609,Sneha Joshi,sneha.joshi8609@example.com,18,Female,Dehradun,North,2023-08-02,Active
C08610,Vikram Verma,vikram.verma8610@example.com,27,Female,Mumbai,West,2024-04-28,Active
C08611,William Kapoor,william.kapoor8611@example.com,30,Other,Kolkata,East,2023-08-18,Active
C08612,Meera Moore,meera.moore8612@example.com,40,Male,Ranchi,East,2024-10-18,Active
C08613,Vikram Miller,vikram.miller8613@example.com,37,Male,Mysuru,South,2024-03-02,Active
C08614,Nikhil Smith,nikhil.smith8614@example.com,33,Male,Kolkata,East,2024-12-13,Active
C08615,Pooja Gupta,pooja.gupta8615@example.com,34,Male,Ranchi,East,2025-02-19,Active
C08616,Aarav Reddy,aarav.reddy8616@example.com,25,Female,Ranchi,East,2024-11-16,Active
C08617,Karan Nair,karan.nair8617@example.com,20,Male,Amritsar,North,2025-01-13,Active
C08618,Meera Wilson,meera.wilson8618@example.com,42,Other,Chennai,South,2025-03-20,Active
C08619,Daniel Kapoor,daniel.kapoor8619@example.com,41,Male,Guwahati,East,2024-04-01,Active
C08620,Pooja Joshi,pooja.joshi8620@example.com,50,Female,Surat,West,2023-09-24,Active
C08621,Pooja Anderson,pooja.anderson8621@example.com,27,Male,Chennai,South,2023-10-17,Active
C08622,Vikram Wilson,vikram.wilson8622@example.com,41,Male,Kochi,South,2025-03-09,Active
C08623,William Das,william.das8623@example.com,32,Other,Kochi,South,2025-03-01,Active
C08624,Varun Rao,varun.rao8624@example.com,46,Other,Bhubaneswar,East,2024-01-21,Active
C08625,Nikhil Das,nikhil.das8625@example.com,45,Female,Pune,West,2023-12-16,Active
C08626,Sneha Anderson,sneha.anderson8626@example.com,37,Female,Kolkata,East,2024-08-21,Active
C08627,Nikhil Das,nikhil.das8627@example.com,31,Other,Coimbatore,South,2024-01-02,Active
C08628,Neha Miller,neha.miller8628@example.com,44,Male,Nagpur,West,2023-07-05,Active
C08629,Aanya Iyer,aanya.iyer8629@example.com,41,Female,Ranchi,East,2025-06-25,Active
C08630,Sanjay Moore,sanjay.moore8630@example.com,28,Other,Ahmedabad,West,2023-07-25,Active
C08631,Kavya Taylor,kavya.taylor8631@example.com,21,Other,Delhi,North,2024-04-24,Active
C08632,Aanya Mehta,aanya.mehta8632@example.com,32,Male,Kochi,South,2024-06-07,Active
C08633,Nikhil Reddy,nikhil.reddy8633@example.com,50,Female,Coimbatore,South,2025-02-26,Active
C08634,Daniel Miller,daniel.miller8634@example.com,46,Female,Chennai,South,2023-08-19,Active
C08635,Sneha Johnson,sneha.johnson8635@example.com,23,Female,Nagpur,West,2023-11-15,Active
C08636,Aanya Singh,aanya.singh8636@example.com,23,Other,Chennai,South,2025-02-26,Active
C08637,James Kapoor,james.kapoor8637@example.com,47,Other,Lucknow,North,2024-06-21,Active
C08638,James Malhotra,james.malhotra8638@example.com,23,Female,Amritsar,North,2023-07-24,Inactive
C08639,Pooja Verma,pooja.verma8639@example.com,40,Female,Bhubaneswar,East,2024-03-25,Active
C08640,Ishita Malhotra,ishita.malhotra8640@example.com,28,Other,Delhi,North,2024-04-12,Active
C08641,David Kapoor,david.kapoor8641@example.com,51,Male,Lucknow,North,2025-05-09,Inactive
C08642,Emma Brown,emma.brown8642@example.com,27,Male,Hyderabad,South,2024-01-23,Inactive
C08643,Emma Smith,emma.smith8643@example.com,46,Other,Jaipur,North,2024-05-22,Active
C08644,James Miller,james.miller8644@example.com,36,Male,Kolkata,East,2023-03-19,Active
C08645,Meera Kapoor,meera.kapoor8645@example.com,37,Other,Chandigarh,North,2023-05-04,Active
C08646,Divya Taylor,divya.taylor8646@example.com,18,Other,Ranchi,East,2024-06-19,Active
C08647,David Joshi,david.joshi8647@example.com,18,Male,Surat,West,2025-01-24,Active
C08648,Neha Malhotra,neha.malhotra8648@example.com,32,Other,Bengaluru,South,2024-10-06,Active
C08649,Pooja Joshi,pooja.joshi8649@example.com,37,Other,Chennai,South,2025-06-30,Inactive
C08650,Aanya Wilson,aanya.wilson8650@example.com,23,Female,Surat,West,2023-04-15,Active
C08651,Daniel Mehta,daniel.mehta8651@example.com,24,Other,Mumbai,West,2024-11-12,Active
C08652,Rahul Iyer,rahul.iyer8652@example.com,40,Female,Goa,West,2024-07-03,Active
C08653,Aditya Singh,aditya.singh8653@example.com,40,Other,Bengaluru,South,2024-05-29,Active
C08654,Rohan Nair,rohan.nair8654@example.com,33,Male,Amritsar,North,2023-08-17,Active
C08655,Aditya Mehta,aditya.mehta8655@example.com,42,Male,Chennai,South,2023-10-20,Active
C08656,Ishita Iyer,ishita.iyer8656@example.com,23,Other,Delhi,North,2023-07-10,Inactive
C08657,Ananya Williams,ananya.williams8657@example.com,31,Female,Amritsar,North,2023-03-28,Active
C08658,William Sharma,william.sharma8658@example.com,51,Female,Chandigarh,North,2024-04-12,Active
C08659,Divya Gupta,divya.gupta8659@example.com,35,Male,Nagpur,West,2023-08-03,Active
C08660,Aditya Rao,aditya.rao8660@example.com,36,Other,Ahmedabad,West,2023-07-21,Active
C08661,Ishita Iyer,ishita.iyer8661@example.com,58,Male,Bhubaneswar,East,2025-05-25,Active
C08662,Sneha Moore,sneha.moore8662@example.com,21,Other,Bhubaneswar,East,2025-02-04,Active
C08663,Arjun Patel,arjun.patel8663@example.com,42,Male,Mysuru,South,2023-06-14,Active
C08664,Nikhil Iyer,nikhil.iyer8664@example.com,51,Other,Ranchi,East,2023-03-12,Active
C08665,Michael Anderson,michael.anderson8665@example.com,31,Female,Guwahati,East,2024-04-27,Active
C08666,Sophia Brown,sophia.brown8666@example.com,43,Male,Dehradun,North,2024-01-05,Active
C08667,Kavya Gupta,kavya.gupta8667@example.com,25,Male,Chennai,South,2023-02-12,Active
C08668,Aditya Nair,aditya.nair8668@example.com,28,Female,Bhubaneswar,East,2024-02-02,Active
C08669,Isabella Brown,isabella.brown8669@example.com,38,Other,Kochi,South,2024-06-06,Active
C08670,Sanjay Kapoor,sanjay.kapoor8670@example.com,42,Male,Kochi,South,2024-03-05,Active
C08671,Emma Nair,emma.nair8671@example.com,46,Other,Patna,East,2024-06-03,Inactive
C08672,Karan Gupta,karan.gupta8672@example.com,50,Male,Dehradun,North,2025-03-13,Active
C08673,Varun Singh,varun.singh8673@example.com,34,Other,Pune,West,2023-01-28,Active
C08674,Rahul Williams,rahul.williams8674@example.com,46,Female,Lucknow,North,2023-05-31,Active
C08675,Arjun Davis,arjun.davis8675@example.com,31,Male,Hyderabad,South,2023-09-30,Active
C08676,Michael Miller,michael.miller8676@example.com,44,Female,Mysuru,South,2023-02-21,Active
C08677,David Verma,david.verma8677@example.com,37,Male,Goa,West,2024-08-12,Active
C08678,Pooja Singh,pooja.singh8678@example.com,39,Male,Coimbatore,South,2023-04-07,Active
C08679,Sanjay Singh,sanjay.singh8679@example.com,39,Other,Jaipur,North,2024-08-29,Active
C08680,Michael Davis,michael.davis8680@example.com,18,Male,Coimbatore,South,2023-04-18,Active
C08681,Michael Wilson,michael.wilson8681@example.com,23,Female,Dehradun,North,2024-09-28,Active
C08682,Meera Reddy,meera.reddy8682@example.com,36,Female,Ranchi,East,2024-07-26,Inactive
C08683,Daniel Joshi,daniel.joshi8683@example.com,18,Other,Dehradun,North,2023-02-05,Inactive
C08684,Emma Sharma,emma.sharma8684@example.com,43,Male,Lucknow,North,2025-06-04,Inactive
C08685,Sanjay Sharma,sanjay.sharma8685@example.com,43,Male,Ranchi,East,2025-04-03,Active
C08686,William Mehta,william.mehta8686@example.com,38,Male,Hyderabad,South,2023-09-04,Active
C08687,Vikram Gupta,vikram.gupta8687@example.com,23,Male,Ranchi,East,2023-04-15,Active
C08688,Mia Das,mia.das8688@example.com,48,Female,Delhi,North,2024-08-11,Active
C08689,Arjun Anderson,arjun.anderson8689@example.com,55,Other,Coimbatore,South,2024-04-30,Active
C08690,Karan Davis,karan.davis8690@example.com,36,Other,Amritsar,North,2023-02-18,Active
C08691,Karan Nair,karan.nair8691@example.com,40,Male,Jaipur,North,2024-05-16,Active
C08692,Rahul Sharma,rahul.sharma8692@example.com,37,Female,Guwahati,East,2024-08-10,Active
C08693,Aarav Williams,aarav.williams8693@example.com,40,Male,Kochi,South,2025-06-30,Inactive
C08694,William Smith,william.smith8694@example.com,33,Male,Chandigarh,North,2023-04-20,Active
C08695,Emma Kapoor,emma.kapoor8695@example.com,34,Male,Bhubaneswar,East,2024-10-01,Active
C08696,Neha Das,neha.das8696@example.com,44,Other,Coimbatore,South,2025-05-14,Inactive
C08697,Pooja Gupta,pooja.gupta8697@example.com,58,Male,Guwahati,East,2023-03-02,Active
C08698,Ananya Das,ananya.das8698@example.com,20,Male,Mumbai,West,2023-12-09,Active
C08699,Sneha Verma,sneha.verma8699@example.com,33,Female,Lucknow,North,2024-03-18,Active
C08700,Kavya Taylor,kavya.taylor8700@example.com,23,Other,Guwahati,East,2024-10-24,Inactive
C08701,Divya Brown,divya.brown8701@example.com,50,Male,Lucknow,North,2023-09-29,Active
C08702,Ishita Kumar,ishita.kumar8702@example.com,29,Other,Patna,East,2024-02-19,Active
C08703,James Nair,james.nair8703@example.com,20,Male,Bengaluru,South,2025-05-13,Active
C08704,Sophia Nair,sophia.nair8704@example.com,41,Male,Nagpur,West,2023-03-24,Inactive
C08705,Rohan Williams,rohan.williams8705@example.com,52,Male,Chennai,South,2024-10-03,Active
C08706,Karan Anderson,karan.anderson8706@example.com,41,Female,Dehradun,North,2024-05-24,Active
C08707,Isabella Wilson,isabella.wilson8707@example.com,37,Female,Amritsar,North,2023-06-08,Active
C08708,Isabella Joshi,isabella.joshi8708@example.com,39,Other,Guwahati,East,2025-06-15,Active
C08709,Divya Mehta,divya.mehta8709@example.com,49,Male,Bhubaneswar,East,2024-08-27,Active
C08710,Michael Johnson,michael.johnson8710@example.com,26,Other,Chennai,South,2023-11-29,Active
C08711,James Johnson,james.johnson8711@example.com,33,Male,Coimbatore,South,2023-07-16,Active
C08712,Pooja Gupta,pooja.gupta8712@example.com,30,Male,Kochi,South,2023-06-07,Active
C08713,Daniel Moore,daniel.moore8713@example.com,23,Female,Goa,West,2024-06-15,Active
C08714,Vikram Smith,vikram.smith8714@example.com,31,Female,Chandigarh,North,2024-07-18,Active
C08715,Aarav Taylor,aarav.taylor8715@example.com,46,Other,Chennai,South,2023-12-24,Active
C08716,Aarav Iyer,aarav.iyer8716@example.com,40,Male,Lucknow,North,2025-01-31,Active
C08717,James Moore,james.moore8717@example.com,41,Female,Jaipur,North,2023-03-18,Active
C08718,Aanya Mehta,aanya.mehta8718@example.com,36,Other,Delhi,North,2025-04-19,Active
C08719,Isabella Anderson,isabella.anderson8719@example.com,40,Other,Dehradun,North,2023-05-19,Active
C08720,Mia Kumar,mia.kumar8720@example.com,26,Male,Guwahati,East,2025-06-14,Active
C08721,Priya Iyer,priya.iyer8721@example.com,31,Female,Patna,East,2025-06-24,Active
C08722,Aditya Das,aditya.das8722@example.com,36,Female,Pune,West,2023-03-22,Active
C08723,Olivia Moore,olivia.moore8723@example.com,37,Other,Jaipur,North,2025-03-09,Active
C08724,Arjun Patel,arjun.patel8724@example.com,38,Other,Mumbai,West,2023-07-15,Active
C08725,Rahul Williams,,33,Female,Lucknow,North,2023-04-21,Active
C08726,Ananya Kumar,ananya.kumar8726@example.com,31,Female,Mumbai,West,2024-06-11,Inactive
C08727,Michael Moore,michael.moore8727@example.com,66,Male,Chennai,South,2024-09-05,Active
C08728,Mia Wilson,mia.wilson8728@example.com,44,Female,Bhubaneswar,East,2025-04-12,Active
C08729,William Kapoor,william.kapoor8729@example.com,39,Other,Chandigarh,North,2024-07-31,Active
C08730,Isabella Miller,isabella.miller8730@example.com,32,Male,Dehradun,North,2023-01-02,Active
C08731,Rohan Rao,rohan.rao8731@example.com,30,Other,Mysuru,South,2023-01-24,Active
C08732,William Joshi,william.joshi8732@example.com,33,Female,Goa,West,2024-01-13,Active
C08733,Nikhil Rao,nikhil.rao8733@example.com,37,Male,Nagpur,West,2023-08-15,Active
C08734,Sanjay Nair,sanjay.nair8734@example.com,18,Male,Kochi,South,2023-10-28,Active
C08735,David Verma,david.verma8735@example.com,19,Male,Ranchi,East,2025-04-01,Active
C08736,Olivia Davis,olivia.davis8736@example.com,28,Other,Ahmedabad,West,2023-02-27,Active
C08737,Olivia Taylor,olivia.taylor8737@example.com,37,Other,Coimbatore,South,2025-03-08,Active
C08738,Ishita Sharma,ishita.sharma8738@example.com,32,Other,Guwahati,East,2025-02-20,Inactive
C08739,Sanjay Miller,sanjay.miller8739@example.com,49,Male,Bhubaneswar,East,2024-03-22,Active
C08740,Aditya Malhotra,aditya.malhotra8740@example.com,20,Female,Pune,West,2023-07-03,Active
C08741,Nikhil Nair,nikhil.nair8741@example.com,27,Male,Pune,West,2023-02-21,Inactive
C08742,Arjun Das,arjun.das8742@example.com,50,Other,Guwahati,East,2024-04-16,Inactive
C08743,Aditya Iyer,aditya.iyer8743@example.com,36,Male,Lucknow,North,2024-07-19,Active
C08744,Priya Davis,priya.davis8744@example.com,43,Female,Patna,East,2023-09-20,Active
C08745,Rahul Kumar,rahul.kumar8745@example.com,55,Female,Bhubaneswar,East,2023-07-23,Active
C08746,Vikram Anderson,vikram.anderson8746@example.com,28,Other,Bhubaneswar,East,2024-05-06,Inactive
C08747,Kavya Patel,kavya.patel8747@example.com,34,Other,Coimbatore,South,2023-06-15,Active
C08748,Arjun Miller,arjun.miller8748@example.com,32,Female,Coimbatore,South,2023-06-26,Active
C08749,Daniel Rao,daniel.rao8749@example.com,18,Other,Dehradun,North,2023-09-27,Active
C08750,William Brown,william.brown8750@example.com,31,Other,Patna,East,2025-02-10,Active
C08751,Neha Das,neha.das8751@example.com,43,Female,Hyderabad,South,2023-05-21,Active
C08752,Rohan Patel,rohan.patel8752@example.com,40,Male,Hyderabad,South,2023-10-15,Inactive
C08753,Aarav Kumar,aarav.kumar8753@example.com,41,Male,Hyderabad,South,2023-08-04,Active
C08754,William Nair,william.nair8754@example.com,31,Male,Ahmedabad,West,2023-03-27,Active
C08755,Pooja Smith,pooja.smith8755@example.com,28,Other,Nagpur,West,2025-06-14,Active
C08756,Olivia Davis,olivia.davis8756@example.com,47,Male,Patna,East,2025-01-26,Active
C08757,Aarav Wilson,aarav.wilson8757@example.com,30,Male,Surat,West,2024-03-13,Active
C08758,Nikhil Joshi,nikhil.joshi8758@example.com,37,Other,Guwahati,East,2024-10-28,Active
C08759,Priya Das,priya.das8759@example.com,36,Female,Nagpur,West,2024-11-18,Active
C08760,Arjun Gupta,arjun.gupta8760@example.com,49,Female,Kolkata,East,2023-01-16,Inactive
C08761,Divya Davis,divya.davis8761@example.com,44,Female,Ahmedabad,West,2024-04-07,Active
C08762,Karan Gupta,karan.gupta8762@example.com,22,Male,Nagpur,West,2024-08-01,Active
C08763,Nikhil Kumar,nikhil.kumar8763@example.com,23,Male,Delhi,North,2024-09-22,Inactive
C08764,Aanya Wilson,aanya.wilson8764@example.com,40,Female,Ahmedabad,West,2024-10-12,Active
C08765,Arjun Singh,arjun.singh8765@example.com,34,Female,Delhi,North,2025-04-14,Active
C08766,Neha Singh,neha.singh8766@example.com,30,Male,Dehradun,North,2024-12-17,Active
C08767,Daniel Moore,daniel.moore8767@example.com,45,Male,Bengaluru,South,2023-08-04,Active
C08768,Sneha Gupta,sneha.gupta8768@example.com,36,Male,Lucknow,North,2024-02-21,Inactive
C08769,Karan Taylor,karan.taylor8769@example.com,35,Other,Chandigarh,North,2025-06-19,Active
C08770,Mia Kapoor,mia.kapoor8770@example.com,42,Other,Patna,East,2024-05-13,Active
C08771,Divya Smith,divya.smith8771@example.com,31,Other,Delhi,North,2024-08-16,Active
C08772,Ananya Das,ananya.das8772@example.com,50,Female,Delhi,North,2024-07-12,Inactive
C08773,Varun Patel,varun.patel8773@example.com,27,Male,Bengaluru,South,2024-05-21,Active
C08774,Karan Sharma,karan.sharma8774@example.com,41,Male,Guwahati,East,2024-02-16,Active
C08775,Isabella Verma,isabella.verma8775@example.com,49,Other,Kochi,South,2025-05-10,Active
C08776,Emma Williams,emma.williams8776@example.com,21,Male,Ranchi,East,2024-04-01,Active
C08777,Daniel Johnson,daniel.johnson8777@example.com,31,Female,Ranchi,East,2023-12-21,Inactive
C08778,Daniel Moore,daniel.moore8778@example.com,46,Female,Lucknow,North,2024-10-04,Active
C08779,Vikram Miller,vikram.miller8779@example.com,46,Female,Goa,West,2023-10-13,Active
C08780,Pooja Mehta,pooja.mehta8780@example.com,33,Other,Mysuru,South,2024-09-08,Active
C08781,Mia Rao,mia.rao8781@example.com,27,Female,Patna,East,2024-09-14,Inactive
C08782,Meera Patel,meera.patel8782@example.com,44,Female,Surat,West,2023-11-13,Active
C08783,Nikhil Kumar,nikhil.kumar8783@example.com,46,Male,Nagpur,West,2024-07-05,Active
C08784,Sanjay Verma,sanjay.verma8784@example.com,23,Other,Mumbai,West,2024-05-16,Active
C08785,William Malhotra,william.malhotra8785@example.com,22,Female,Chennai,South,2023-10-23,Active
C08786,Emma Nair,emma.nair8786@example.com,37,Female,Goa,West,2024-12-18,Active
C08787,Sneha Miller,sneha.miller8787@example.com,41,Other,Mysuru,South,2024-10-17,Active
C08788,Meera Brown,meera.brown8788@example.com,32,Female,Lucknow,North,2025-05-25,Active
C08789,Vikram Miller,vikram.miller8789@example.com,41,Other,Chennai,South,2023-12-27,Active
C08790,Nikhil Miller,nikhil.miller8790@example.com,27,Male,Goa,West,2025-01-11,Active
C08791,David Malhotra,david.malhotra8791@example.com,18,Other,Chandigarh,North,2023-02-26,Inactive
C08792,Rohan Sharma,rohan.sharma8792@example.com,30,Male,Patna,East,2023-03-14,Active
C08793,Ananya Singh,ananya.singh8793@example.com,35,Female,Lucknow,North,2023-06-26,Inactive
C08794,Daniel Verma,daniel.verma8794@example.com,32,Other,Hyderabad,South,2024-10-03,Active
C08795,James Singh,james.singh8795@example.com,23,Female,Surat,West,2023-02-23,Active
C08796,Aditya Kumar,aditya.kumar8796@example.com,18,Female,Bhubaneswar,East,2024-04-25,Active
C08797,Aditya Singh,aditya.singh8797@example.com,29,Other,Ranchi,East,2024-02-18,Active
C08798,Vikram Gupta,vikram.gupta8798@example.com,43,Female,Mysuru,South,2023-11-12,Active
C08799,Aarav Verma,aarav.verma8799@example.com,47,Male,Bengaluru,South,2023-02-22,Active
C08800,Neha Williams,neha.williams8800@example.com,46,Female,Chandigarh,North,2023-02-12,Active
C08801,Priya Moore,priya.moore8801@example.com,26,Male,Ahmedabad,West,2025-04-28,Inactive
C08802,Vikram Smith,vikram.smith8802@example.com,23,Female,Dehradun,North,2024-03-05,Active
C08803,Sneha Malhotra,sneha.malhotra8803@example.com,39,Male,Surat,West,2024-01-18,Active
C08804,Ananya Taylor,ananya.taylor8804@example.com,41,Other,Bengaluru,South,2023-12-17,Active
C08805,Aanya Das,aanya.das8805@example.com,39,Other,Bengaluru,South,2023-01-02,Active
C08806,Karan Williams,karan.williams8806@example.com,18,Female,Kolkata,East,2024-10-05,Active
C08807,Sanjay Mehta,sanjay.mehta8807@example.com,26,Female,Guwahati,East,2024-11-16,Active
C08808,Vikram Williams,vikram.williams8808@example.com,34,Female,Kochi,South,2023-03-15,Active
C08809,Sophia Wilson,sophia.wilson8809@example.com,39,Male,Delhi,North,2023-02-03,Active
C08810,Karan Taylor,karan.taylor8810@example.com,42,Male,Surat,West,2023-11-01,Active
C08811,Sneha Verma,sneha.verma8811@example.com,36,Male,Pune,West,2025-05-06,Active
C08812,Ananya Davis,ananya.davis8812@example.com,38,Female,Ahmedabad,West,2024-04-29,Active
C08813,Meera Sharma,meera.sharma8813@example.com,35,Female,Coimbatore,South,2024-06-19,Active
C08814,Vikram Wilson,vikram.wilson8814@example.com,41,Male,Hyderabad,South,2023-10-04,Inactive
C08815,Pooja Patel,pooja.patel8815@example.com,38,Female,Hyderabad,South,2023-08-11,Active
C08816,Nikhil Verma,nikhil.verma8816@example.com,35,Male,Chandigarh,North,2023-05-27,Active
C08817,Mia Davis,mia.davis8817@example.com,32,Female,Guwahati,East,2024-06-02,Active
C08818,Mia Nair,mia.nair8818@example.com,35,Male,Surat,West,2024-07-07,Active
C08819,Pooja Anderson,pooja.anderson8819@example.com,39,Female,Delhi,North,2025-06-26,Active
C08820,Isabella Smith,isabella.smith8820@example.com,37,Female,Nagpur,West,2023-08-07,Inactive
C08821,Ananya Reddy,ananya.reddy8821@example.com,38,Male,Delhi,North,2023-02-03,Active
C08822,Mia Williams,mia.williams8822@example.com,48,Male,Mysuru,South,2023-08-01,Active
C08823,Rahul Gupta,rahul.gupta8823@example.com,37,Female,Bhubaneswar,East,2024-05-20,Active
C08824,Sophia Smith,sophia.smith8824@example.com,28,Male,Patna,East,2024-02-12,Active
C08825,Vikram Johnson,vikram.johnson8825@example.com,43,Other,Chennai,South,2024-09-16,Active
C08826,Aanya Mehta,aanya.mehta8826@example.com,21,Male,Ranchi,East,2024-12-31,Active
C08827,Emma Taylor,emma.taylor8827@example.com,24,Female,Chandigarh,North,2023-11-29,Active
C08828,Varun Rao,varun.rao8828@example.com,38,Male,Kochi,South,2024-11-05,Active
C08829,Rahul Kumar,rahul.kumar8829@example.com,40,Female,Mumbai,West,2024-11-17,Active
C08830,William Taylor,william.taylor8830@example.com,22,Male,Goa,West,2023-11-16,Active
C08831,Aanya Singh,aanya.singh8831@example.com,31,Other,Mumbai,West,2025-05-27,Active
C08832,Neha Reddy,neha.reddy8832@example.com,28,Other,Patna,East,2025-02-05,Active
C08833,Pooja Malhotra,pooja.malhotra8833@example.com,30,Male,Bhubaneswar,East,2023-06-20,Active
C08834,Mia Patel,mia.patel8834@example.com,44,Female,Surat,West,2023-01-11,Active
C08835,Sneha Malhotra,sneha.malhotra8835@example.com,42,Male,Pune,West,2025-02-10,Active
C08836,Sophia Joshi,sophia.joshi8836@example.com,34,Male,Patna,East,2023-10-29,Active
C08837,Arjun Williams,arjun.williams8837@example.com,29,Other,Kolkata,East,2023-02-02,Inactive
C08838,Emma Rao,emma.rao8838@example.com,21,Male,Ranchi,East,2025-06-01,Active
C08839,Divya Reddy,divya.reddy8839@example.com,49,Male,Surat,West,2023-03-20,Active
C08840,Priya Das,priya.das8840@example.com,40,Other,Kolkata,East,2024-12-29,Active
C08841,Sophia Williams,sophia.williams8841@example.com,27,Male,Pune,West,2024-02-20,Active
C08842,Rahul Davis,rahul.davis8842@example.com,42,Male,Bengaluru,South,2023-12-23,Active
C08843,Kavya Malhotra,kavya.malhotra8843@example.com,34,Female,Kolkata,East,2025-03-20,Inactive
C08844,Pooja Joshi,pooja.joshi8844@example.com,32,Female,Mumbai,West,2024-11-26,Active
C08845,Vikram Das,vikram.das8845@example.com,39,Other,Mysuru,South,2025-04-17,Active
C08846,Meera Sharma,meera.sharma8846@example.com,27,Female,Kochi,South,2024-08-22,Active
C08847,Neha Patel,neha.patel8847@example.com,31,Other,Mysuru,South,2023-07-25,Active
C08848,Sanjay Gupta,sanjay.gupta8848@example.com,36,Female,Kochi,South,2025-05-20,Active
C08849,Priya Joshi,priya.joshi8849@example.com,30,Female,Guwahati,East,2024-06-18,Active
C08850,Aarav Brown,aarav.brown8850@example.com,41,Other,Amritsar,North,2024-01-14,Active
C08851,Aarav Patel,aarav.patel8851@example.com,53,Male,Hyderabad,South,2025-04-11,Active
C08852,Divya Gupta,divya.gupta8852@example.com,27,Other,Kolkata,East,2024-02-23,Active
C08853,Pooja Sharma,pooja.sharma8853@example.com,18,Other,Lucknow,North,2023-06-09,Active
C08854,Nikhil Reddy,nikhil.reddy8854@example.com,18,Female,Bengaluru,South,2023-05-26,Active
C08855,Neha Malhotra,neha.malhotra8855@example.com,33,Male,Kochi,South,2024-05-25,Inactive
C08856,Priya Miller,priya.miller8856@example.com,28,Male,Coimbatore,South,2024-12-02,Active
C08857,Aditya Mehta,aditya.mehta8857@example.com,37,Male,Guwahati,East,2024-05-25,Inactive
C08858,Sneha Taylor,sneha.taylor8858@example.com,36,Other,Coimbatore,South,2025-02-18,Active
C08859,Varun Smith,varun.smith8859@example.com,18,Male,Nagpur,West,2023-05-25,Active
C08860,Pooja Verma,pooja.verma8860@example.com,18,Other,Dehradun,North,2023-03-29,Active
C08861,Sanjay Kumar,sanjay.kumar8861@example.com,37,Other,Guwahati,East,2024-11-14,Active
C08862,Sanjay Sharma,sanjay.sharma8862@example.com,36,Other,Dehradun,North,2025-03-29,Active
C08863,Kavya Johnson,kavya.johnson8863@example.com,30,Other,Amritsar,North,2023-03-05,Active
C08864,Karan Taylor,karan.taylor8864@example.com,18,Male,Bengaluru,South,2024-03-24,Active
C08865,Aditya Singh,aditya.singh8865@example.com,39,Male,Patna,East,2024-05-10,Active
C08866,Karan Brown,karan.brown8866@example.com,47,Male,Bhubaneswar,East,2025-03-27,Active
C08867,Priya Singh,priya.singh8867@example.com,37,Male,Pune,West,2025-03-30,Active
C08868,Rahul Iyer,rahul.iyer8868@example.com,26,Male,Bhubaneswar,East,2025-03-06,Active
C08869,Varun Malhotra,varun.malhotra8869@example.com,35,Female,Bengaluru,South,2024-01-06,Active
C08870,William Moore,william.moore8870@example.com,21,Male,Ahmedabad,West,2024-03-08,Active
C08871,Michael Nair,michael.nair8871@example.com,45,Other,Pune,West,2025-03-13,Active
C08872,Rohan Williams,rohan.williams8872@example.com,35,Female,Jaipur,North,2024-03-12,Active
C08873,Aditya Malhotra,aditya.malhotra8873@example.com,18,Female,Dehradun,North,2025-05-14,Active
C08874,Emma Nair,emma.nair8874@example.com,31,Female,Surat,West,2023-03-09,Inactive
C08875,Arjun Gupta,arjun.gupta8875@example.com,39,Male,Amritsar,North,2024-11-05,Active
C08876,Emma Williams,emma.williams8876@example.com,31,Male,Bengaluru,South,2024-08-19,Active
C08877,Aditya Das,aditya.das8877@example.com,32,Male,Ranchi,East,2025-03-04,Active
C08878,Varun Moore,varun.moore8878@example.com,22,Other,Kochi,South,2025-05-28,Active
C08879,Nikhil Taylor,nikhil.taylor8879@example.com,40,Female,Chandigarh,North,2024-10-26,Inactive
C08880,Divya Anderson,divya.anderson8880@example.com,28,Other,Guwahati,East,2023-03-19,Inactive
C08881,Varun Malhotra,varun.malhotra8881@example.com,18,Female,Surat,West,2023-03-04,Active
C08882,Karan Mehta,karan.mehta8882@example.com,31,Female,Bengaluru,South,2024-08-08,Active
C08883,Isabella Nair,isabella.nair8883@example.com,44,Male,Kolkata,East,2024-04-06,Active
C08884,David Wilson,david.wilson8884@example.com,31,Female,Bhubaneswar,East,2023-06-08,Active
C08885,Rahul Kapoor,rahul.kapoor8885@example.com,52,Male,Chandigarh,North,2023-05-03,Active
C08886,James Mehta,james.mehta8886@example.com,39,Male,Ahmedabad,West,2023-07-05,Active
C08887,Neha Singh,neha.singh8887@example.com,38,Other,Mysuru,South,2023-04-21,Active
C08888,Sanjay Reddy,sanjay.reddy8888@example.com,33,Other,Pune,West,2025-01-20,Inactive
C08889,Vikram Malhotra,vikram.malhotra8889@example.com,34,Male,Jaipur,North,2023-04-17,Active
C08890,Olivia Verma,olivia.verma8890@example.com,32,Other,Delhi,North,2024-01-10,Active
C08891,Sanjay Taylor,sanjay.taylor8891@example.com,31,Male,Kolkata,East,2023-08-29,Active
C08892,Neha Iyer,neha.iyer8892@example.com,40,Male,Delhi,North,2025-01-23,Inactive
C08893,Aditya Miller,aditya.miller8893@example.com,25,Female,Jaipur,North,2025-01-19,Active
C08894,Arjun Moore,arjun.moore8894@example.com,24,Female,Bhubaneswar,East,2023-03-21,Active
C08895,Sneha Gupta,sneha.gupta8895@example.com,23,Female,Chandigarh,North,2023-09-25,Active
C08896,Ishita Mehta,ishita.mehta8896@example.com,55,Male,Dehradun,North,2023-09-06,Inactive
C08897,Neha Kumar,neha.kumar8897@example.com,40,Female,Chennai,South,2025-03-31,Active
C08898,Olivia Singh,olivia.singh8898@example.com,38,Male,Mysuru,South,2024-02-12,Inactive
C08899,Daniel Williams,daniel.williams8899@example.com,24,Other,Coimbatore,South,2023-09-18,Active
C08900,Mia Smith,mia.smith8900@example.com,41,Female,Jaipur,North,2023-12-21,Active
C08901,Olivia Kumar,olivia.kumar8901@example.com,33,Other,Goa,West,2024-11-10,Active
C08902,Emma Verma,emma.verma8902@example.com,37,Female,Chandigarh,North,2023-10-28,Active
C08903,Mia Nair,mia.nair8903@example.com,25,Female,Hyderabad,South,2023-09-12,Active
C08904,Rohan Gupta,rohan.gupta8904@example.com,36,Other,Kolkata,East,2024-03-20,Active
C08905,Nikhil Moore,nikhil.moore8905@example.com,30,Female,Kochi,South,2025-05-19,Active
C08906,Meera Sharma,meera.sharma8906@example.com,27,Female,Mumbai,West,2023-10-07,Active
C08907,Aarav Brown,aarav.brown8907@example.com,42,Other,Nagpur,West,2025-03-23,Active
C08908,Pooja Reddy,pooja.reddy8908@example.com,19,Male,Kochi,South,2024-05-25,Active
C08909,Meera Davis,meera.davis8909@example.com,40,Female,Mumbai,West,2023-09-03,Active
C08910,Nikhil Smith,nikhil.smith8910@example.com,41,Other,Hyderabad,South,2023-11-06,Inactive
C08911,Michael Malhotra,michael.malhotra8911@example.com,26,Male,Goa,West,2024-08-31,Active
C08912,Vikram Reddy,vikram.reddy8912@example.com,26,Other,Hyderabad,South,2024-03-16,Active
C08913,Divya Anderson,divya.anderson8913@example.com,32,Male,Hyderabad,South,2024-10-22,Active
C08914,Mia Miller,mia.miller8914@example.com,37,Female,Goa,West,2023-11-18,Active
C08915,Vikram Brown,vikram.brown8915@example.com,33,Female,Nagpur,West,2023-01-15,Inactive
C08916,William Singh,william.singh8916@example.com,39,Other,Amritsar,North,2024-01-08,Active
C08917,Aditya Iyer,aditya.iyer8917@example.com,52,Male,Chandigarh,North,2023-09-24,Active
C08918,Ananya Nair,ananya.nair8918@example.com,29,Other,Chandigarh,North,2023-08-28,Active
C08919,Sneha Davis,sneha.davis8919@example.com,18,Female,Kolkata,East,2023-05-09,Inactive
C08920,Neha Das,neha.das8920@example.com,43,Female,Ahmedabad,West,2024-03-04,Active
C08921,Neha Reddy,neha.reddy8921@example.com,51,Female,Amritsar,North,2023-05-13,Active
C08922,Ishita Joshi,ishita.joshi8922@example.com,38,Male,Amritsar,North,2024-02-23,Active
C08923,Sanjay Iyer,sanjay.iyer8923@example.com,24,Other,Jaipur,North,2023-11-26,Active
C08924,Ananya Gupta,ananya.gupta8924@example.com,33,Male,Bengaluru,South,2024-09-24,Active
C08925,Sanjay Gupta,sanjay.gupta8925@example.com,23,Female,Surat,West,2023-07-27,Inactive
C08926,Varun Kumar,varun.kumar8926@example.com,41,Other,Guwahati,East,2024-04-19,Inactive
C08927,Sneha Smith,sneha.smith8927@example.com,21,Female,Surat,West,2024-06-08,Inactive
C08928,Aditya Moore,aditya.moore8928@example.com,31,Other,Bengaluru,South,2024-12-15,Inactive
C08929,James Kapoor,james.kapoor8929@example.com,24,Male,Kochi,South,2024-03-07,Active
C08930,Arjun Malhotra,arjun.malhotra8930@example.com,36,Male,Mumbai,West,2025-04-07,Active
C08931,Aditya Davis,aditya.davis8931@example.com,31,Female,Mysuru,South,2023-12-22,Inactive
C08932,Sophia Patel,sophia.patel8932@example.com,36,Female,Patna,East,2024-11-12,Active
C08933,Michael Wilson,michael.wilson8933@example.com,35,Male,Guwahati,East,2024-09-13,Active
C08934,Sophia Patel,sophia.patel8934@example.com,25,Other,Pune,West,2024-08-10,Active
C08935,Aditya Iyer,aditya.iyer8935@example.com,41,Other,Coimbatore,South,2024-10-04,Active
C08936,Rohan Moore,rohan.moore8936@example.com,34,Other,Goa,West,2023-11-03,Inactive
C08937,David Williams,david.williams8937@example.com,25,Other,Lucknow,North,2023-05-02,Active
C08938,Vikram Nair,vikram.nair8938@example.com,57,Other,Lucknow,North,2025-06-13,Inactive
C08939,Karan Malhotra,karan.malhotra8939@example.com,39,Female,Amritsar,North,2023-05-31,Active
C08940,Ishita Brown,ishita.brown8940@example.com,33,Female,Coimbatore,South,2023-02-03,Active
C08941,Emma Wilson,emma.wilson8941@example.com,49,Other,Bhubaneswar,East,2024-05-11,Active
C08942,Rohan Das,rohan.das8942@example.com,53,Female,Mumbai,West,2024-04-17,Active
C08943,Nikhil Wilson,nikhil.wilson8943@example.com,33,Female,Hyderabad,South,2024-08-07,Active
C08944,Arjun Wilson,arjun.wilson8944@example.com,38,Other,Ahmedabad,West,2023-01-01,Active
C08945,Daniel Das,daniel.das8945@example.com,25,Male,Nagpur,West,2024-09-28,Inactive
C08946,Priya Rao,priya.rao8946@example.com,33,Female,Chandigarh,North,2025-04-04,Active
C08947,Vikram Kumar,vikram.kumar8947@example.com,33,Other,Kolkata,East,2025-01-28,Active
C08948,Rahul Williams,rahul.williams8948@example.com,36,Male,Amritsar,North,2023-05-23,Active
C08949,Arjun Anderson,arjun.anderson8949@example.com,38,Other,Chennai,South,2023-08-04,Active
C08950,Varun Moore,varun.moore8950@example.com,40,Female,Jaipur,North,2023-02-15,Active
C08951,Nikhil Mehta,nikhil.mehta8951@example.com,37,Other,Lucknow,North,2025-04-28,Inactive
C08952,Varun Patel,varun.patel8952@example.com,22,Other,Coimbatore,South,2023-12-22,Inactive
C08953,Sneha Brown,sneha.brown8953@example.com,25,Other,Bhubaneswar,East,2023-07-12,Active
C08954,Divya Brown,divya.brown8954@example.com,29,Female,Lucknow,North,2024-05-06,Active
C08955,Karan Johnson,karan.johnson8955@example.com,32,Female,Patna,East,2023-10-18,Active
C08956,Rohan Gupta,rohan.gupta8956@example.com,45,Male,Pune,West,2025-03-06,Inactive
C08957,Aditya Reddy,aditya.reddy8957@example.com,23,Other,Ranchi,East,2023-02-13,Active
C08958,Rohan Patel,rohan.patel8958@example.com,31,Other,Guwahati,East,2023-05-22,Active
C08959,Ananya Kapoor,ananya.kapoor8959@example.com,44,Male,Hyderabad,South,2024-02-20,Active
C08960,Sophia Williams,sophia.williams8960@example.com,32,Male,Patna,East,2023-07-26,Active
C08961,Mia Kumar,mia.kumar8961@example.com,39,Female,Chennai,South,2024-11-30,Active
C08962,Neha Moore,neha.moore8962@example.com,33,Other,Bengaluru,South,2024-10-29,Active
C08963,William Malhotra,william.malhotra8963@example.com,37,Male,Dehradun,North,2024-07-14,Active
C08964,Daniel Johnson,daniel.johnson8964@example.com,32,Male,Hyderabad,South,2023-04-05,Active
C08965,Olivia Gupta,olivia.gupta8965@example.com,41,Other,Chandigarh,North,2023-06-18,Inactive
C08966,Mia Joshi,mia.joshi8966@example.com,19,Female,Amritsar,North,2024-10-12,Active
C08967,Arjun Wilson,arjun.wilson8967@example.com,31,Male,Dehradun,North,2024-07-11,Active
C08968,Mia Rao,,37,Other,Jaipur,North,2024-07-24,Active
C08969,Olivia Brown,olivia.brown8969@example.com,40,Male,Goa,West,2025-02-27,Active
C08970,Divya Iyer,divya.iyer8970@example.com,49,Male,Ranchi,East,2025-03-12,Active
C08971,Olivia Reddy,olivia.reddy8971@example.com,31,Male,Patna,East,2024-09-12,Active
C08972,Neha Anderson,neha.anderson8972@example.com,49,Female,Chennai,South,2024-12-11,Active
C08973,Varun Williams,varun.williams8973@example.com,28,Other,Pune,West,2024-02-06,Active
C08974,Priya Rao,priya.rao8974@example.com,48,Other,Dehradun,North,2024-12-20,Active
C08975,Sneha Reddy,sneha.reddy8975@example.com,43,Female,Hyderabad,South,2024-10-10,Active
C08976,Aditya Sharma,aditya.sharma8976@example.com,25,Other,Lucknow,North,2023-02-15,Active
C08977,Rohan Davis,rohan.davis8977@example.com,38,Other,Dehradun,North,2024-01-09,Active
C08978,David Joshi,david.joshi8978@example.com,34,Other,Coimbatore,South,2023-09-05,Active
C08979,Daniel Reddy,daniel.reddy8979@example.com,41,Male,Coimbatore,South,2024-01-28,Inactive
C08980,Sneha Gupta,sneha.gupta8980@example.com,32,Other,Pune,West,2023-07-08,Active
C08981,Michael Nair,michael.nair8981@example.com,31,Other,Bhubaneswar,East,2024-11-16,Active
C08982,Neha Williams,neha.williams8982@example.com,48,Female,Mysuru,South,2024-02-05,Active
C08983,Kavya Das,kavya.das8983@example.com,34,Other,Bengaluru,South,2023-12-20,Active
C08984,Arjun Sharma,arjun.sharma8984@example.com,43,Other,Hyderabad,South,2023-04-25,Inactive
C08985,Neha Anderson,neha.anderson8985@example.com,32,Female,Patna,East,2024-07-17,Inactive
C08986,Rahul Sharma,rahul.sharma8986@example.com,51,Female,Goa,West,2023-10-05,Active
C08987,William Moore,william.moore8987@example.com,28,Other,Dehradun,North,2025-05-26,Inactive
C08988,Olivia Singh,olivia.singh8988@example.com,28,Male,Jaipur,North,2023-04-16,Active
C08989,Aditya Davis,aditya.davis8989@example.com,50,Other,Surat,West,2023-02-25,Active
C08990,Sanjay Rao,sanjay.rao8990@example.com,30,Other,Guwahati,East,2023-03-18,Active
C08991,Aarav Moore,aarav.moore8991@example.com,51,Female,Bengaluru,South,2023-04-19,Active
C08992,Pooja Singh,pooja.singh8992@example.com,43,Other,Mysuru,South,2025-02-19,Active
C08993,Nikhil Verma,nikhil.verma8993@example.com,33,Other,Coimbatore,South,2023-12-16,Active
C08994,Ishita Kumar,ishita.kumar8994@example.com,18,Male,Ahmedabad,West,2024-03-17,Active
C08995,Aanya Brown,aanya.brown8995@example.com,34,Other,Dehradun,North,2024-03-12,Active
C08996,James Sharma,james.sharma8996@example.com,36,Male,Bengaluru,South,2023-06-12,Active
C08997,Meera Kapoor,meera.kapoor8997@example.com,46,Other,Surat,West,2024-09-29,Active
C08998,Pooja Nair,pooja.nair8998@example.com,50,Female,Jaipur,North,2023-06-14,Active
C08999,Neha Das,neha.das8999@example.com,28,Other,Bengaluru,South,2025-06-30,Active
C09000,Divya Das,divya.das9000@example.com,43,Female,Mysuru,South,2023-12-25,Active
C09001,Priya Davis,priya.davis9001@example.com,42,Other,Amritsar,North,2023-11-30,Inactive
C09002,David Taylor,david.taylor9002@example.com,45,Other,Amritsar,North,2023-11-08,Inactive
C09003,Pooja Das,pooja.das9003@example.com,39,Male,Lucknow,North,2025-02-18,Active
C09004,Michael Johnson,michael.johnson9004@example.com,18,Other,Kochi,South,2025-04-22,Active
C09005,Michael Smith,michael.smith9005@example.com,33,Female,Ahmedabad,West,2024-07-10,Active
C09006,Meera Kapoor,meera.kapoor9006@example.com,23,Other,Ranchi,East,2024-01-02,Inactive
C09007,Pooja Taylor,pooja.taylor9007@example.com,32,Male,Ranchi,East,2023-11-26,Active
C09008,William Patel,william.patel9008@example.com,44,Female,Ahmedabad,West,2024-04-20,Active
C09009,Isabella Iyer,isabella.iyer9009@example.com,38,Male,Ahmedabad,West,2023-04-12,Active
C09010,Divya Singh,divya.singh9010@example.com,46,Female,Lucknow,North,2024-02-27,Active
C09011,Isabella Verma,isabella.verma9011@example.com,38,Female,Lucknow,North,2023-09-26,Active
C09012,Ishita Patel,ishita.patel9012@example.com,22,Other,Goa,West,2024-07-12,Active
C09013,Meera Sharma,meera.sharma9013@example.com,18,Other,Ranchi,East,2024-10-05,Active
C09014,Ishita Patel,ishita.patel9014@example.com,36,Other,Coimbatore,South,2023-10-30,Active
C09015,Aditya Sharma,,32,Other,Kochi,South,2024-10-16,Active
C09016,Aditya Verma,aditya.verma9016@example.com,25,Male,Bengaluru,South,2023-07-08,Active
C09017,Aarav Verma,aarav.verma9017@example.com,18,Other,Coimbatore,South,2025-04-16,Active
C09018,James Joshi,james.joshi9018@example.com,27,Male,Patna,East,2024-05-19,Active
C09019,David Nair,david.nair9019@example.com,33,Other,Kolkata,East,2024-04-20,Active
C09020,Arjun Iyer,arjun.iyer9020@example.com,41,Other,Nagpur,West,2023-04-10,Active
C09021,Ishita Anderson,ishita.anderson9021@example.com,36,Other,Patna,East,2024-09-04,Active
C09022,David Miller,david.miller9022@example.com,51,Male,Bhubaneswar,East,2023-12-06,Active
C09023,Divya Miller,divya.miller9023@example.com,24,Other,Guwahati,East,2024-11-29,Active
C09024,Varun Das,varun.das9024@example.com,43,Male,Chandigarh,North,2023-12-23,Inactive
C09025,Rahul Johnson,rahul.johnson9025@example.com,35,Other,Bhubaneswar,East,2024-04-29,Active
C09026,Rahul Sharma,rahul.sharma9026@example.com,41,Other,Kolkata,East,2024-12-10,Active
C09027,Olivia Nair,olivia.nair9027@example.com,30,Other,Chandigarh,North,2024-04-13,Active
C09028,Arjun Nair,arjun.nair9028@example.com,45,Other,Delhi,North,2024-03-09,Active
C09029,Varun Johnson,varun.johnson9029@example.com,37,Other,Mumbai,West,2025-01-05,Active
C09030,Olivia Sharma,olivia.sharma9030@example.com,28,Female,Lucknow,North,2024-11-19,Inactive
C09031,Michael Joshi,michael.joshi9031@example.com,34,Other,Guwahati,East,2025-05-19,Active
C09032,Vikram Patel,vikram.patel9032@example.com,32,Male,Nagpur,West,2025-05-17,Active
C09033,Michael Smith,michael.smith9033@example.com,39,Male,Ahmedabad,West,2023-09-26,Inactive
C09034,Divya Taylor,divya.taylor9034@example.com,23,Female,Patna,East,2023-06-22,Active
C09035,Aarav Wilson,aarav.wilson9035@example.com,34,Other,Bhubaneswar,East,2023-10-29,Active
C09036,Daniel Kapoor,daniel.kapoor9036@example.com,38,Female,Coimbatore,South,2023-10-05,Active
C09037,Nikhil Verma,nikhil.verma9037@example.com,35,Female,Goa,West,2023-12-03,Active
C09038,Ananya Iyer,ananya.iyer9038@example.com,48,Male,Patna,East,2024-09-12,Active
C09039,Ishita Malhotra,ishita.malhotra9039@example.com,42,Female,Kochi,South,2023-01-03,Inactive
C09040,Karan Wilson,karan.wilson9040@example.com,34,Male,Goa,West,2025-05-28,Active
C09041,Meera Williams,meera.williams9041@example.com,37,Female,Dehradun,North,2023-04-26,Active
C09042,Priya Johnson,priya.johnson9042@example.com,37,Female,Kolkata,East,2025-03-18,Inactive
C09043,Isabella Davis,isabella.davis9043@example.com,39,Female,Kochi,South,2025-03-06,Active
C09044,Priya Brown,priya.brown9044@example.com,18,Female,Guwahati,East,2025-01-24,Active
C09045,Divya Singh,divya.singh9045@example.com,31,Male,Goa,West,2024-03-01,Active
C09046,Karan Williams,karan.williams9046@example.com,20,Other,Lucknow,North,2024-11-18,Inactive
C09047,David Sharma,david.sharma9047@example.com,47,Other,Chandigarh,North,2024-10-22,Active
C09048,Aarav Sharma,aarav.sharma9048@example.com,34,Male,Mumbai,West,2024-12-29,Active
C09049,Rahul Sharma,rahul.sharma9049@example.com,33,Other,Dehradun,North,2025-02-20,Inactive
C09050,James Anderson,james.anderson9050@example.com,43,Female,Guwahati,East,2024-08-20,Active
C09051,James Mehta,james.mehta9051@example.com,39,Other,Pune,West,2023-09-25,Inactive
C09052,Rohan Gupta,rohan.gupta9052@example.com,23,Female,Ranchi,East,2024-01-03,Active
C09053,James Reddy,james.reddy9053@example.com,34,Male,Guwahati,East,2025-01-19,Active
C09054,Sanjay Brown,sanjay.brown9054@example.com,31,Male,Nagpur,West,2023-04-26,Active
C09055,Sophia Wilson,sophia.wilson9055@example.com,18,Other,Dehradun,North,2025-05-25,Active
C09056,Emma Rao,emma.rao9056@example.com,28,Male,Delhi,North,2025-03-26,Active
C09057,Rohan Gupta,rohan.gupta9057@example.com,33,Male,Bhubaneswar,East,2023-09-30,Active
C09058,Daniel Malhotra,daniel.malhotra9058@example.com,33,Male,Kolkata,East,2024-11-16,Active
C09059,Pooja Smith,pooja.smith9059@example.com,20,Female,Jaipur,North,2025-03-01,Active
C09060,Emma Smith,emma.smith9060@example.com,46,Female,Bengaluru,South,2025-02-16,Active
C09061,Emma Reddy,emma.reddy9061@example.com,33,Male,Amritsar,North,2024-11-22,Inactive
C09062,Aanya Smith,aanya.smith9062@example.com,35,Male,Mysuru,South,2023-07-05,Inactive
C09063,Sanjay Nair,sanjay.nair9063@example.com,39,Other,Patna,East,2025-04-13,Active
C09064,Divya Brown,divya.brown9064@example.com,27,Other,Kolkata,East,2025-03-05,Inactive
C09065,David Mehta,david.mehta9065@example.com,39,Other,Chandigarh,North,2023-12-28,Active
C09066,Rahul Wilson,rahul.wilson9066@example.com,31,Female,Lucknow,North,2024-09-29,Active
C09067,Sophia Miller,sophia.miller9067@example.com,26,Male,Dehradun,North,2024-06-07,Active
C09068,Michael Kumar,michael.kumar9068@example.com,40,Female,Chennai,South,2023-02-14,Active
C09069,Sophia Kumar,sophia.kumar9069@example.com,49,Male,Mysuru,South,2024-05-21,Active
C09070,Vikram Patel,vikram.patel9070@example.com,42,Male,Bhubaneswar,East,2025-06-30,Inactive
C09071,Varun Verma,varun.verma9071@example.com,44,Female,Ranchi,East,2024-12-25,Active
C09072,Sneha Rao,sneha.rao9072@example.com,29,Male,Chandigarh,North,2023-12-22,Active
C09073,Sanjay Verma,sanjay.verma9073@example.com,19,Male,Kochi,South,2023-02-18,Active
C09074,Divya Moore,divya.moore9074@example.com,49,Female,Bhubaneswar,East,2024-09-23,Active
C09075,Karan Verma,karan.verma9075@example.com,55,Male,Patna,East,2023-04-05,Active
C09076,Daniel Patel,daniel.patel9076@example.com,50,Female,Mumbai,West,2023-06-18,Active
C09077,William Singh,william.singh9077@example.com,31,Female,Hyderabad,South,2023-01-11,Active
C09078,Neha Taylor,neha.taylor9078@example.com,23,Other,Surat,West,2024-10-13,Active
C09079,Rahul Williams,rahul.williams9079@example.com,24,Male,Kochi,South,2023-04-30,Active
C09080,Aditya Patel,aditya.patel9080@example.com,18,Other,Mysuru,South,2025-05-24,Active
C09081,Vikram Davis,vikram.davis9081@example.com,33,Female,Chennai,South,2024-07-08,Inactive
C09082,Varun Singh,varun.singh9082@example.com,51,Other,Kolkata,East,2023-03-26,Inactive
C09083,Varun Williams,varun.williams9083@example.com,33,Female,Guwahati,East,2023-12-31,Active
C09084,Nikhil Singh,nikhil.singh9084@example.com,38,Female,Guwahati,East,2023-10-29,Active
C09085,David Anderson,david.anderson9085@example.com,48,Male,Mysuru,South,2023-10-23,Active
C09086,Olivia Kumar,olivia.kumar9086@example.com,30,Female,Bhubaneswar,East,2025-05-06,Active
C09087,Vikram Williams,vikram.williams9087@example.com,55,Male,Coimbatore,South,2023-09-27,Active
C09088,Isabella Nair,isabella.nair9088@example.com,54,Female,Kolkata,East,2023-09-22,Active
C09089,Neha Smith,neha.smith9089@example.com,33,Male,Ranchi,East,2025-03-28,Active
C09090,Aditya Singh,aditya.singh9090@example.com,29,Other,Bhubaneswar,East,2025-06-27,Active
C09091,Karan Iyer,karan.iyer9091@example.com,41,Male,Ahmedabad,West,2025-06-25,Active
C09092,Vikram Rao,vikram.rao9092@example.com,31,Male,Hyderabad,South,2024-05-02,Inactive
C09093,Arjun Rao,arjun.rao9093@example.com,23,Other,Bhubaneswar,East,2023-04-11,Active
C09094,Divya Davis,divya.davis9094@example.com,47,Female,Nagpur,West,2023-12-15,Active
C09095,Rohan Brown,rohan.brown9095@example.com,47,Female,Coimbatore,South,2024-05-10,Inactive
C09096,Michael Malhotra,michael.malhotra9096@example.com,36,Other,Mysuru,South,2023-05-05,Inactive
C09097,Priya Mehta,priya.mehta9097@example.com,22,Male,Bhubaneswar,East,2023-06-18,Inactive
C09098,Rohan Smith,rohan.smith9098@example.com,22,Other,Dehradun,North,2023-08-04,Active
C09099,Neha Brown,neha.brown9099@example.com,36,Male,Jaipur,North,2023-07-04,Active
C09100,Aanya Malhotra,aanya.malhotra9100@example.com,30,Female,Pune,West,2023-03-12,Active
C09101,William Brown,william.brown9101@example.com,31,Male,Bhubaneswar,East,2024-11-21,Active
C09102,Priya Rao,priya.rao9102@example.com,45,Other,Pune,West,2024-09-10,Active
C09103,Rohan Rao,rohan.rao9103@example.com,42,Female,Surat,West,2023-06-13,Active
C09104,Aditya Smith,aditya.smith9104@example.com,48,Male,Amritsar,North,2024-10-17,Active
C09105,David Verma,david.verma9105@example.com,25,Female,Guwahati,East,2023-08-20,Active
C09106,Divya Mehta,divya.mehta9106@example.com,31,Female,Amritsar,North,2025-06-19,Active
C09107,Sanjay Das,sanjay.das9107@example.com,42,Other,Amritsar,North,2024-07-31,Active
C09108,Ananya Kumar,ananya.kumar9108@example.com,39,Other,Amritsar,North,2024-09-27,Active
C09109,William Moore,william.moore9109@example.com,50,Other,Chandigarh,North,2023-08-29,Active
C09110,Vikram Gupta,vikram.gupta9110@example.com,39,Male,Chandigarh,North,2024-11-04,Inactive
C09111,Rohan Nair,rohan.nair9111@example.com,53,Male,Patna,East,2023-07-12,Active
C09112,Ananya Anderson,ananya.anderson9112@example.com,40,Other,Nagpur,West,2024-03-31,Active
C09113,Aanya Williams,aanya.williams9113@example.com,45,Other,Lucknow,North,2023-08-09,Active
C09114,Michael Gupta,michael.gupta9114@example.com,31,Other,Chennai,South,2025-03-01,Inactive
C09115,Divya Miller,divya.miller9115@example.com,35,Male,Delhi,North,2024-11-28,Active
C09116,Ananya Joshi,ananya.joshi9116@example.com,44,Male,Pune,West,2023-08-15,Active
C09117,Olivia Smith,olivia.smith9117@example.com,51,Other,Hyderabad,South,2025-03-26,Active
C09118,Vikram Brown,vikram.brown9118@example.com,42,Other,Chennai,South,2023-09-02,Inactive
C09119,Ananya Singh,ananya.singh9119@example.com,34,Male,Chandigarh,North,2023-06-21,Active
C09120,Arjun Patel,arjun.patel9120@example.com,48,Male,Goa,West,2023-11-07,Inactive
C09121,Michael Verma,michael.verma9121@example.com,18,Female,Kochi,South,2023-10-25,Active
C09122,Aanya Malhotra,aanya.malhotra9122@example.com,20,Female,Bhubaneswar,East,2024-08-07,Active
C09123,Rahul Johnson,rahul.johnson9123@example.com,41,Male,Lucknow,North,2023-03-29,Active
C09124,Sanjay Williams,sanjay.williams9124@example.com,35,Female,Surat,West,2023-04-20,Active
C09125,Mia Kumar,mia.kumar9125@example.com,41,Other,Kolkata,East,2023-02-19,Active
C09126,Aarav Anderson,aarav.anderson9126@example.com,35,Male,Patna,East,2024-04-22,Active
C09127,Olivia Singh,olivia.singh9127@example.com,40,Male,Delhi,North,2023-04-10,Active
C09128,Ishita Reddy,ishita.reddy9128@example.com,26,Male,Ranchi,East,2023-02-04,Active
C09129,Michael Johnson,michael.johnson9129@example.com,40,Female,Surat,West,2024-04-27,Inactive
C09130,Michael Brown,michael.brown9130@example.com,44,Other,Coimbatore,South,2023-08-31,Active
C09131,William Reddy,william.reddy9131@example.com,47,Other,Nagpur,West,2024-12-10,Active
C09132,Arjun Joshi,arjun.joshi9132@example.com,55,Male,Guwahati,East,2025-05-31,Active
C09133,Priya Williams,priya.williams9133@example.com,37,Male,Hyderabad,South,2024-07-02,Active
C09134,Isabella Brown,isabella.brown9134@example.com,37,Male,Pune,West,2023-12-05,Inactive
C09135,Divya Wilson,divya.wilson9135@example.com,19,Other,Jaipur,North,2023-02-02,Active
C09136,Arjun Patel,arjun.patel9136@example.com,29,Male,Mysuru,South,2024-01-25,Active
C09137,Ishita Patel,ishita.patel9137@example.com,33,Female,Mumbai,West,2025-03-12,Active
C09138,Emma Verma,emma.verma9138@example.com,45,Other,Guwahati,East,2023-12-25,Active
C09139,Priya Iyer,priya.iyer9139@example.com,28,Female,Coimbatore,South,2025-05-19,Inactive
C09140,William Anderson,william.anderson9140@example.com,42,Other,Ahmedabad,West,2024-11-19,Active
C09141,Sophia Reddy,sophia.reddy9141@example.com,34,Female,Pune,West,2024-09-08,Active
C09142,David Davis,david.davis9142@example.com,33,Male,Patna,East,2023-07-31,Active
C09143,Emma Nair,emma.nair9143@example.com,37,Male,Chennai,South,2025-05-03,Inactive
C09144,Vikram Kapoor,vikram.kapoor9144@example.com,31,Female,Pune,West,2024-04-07,Inactive
C09145,Meera Moore,meera.moore9145@example.com,30,Female,Bengaluru,South,2024-02-04,Active
C09146,Varun Sharma,varun.sharma9146@example.com,18,Female,Ranchi,East,2025-04-04,Active
C09147,Michael Singh,michael.singh9147@example.com,32,Female,Bhubaneswar,East,2025-01-11,Active
C09148,Divya Kapoor,divya.kapoor9148@example.com,30,Female,Lucknow,North,2023-05-31,Active
C09149,Aanya Joshi,aanya.joshi9149@example.com,29,Female,Goa,West,2023-08-23,Active
C09150,James Miller,james.miller9150@example.com,39,Male,Mumbai,West,2023-10-25,Inactive
C09151,Arjun Kumar,arjun.kumar9151@example.com,41,Female,Pune,West,2023-02-17,Active
C09152,Sneha Williams,sneha.williams9152@example.com,37,Other,Ahmedabad,West,2024-01-15,Active
C09153,Michael Taylor,michael.taylor9153@example.com,44,Other,Delhi,North,2025-01-18,Inactive
C09154,Sophia Verma,sophia.verma9154@example.com,40,Female,Patna,East,2023-01-05,Active
C09155,Emma Mehta,emma.mehta9155@example.com,32,Male,Dehradun,North,2025-05-10,Active
C09156,Sanjay Kapoor,sanjay.kapoor9156@example.com,30,Other,Dehradun,North,2023-01-28,Active
C09157,Sanjay Moore,sanjay.moore9157@example.com,38,Other,Chennai,South,2024-01-14,Inactive
C09158,Vikram Iyer,vikram.iyer9158@example.com,40,Female,Kochi,South,2024-10-10,Active
C09159,Nikhil Williams,nikhil.williams9159@example.com,48,Other,Guwahati,East,2025-03-01,Active
C09160,Rahul Das,rahul.das9160@example.com,46,Other,Ahmedabad,West,2023-10-27,Inactive
C09161,Michael Nair,michael.nair9161@example.com,29,Male,Dehradun,North,2024-01-29,Active
C09162,Karan Smith,karan.smith9162@example.com,33,Female,Ahmedabad,West,2024-08-22,Inactive
C09163,Sophia Moore,sophia.moore9163@example.com,41,Female,Kolkata,East,2024-06-19,Inactive
C09164,Mia Verma,mia.verma9164@example.com,45,Female,Surat,West,2023-08-27,Active
C09165,Sanjay Sharma,sanjay.sharma9165@example.com,44,Other,Lucknow,North,2025-05-29,Active
C09166,Olivia Anderson,,34,Other,Goa,West,2023-09-25,Active
C09167,David Rao,david.rao9167@example.com,22,Other,Amritsar,North,2025-05-26,Active
C09168,Pooja Reddy,pooja.reddy9168@example.com,25,Other,Ranchi,East,2025-01-01,Active
C09169,Aditya Verma,aditya.verma9169@example.com,37,Male,Kochi,South,2024-03-25,Inactive
C09170,Emma Singh,emma.singh9170@example.com,38,Other,Delhi,North,2025-03-26,Active
C09171,Daniel Joshi,daniel.joshi9171@example.com,24,Male,Guwahati,East,2023-11-22,Active
C09172,Nikhil Patel,nikhil.patel9172@example.com,35,Female,Ahmedabad,West,2023-07-28,Active
C09173,James Rao,james.rao9173@example.com,41,Female,Amritsar,North,2023-03-20,Active
C09174,Neha Nair,neha.nair9174@example.com,23,Female,Delhi,North,2023-10-08,Active
C09175,Pooja Verma,pooja.verma9175@example.com,46,Other,Amritsar,North,2024-07-31,Inactive
C09176,Olivia Patel,olivia.patel9176@example.com,31,Male,Kolkata,East,2024-03-13,Active
C09177,Varun Anderson,varun.anderson9177@example.com,47,Other,Chandigarh,North,2023-08-16,Active
C09178,Arjun Reddy,arjun.reddy9178@example.com,29,Female,Kolkata,East,2023-03-21,Inactive
C09179,James Brown,james.brown9179@example.com,24,Male,Jaipur,North,2024-09-25,Active
C09180,William Malhotra,william.malhotra9180@example.com,30,Other,Ranchi,East,2023-02-28,Active
C09181,Sneha Brown,sneha.brown9181@example.com,34,Male,Nagpur,West,2024-10-14,Active
C09182,Sophia Singh,sophia.singh9182@example.com,31,Female,Goa,West,2023-12-20,Active
C09183,Meera Patel,meera.patel9183@example.com,32,Male,Ahmedabad,West,2023-02-14,Active
C09184,Divya Miller,divya.miller9184@example.com,38,Female,Nagpur,West,2024-04-26,Active
C09185,James Malhotra,james.malhotra9185@example.com,33,Male,Amritsar,North,2023-03-06,Active
C09186,Daniel Wilson,daniel.wilson9186@example.com,34,Other,Chennai,South,2025-03-12,Active
C09187,Aarav Joshi,aarav.joshi9187@example.com,18,Male,Amritsar,North,2023-01-04,Active
C09188,Sophia Malhotra,sophia.malhotra9188@example.com,38,Male,Bhubaneswar,East,2023-01-07,Active
C09189,Aarav Singh,aarav.singh9189@example.com,34,Male,Delhi,North,2023-05-16,Active
C09190,Karan Johnson,karan.johnson9190@example.com,51,Male,Mysuru,South,2025-06-13,Inactive
C09191,Ananya Taylor,ananya.taylor9191@example.com,25,Male,Lucknow,North,2023-05-05,Inactive
C09192,Mia Reddy,mia.reddy9192@example.com,18,Other,Amritsar,North,2024-01-23,Active
C09193,Ananya Sharma,ananya.sharma9193@example.com,41,Female,Guwahati,East,2024-04-19,Active
C09194,Aanya Kumar,aanya.kumar9194@example.com,38,Female,Mumbai,West,2024-09-20,Active
C09195,Sneha Verma,sneha.verma9195@example.com,24,Other,Chandigarh,North,2023-06-03,Active
C09196,Varun Joshi,varun.joshi9196@example.com,19,Female,Kolkata,East,2025-03-02,Active
C09197,Daniel Joshi,daniel.joshi9197@example.com,50,Male,Guwahati,East,2024-03-19,Active
C09198,David Brown,david.brown9198@example.com,49,Male,Delhi,North,2025-06-07,Active
C09199,Isabella Nair,isabella.nair9199@example.com,18,Other,Patna,East,2024-02-04,Active
C09200,James Mehta,james.mehta9200@example.com,30,Other,Jaipur,North,2023-06-10,Inactive
C09201,Olivia Singh,olivia.singh9201@example.com,51,Female,Amritsar,North,2025-05-03,Active
C09202,James Malhotra,james.malhotra9202@example.com,30,Female,Lucknow,North,2024-09-24,Inactive
C09203,David Verma,david.verma9203@example.com,30,Female,Kolkata,East,2023-05-26,Inactive
C09204,Rohan Rao,rohan.rao9204@example.com,32,Female,Kochi,South,2023-07-03,Active
C09205,Aditya Nair,aditya.nair9205@example.com,23,Other,Nagpur,West,2024-03-29,Active
C09206,Rohan Singh,rohan.singh9206@example.com,18,Male,Dehradun,North,2023-06-08,Active
C09207,Rohan Davis,rohan.davis9207@example.com,45,Other,Dehradun,North,2023-05-14,Active
C09208,Meera Malhotra,meera.malhotra9208@example.com,18,Female,Amritsar,North,2025-05-01,Active
C09209,Neha Smith,neha.smith9209@example.com,37,Male,Ahmedabad,West,2023-07-02,Active
C09210,Aarav Brown,aarav.brown9210@example.com,43,Male,Goa,West,2024-09-21,Active
C09211,Meera Rao,meera.rao9211@example.com,20,Male,Guwahati,East,2024-12-15,Active
C09212,Karan Malhotra,karan.malhotra9212@example.com,25,Female,Surat,West,2023-06-28,Active
C09213,Priya Moore,priya.moore9213@example.com,47,Other,Dehradun,North,2025-05-19,Active
C09214,Divya Reddy,divya.reddy9214@example.com,40,Other,Guwahati,East,2023-02-12,Active
C09215,Meera Nair,meera.nair9215@example.com,28,Other,Mumbai,West,2023-12-02,Inactive
C09216,Isabella Mehta,isabella.mehta9216@example.com,47,Other,Guwahati,East,2023-11-08,Inactive
C09217,Nikhil Moore,nikhil.moore9217@example.com,47,Male,Ranchi,East,2023-09-09,Active
C09218,Ishita Gupta,ishita.gupta9218@example.com,37,Female,Mumbai,West,2023-06-21,Active
C09219,William Verma,william.verma9219@example.com,25,Other,Mysuru,South,2025-05-19,Active
C09220,Mia Anderson,mia.anderson9220@example.com,30,Male,Bengaluru,South,2025-04-05,Active
C09221,Aditya Mehta,aditya.mehta9221@example.com,37,Other,Surat,West,2024-07-01,Active
C09222,Isabella Nair,isabella.nair9222@example.com,33,Other,Kochi,South,2025-02-27,Active
C09223,Neha Iyer,neha.iyer9223@example.com,44,Other,Nagpur,West,2023-10-09,Active
C09224,Aarav Taylor,aarav.taylor9224@example.com,19,Male,Mysuru,South,2023-06-09,Active
C09225,Karan Kapoor,karan.kapoor9225@example.com,20,Female,Bhubaneswar,East,2025-02-13,Inactive
C09226,David Gupta,david.gupta9226@example.com,36,Other,Patna,East,2024-07-20,Active
C09227,Sneha Nair,sneha.nair9227@example.com,30,Female,Bengaluru,South,2025-01-10,Active
C09228,Meera Smith,meera.smith9228@example.com,28,Male,Ranchi,East,2023-05-16,Active
C09229,Michael Brown,michael.brown9229@example.com,18,Other,Ahmedabad,West,2024-01-13,Active
C09230,Aarav Rao,aarav.rao9230@example.com,35,Other,Mysuru,South,2024-09-21,Active
C09231,Sneha Miller,sneha.miller9231@example.com,34,Female,Jaipur,North,2024-10-16,Active
C09232,Olivia Malhotra,olivia.malhotra9232@example.com,41,Female,Lucknow,North,2023-01-09,Active
C09233,Ananya Reddy,ananya.reddy9233@example.com,35,Female,Kolkata,East,2025-02-05,Active
C09234,Karan Singh,karan.singh9234@example.com,33,Male,Dehradun,North,2023-03-12,Active
C09235,Kavya Reddy,kavya.reddy9235@example.com,46,Male,Bhubaneswar,East,2024-01-02,Active
C09236,Aanya Williams,aanya.williams9236@example.com,21,Male,Ahmedabad,West,2024-01-21,Active
C09237,Ishita Sharma,ishita.sharma9237@example.com,40,Female,Nagpur,West,2025-06-27,Active
C09238,Isabella Das,isabella.das9238@example.com,18,Male,Hyderabad,South,2023-02-09,Active
C09239,Aarav Miller,aarav.miller9239@example.com,26,Other,Delhi,North,2025-05-25,Active
C09240,Aanya Singh,aanya.singh9240@example.com,22,Female,Hyderabad,South,2024-05-14,Active
C09241,Karan Iyer,karan.iyer9241@example.com,42,Female,Dehradun,North,2024-08-02,Active
C09242,Meera Miller,meera.miller9242@example.com,34,Male,Nagpur,West,2024-07-20,Active
C09243,Isabella Gupta,isabella.gupta9243@example.com,34,Male,Kochi,South,2025-06-11,Active
C09244,Emma Rao,emma.rao9244@example.com,23,Other,Surat,West,2024-10-18,Active
C09245,Arjun Taylor,arjun.taylor9245@example.com,32,Male,Bhubaneswar,East,2024-04-14,Active
C09246,Vikram Kumar,vikram.kumar9246@example.com,27,Female,Mumbai,West,2025-05-20,Inactive
C09247,Emma Nair,emma.nair9247@example.com,38,Male,Kochi,South,2024-08-29,Active
C09248,Sophia Mehta,sophia.mehta9248@example.com,25,Other,Nagpur,West,2024-01-26,Inactive
C09249,Sanjay Taylor,sanjay.taylor9249@example.com,48,Male,Bhubaneswar,East,2025-05-03,Inactive
C09250,Pooja Nair,pooja.nair9250@example.com,18,Other,Chandigarh,North,2025-01-11,Active
C09251,Isabella Patel,isabella.patel9251@example.com,26,Female,Patna,East,2024-06-29,Active
C09252,Sneha Johnson,sneha.johnson9252@example.com,51,Other,Ahmedabad,West,2023-10-27,Active
C09253,Sophia Smith,sophia.smith9253@example.com,30,Other,Bhubaneswar,East,2024-05-10,Active
C09254,Neha Iyer,neha.iyer9254@example.com,21,Other,Mysuru,South,2024-04-14,Inactive
C09255,Mia Nair,mia.nair9255@example.com,37,Female,Bengaluru,South,2023-12-20,Active
C09256,Daniel Mehta,daniel.mehta9256@example.com,30,Male,Dehradun,North,2023-05-06,Active
C09257,Daniel Williams,daniel.williams9257@example.com,26,Other,Lucknow,North,2024-02-14,Active
C09258,Sanjay Iyer,sanjay.iyer9258@example.com,24,Female,Surat,West,2024-01-16,Active
C09259,Ishita Malhotra,ishita.malhotra9259@example.com,62,Other,Dehradun,North,2024-09-26,Active
C09260,Emma Kapoor,emma.kapoor9260@example.com,32,Other,Pune,West,2023-06-30,Inactive
C09261,Varun Iyer,varun.iyer9261@example.com,18,Male,Bengaluru,South,2025-01-18,Inactive
C09262,Olivia Miller,olivia.miller9262@example.com,49,Male,Dehradun,North,2024-11-01,Active
C09263,Divya Iyer,divya.iyer9263@example.com,41,Other,Bhubaneswar,East,2023-07-07,Inactive
C09264,James Gupta,james.gupta9264@example.com,27,Female,Ranchi,East,2025-05-12,Inactive
C09265,Priya Das,priya.das9265@example.com,25,Male,Hyderabad,South,2023-11-15,Active
C09266,Ananya Rao,ananya.rao9266@example.com,41,Male,Mumbai,West,2025-01-25,Active
C09267,Ishita Kumar,ishita.kumar9267@example.com,32,Female,Chandigarh,North,2023-09-01,Active
C09268,Rohan Kapoor,rohan.kapoor9268@example.com,18,Male,Guwahati,East,2023-10-29,Inactive
C09269,Aditya Reddy,aditya.reddy9269@example.com,52,Female,Hyderabad,South,2024-03-15,Active
C09270,Kavya Brown,kavya.brown9270@example.com,30,Other,Bhubaneswar,East,2024-05-02,Active
C09271,Aditya Wilson,aditya.wilson9271@example.com,49,Other,Jaipur,North,2023-08-09,Active
C09272,Mia Das,mia.das9272@example.com,47,Female,Delhi,North,2024-07-05,Inactive
C09273,Meera Verma,meera.verma9273@example.com,24,Other,Chennai,South,2024-05-10,Active
C09274,Rohan Wilson,rohan.wilson9274@example.com,45,Male,Ahmedabad,West,2025-05-26,Active
C09275,Aarav Miller,aarav.miller9275@example.com,28,Other,Jaipur,North,2024-09-23,Active
C09276,Kavya Wilson,kavya.wilson9276@example.com,18,Other,Nagpur,West,2024-12-21,Active
C09277,Olivia Moore,,30,Female,Bhubaneswar,East,2024-05-07,Active
C09278,Karan Wilson,karan.wilson9278@example.com,38,Female,Bhubaneswar,East,2025-03-20,Active
C09279,Ishita Patel,ishita.patel9279@example.com,30,Female,Nagpur,West,2024-01-20,Active
C09280,Mia Miller,mia.miller9280@example.com,31,Male,Dehradun,North,2025-01-20,Active
C09281,Aditya Williams,aditya.williams9281@example.com,46,Female,Goa,West,2023-10-26,Active
C09282,Sneha Gupta,sneha.gupta9282@example.com,36,Male,Guwahati,East,2025-02-23,Inactive
C09283,Karan Anderson,karan.anderson9283@example.com,26,Other,Lucknow,North,2024-12-25,Active
C09284,Priya Joshi,priya.joshi9284@example.com,42,Other,Kolkata,East,2025-05-13,Active
C09285,James Moore,james.moore9285@example.com,36,Other,Chandigarh,North,2025-03-14,Active
C09286,Sneha Verma,sneha.verma9286@example.com,18,Male,Kochi,South,2024-12-02,Active
C09287,Aditya Verma,aditya.verma9287@example.com,39,Male,Amritsar,North,2024-08-31,Active
C09288,Karan Reddy,karan.reddy9288@example.com,38,Male,Ahmedabad,West,2024-12-12,Inactive
C09289,Sophia Rao,sophia.rao9289@example.com,35,Other,Nagpur,West,2024-06-11,Inactive
C09290,Olivia Nair,olivia.nair9290@example.com,43,Other,Dehradun,North,2023-10-24,Active
C09291,Mia Gupta,mia.gupta9291@example.com,28,Male,Patna,East,2023-01-05,Active
C09292,William Wilson,william.wilson9292@example.com,38,Female,Patna,East,2025-01-25,Active
C09293,Daniel Nair,daniel.nair9293@example.com,19,Female,Kolkata,East,2025-04-21,Inactive
C09294,Sanjay Gupta,sanjay.gupta9294@example.com,39,Male,Kolkata,East,2024-02-16,Active
C09295,Sneha Rao,sneha.rao9295@example.com,54,Other,Chennai,South,2024-03-19,Active
C09296,Emma Das,emma.das9296@example.com,25,Female,Ranchi,East,2024-12-05,Active
C09297,Isabella Patel,isabella.patel9297@example.com,27,Female,Surat,West,2023-03-01,Active
C09298,Nikhil Taylor,nikhil.taylor9298@example.com,27,Female,Kolkata,East,2024-03-13,Active
C09299,Daniel Wilson,daniel.wilson9299@example.com,36,Female,Goa,West,2023-01-20,Active
C09300,Meera Reddy,meera.reddy9300@example.com,24,Male,Bhubaneswar,East,2024-03-06,Active
C09301,Ishita Taylor,ishita.taylor9301@example.com,39,Male,Ahmedabad,West,2023-05-20,Active
C09302,Vikram Kumar,vikram.kumar9302@example.com,43,Other,Ranchi,East,2024-12-27,Active
C09303,Vikram Sharma,vikram.sharma9303@example.com,40,Other,Mysuru,South,2025-02-09,Inactive
C09304,Meera Smith,meera.smith9304@example.com,18,Female,Coimbatore,South,2024-06-11,Inactive
C09305,Sophia Anderson,sophia.anderson9305@example.com,44,Female,Guwahati,East,2023-02-21,Active
C09306,Olivia Wilson,olivia.wilson9306@example.com,44,Male,Amritsar,North,2023-01-08,Inactive
C09307,Karan Miller,karan.miller9307@example.com,43,Male,Mumbai,West,2024-06-27,Inactive
C09308,Rohan Moore,rohan.moore9308@example.com,38,Other,Amritsar,North,2024-08-18,Active
C09309,Arjun Williams,arjun.williams9309@example.com,37,Male,Kochi,South,2024-06-02,Active
C09310,William Kumar,william.kumar9310@example.com,45,Other,Coimbatore,South,2024-07-01,Active
C09311,Meera Iyer,meera.iyer9311@example.com,54,Male,Hyderabad,South,2023-04-10,Inactive
C09312,Emma Das,emma.das9312@example.com,25,Female,Chandigarh,North,2024-03-07,Active
C09313,Aanya Smith,aanya.smith9313@example.com,45,Female,Amritsar,North,2024-12-30,Active
C09314,Rahul Kapoor,rahul.kapoor9314@example.com,34,Male,Bhubaneswar,East,2023-11-10,Active
C09315,Rahul Wilson,rahul.wilson9315@example.com,33,Other,Lucknow,North,2024-09-21,Active
C09316,Isabella Kapoor,isabella.kapoor9316@example.com,19,Female,Chandigarh,North,2025-03-23,Active
C09317,Rohan Reddy,rohan.reddy9317@example.com,32,Male,Surat,West,2023-03-27,Inactive
C09318,Varun Rao,varun.rao9318@example.com,25,Male,Ahmedabad,West,2023-09-03,Active
C09319,Meera Verma,meera.verma9319@example.com,30,Female,Nagpur,West,2023-12-17,Active
C09320,Olivia Das,olivia.das9320@example.com,24,Male,Surat,West,2023-04-06,Inactive
C09321,Meera Anderson,meera.anderson9321@example.com,30,Female,Chennai,South,2024-10-03,Active
C09322,Rohan Davis,rohan.davis9322@example.com,30,Male,Chandigarh,North,2024-04-11,Active
C09323,Vikram Johnson,vikram.johnson9323@example.com,35,Other,Lucknow,North,2023-07-18,Active
C09324,Rohan Nair,rohan.nair9324@example.com,18,Male,Dehradun,North,2023-08-28,Active
C09325,Rohan Nair,rohan.nair9325@example.com,20,Female,Jaipur,North,2023-01-13,Active
C09326,Meera Miller,meera.miller9326@example.com,38,Other,Guwahati,East,2024-03-27,Active
C09327,Meera Moore,meera.moore9327@example.com,27,Female,Patna,East,2023-11-08,Active
C09328,Sanjay Brown,sanjay.brown9328@example.com,45,Male,Hyderabad,South,2024-09-21,Inactive
C09329,Michael Singh,michael.singh9329@example.com,37,Female,Hyderabad,South,2023-11-30,Active
C09330,Vikram Patel,vikram.patel9330@example.com,41,Female,Surat,West,2023-03-01,Active
C09331,Arjun Gupta,arjun.gupta9331@example.com,49,Female,Lucknow,North,2025-02-21,Active
C09332,Kavya Moore,kavya.moore9332@example.com,31,Other,Kolkata,East,2024-03-01,Active
C09333,Varun Kapoor,varun.kapoor9333@example.com,29,Other,Goa,West,2025-02-01,Active
C09334,Neha Brown,neha.brown9334@example.com,43,Female,Ahmedabad,West,2023-03-22,Active
C09335,Aditya Taylor,aditya.taylor9335@example.com,40,Male,Jaipur,North,2024-10-18,Active
C09336,Isabella Reddy,isabella.reddy9336@example.com,33,Male,Chennai,South,2024-03-10,Active
C09337,Divya Taylor,divya.taylor9337@example.com,48,Other,Pune,West,2024-09-27,Inactive
C09338,Ishita Kapoor,ishita.kapoor9338@example.com,32,Male,Surat,West,2024-12-31,Active
C09339,Daniel Patel,daniel.patel9339@example.com,35,Male,Surat,West,2024-09-13,Active
C09340,Isabella Wilson,isabella.wilson9340@example.com,35,Female,Surat,West,2024-04-10,Active
C09341,Isabella Taylor,isabella.taylor9341@example.com,25,Other,Delhi,North,2024-07-26,Active
C09342,Emma Anderson,emma.anderson9342@example.com,35,Male,Mumbai,West,2024-06-16,Active
C09343,Rohan Wilson,rohan.wilson9343@example.com,48,Female,Delhi,North,2023-02-06,Active
C09344,Emma Anderson,emma.anderson9344@example.com,39,Other,Chennai,South,2023-07-07,Active
C09345,Rohan Wilson,rohan.wilson9345@example.com,35,Other,Chandigarh,North,2023-05-19,Active
C09346,Arjun Wilson,arjun.wilson9346@example.com,33,Male,Jaipur,North,2024-03-23,Active
C09347,James Das,james.das9347@example.com,38,Male,Ranchi,East,2025-05-12,Inactive
C09348,Sanjay Smith,sanjay.smith9348@example.com,42,Female,Ranchi,East,2025-01-03,Inactive
C09349,Kavya Smith,kavya.smith9349@example.com,41,Female,Goa,West,2023-12-25,Inactive
C09350,Emma Das,emma.das9350@example.com,31,Female,Goa,West,2024-12-18,Active
C09351,Neha Davis,neha.davis9351@example.com,38,Male,Delhi,North,2024-04-14,Inactive
C09352,Arjun Miller,arjun.miller9352@example.com,39,Other,Ranchi,East,2023-02-25,Inactive
C09353,Daniel Moore,daniel.moore9353@example.com,24,Other,Bengaluru,South,2025-04-02,Active
C09354,Isabella Miller,isabella.miller9354@example.com,36,Other,Amritsar,North,2025-03-10,Active
C09355,Michael Brown,michael.brown9355@example.com,18,Other,Bengaluru,South,2024-06-13,Inactive
C09356,Isabella Kapoor,isabella.kapoor9356@example.com,39,Other,Goa,West,2024-11-07,Inactive
C09357,Aarav Sharma,aarav.sharma9357@example.com,41,Male,Bhubaneswar,East,2023-07-11,Inactive
C09358,Daniel Rao,daniel.rao9358@example.com,42,Male,Kolkata,East,2025-06-18,Active
C09359,Ananya Kumar,ananya.kumar9359@example.com,31,Female,Chennai,South,2025-02-12,Active
C09360,Ishita Kumar,ishita.kumar9360@example.com,38,Male,Surat,West,2023-08-10,Active
C09361,Ishita Brown,ishita.brown9361@example.com,49,Female,Guwahati,East,2023-02-24,Active
C09362,Arjun Sharma,arjun.sharma9362@example.com,49,Other,Nagpur,West,2023-10-04,Active
C09363,Varun Brown,varun.brown9363@example.com,34,Male,Mysuru,South,2023-11-05,Active
C09364,Meera Johnson,meera.johnson9364@example.com,36,Female,Coimbatore,South,2024-02-12,Active
C09365,Pooja Joshi,pooja.joshi9365@example.com,46,Male,Surat,West,2023-04-27,Inactive
C09366,Neha Miller,neha.miller9366@example.com,19,Female,Chennai,South,2024-02-18,Active
C09367,Isabella Kumar,isabella.kumar9367@example.com,31,Female,Bhubaneswar,East,2025-01-28,Active
C09368,David Nair,david.nair9368@example.com,48,Other,Mysuru,South,2025-04-22,Inactive
C09369,Mia Reddy,mia.reddy9369@example.com,44,Male,Bhubaneswar,East,2025-06-10,Inactive
C09370,Sanjay Anderson,sanjay.anderson9370@example.com,38,Female,Delhi,North,2024-08-13,Inactive
C09371,Michael Sharma,michael.sharma9371@example.com,19,Male,Kolkata,East,2023-10-14,Active
C09372,Rohan Joshi,rohan.joshi9372@example.com,34,Other,Mumbai,West,2023-09-15,Active
C09373,Emma Rao,emma.rao9373@example.com,29,Male,Kochi,South,2023-03-21,Active
C09374,Arjun Nair,arjun.nair9374@example.com,38,Other,Chennai,South,2024-03-26,Active
C09375,Priya Reddy,priya.reddy9375@example.com,26,Female,Surat,West,2025-03-13,Inactive
C09376,Daniel Davis,daniel.davis9376@example.com,24,Male,Bhubaneswar,East,2023-04-11,Active
C09377,Rahul Brown,rahul.brown9377@example.com,18,Female,Chandigarh,North,2024-07-08,Active
C09378,Aditya Reddy,aditya.reddy9378@example.com,47,Female,Dehradun,North,2025-02-24,Active
C09379,Mia Brown,mia.brown9379@example.com,31,Other,Dehradun,North,2024-08-04,Active
C09380,Rahul Mehta,rahul.mehta9380@example.com,36,Other,Jaipur,North,2023-03-03,Active
C09381,Karan Reddy,karan.reddy9381@example.com,34,Other,Guwahati,East,2024-03-05,Active
C09382,Divya Joshi,divya.joshi9382@example.com,24,Female,Kolkata,East,2023-06-25,Active
C09383,Pooja Patel,pooja.patel9383@example.com,22,Female,Patna,East,2023-11-21,Inactive
C09384,Meera Verma,meera.verma9384@example.com,24,Male,Goa,West,2024-03-28,Active
C09385,Ananya Wilson,ananya.wilson9385@example.com,27,Female,Surat,West,2023-05-06,Active
C09386,Daniel Davis,daniel.davis9386@example.com,38,Male,Mysuru,South,2024-05-19,Active
C09387,Olivia Anderson,olivia.anderson9387@example.com,27,Female,Mumbai,West,2024-10-14,Active
C09388,Daniel Malhotra,daniel.malhotra9388@example.com,52,Other,Bengaluru,South,2025-06-01,Active
C09389,Vikram Nair,vikram.nair9389@example.com,45,Female,Mysuru,South,2023-07-07,Active
C09390,Aarav Moore,aarav.moore9390@example.com,43,Male,Bhubaneswar,East,2023-08-13,Active
C09391,Daniel Anderson,daniel.anderson9391@example.com,33,Male,Goa,West,2024-03-06,Inactive
C09392,David Iyer,david.iyer9392@example.com,50,Other,Ranchi,East,2023-11-11,Active
C09393,Michael Johnson,michael.johnson9393@example.com,32,Female,Dehradun,North,2024-07-09,Active
C09394,Daniel Smith,daniel.smith9394@example.com,34,Female,Guwahati,East,2024-12-14,Active
C09395,Priya Sharma,priya.sharma9395@example.com,36,Male,Mysuru,South,2025-01-09,Active
C09396,Kavya Joshi,kavya.joshi9396@example.com,42,Other,Kochi,South,2024-04-27,Active
C09397,Ishita Das,ishita.das9397@example.com,41,Other,Kochi,South,2025-03-22,Active
C09398,Aditya Brown,aditya.brown9398@example.com,30,Other,Patna,East,2024-12-11,Inactive
C09399,Aarav Williams,aarav.williams9399@example.com,29,Male,Bhubaneswar,East,2023-09-24,Active
C09400,Rohan Sharma,rohan.sharma9400@example.com,41,Other,Ahmedabad,West,2023-04-25,Active
C09401,Ishita Malhotra,ishita.malhotra9401@example.com,42,Female,Bengaluru,South,2023-01-20,Active
C09402,Meera Joshi,meera.joshi9402@example.com,31,Female,Bengaluru,South,2025-02-09,Active
C09403,Varun Mehta,varun.mehta9403@example.com,19,Female,Kolkata,East,2024-01-14,Inactive
C09404,Ananya Nair,ananya.nair9404@example.com,32,Other,Pune,West,2023-06-04,Active
C09405,Priya Singh,priya.singh9405@example.com,41,Other,Surat,West,2023-09-17,Active
C09406,Rohan Johnson,rohan.johnson9406@example.com,53,Male,Mumbai,West,2025-04-04,Active
C09407,Arjun Patel,arjun.patel9407@example.com,23,Male,Chandigarh,North,2023-05-28,Active
C09408,Ananya Miller,ananya.miller9408@example.com,30,Female,Ahmedabad,West,2024-11-01,Active
C09409,Pooja Davis,pooja.davis9409@example.com,31,Male,Goa,West,2024-11-04,Inactive
C09410,Michael Gupta,michael.gupta9410@example.com,48,Male,Coimbatore,South,2024-06-01,Active
C09411,Nikhil Kapoor,nikhil.kapoor9411@example.com,34,Other,Coimbatore,South,2024-06-08,Active
C09412,Varun Smith,varun.smith9412@example.com,25,Male,Goa,West,2023-12-20,Active
C09413,Kavya Taylor,kavya.taylor9413@example.com,40,Female,Pune,West,2024-07-05,Active
C09414,Priya Taylor,priya.taylor9414@example.com,30,Male,Ahmedabad,West,2023-09-13,Active
C09415,Divya Moore,divya.moore9415@example.com,22,Other,Nagpur,West,2024-09-22,Active
C09416,Emma Miller,emma.miller9416@example.com,26,Female,Pune,West,2023-05-17,Active
C09417,Sanjay Mehta,sanjay.mehta9417@example.com,52,Other,Chandigarh,North,2024-02-18,Active
C09418,Mia Nair,mia.nair9418@example.com,38,Male,Bengaluru,South,2024-08-31,Inactive
C09419,Kavya Joshi,kavya.joshi9419@example.com,36,Female,Kolkata,East,2023-06-07,Inactive
C09420,Olivia Miller,olivia.miller9420@example.com,32,Female,Kochi,South,2023-07-09,Active
C09421,Karan Malhotra,karan.malhotra9421@example.com,37,Female,Chandigarh,North,2025-01-28,Inactive
C09422,Olivia Moore,olivia.moore9422@example.com,37,Male,Surat,West,2024-12-19,Active
C09423,Arjun Davis,arjun.davis9423@example.com,37,Male,Amritsar,North,2024-01-03,Active
C09424,Mia Kapoor,mia.kapoor9424@example.com,36,Other,Ahmedabad,West,2025-03-17,Active
C09425,Aanya Das,aanya.das9425@example.com,43,Male,Bengaluru,South,2024-12-09,Active
C09426,Meera Verma,meera.verma9426@example.com,35,Female,Dehradun,North,2023-05-24,Active
C09427,Sneha Rao,sneha.rao9427@example.com,25,Male,Dehradun,North,2023-10-14,Inactive
C09428,Rohan Joshi,rohan.joshi9428@example.com,28,Female,Surat,West,2023-04-22,Active
C09429,Ananya Davis,ananya.davis9429@example.com,18,Other,Guwahati,East,2025-04-23,Active
C09430,Rohan Singh,rohan.singh9430@example.com,55,Other,Mumbai,West,2023-11-05,Active
C09431,Pooja Verma,pooja.verma9431@example.com,43,Female,Chennai,South,2024-04-23,Active
C09432,Kavya Das,kavya.das9432@example.com,26,Female,Coimbatore,South,2025-02-22,Active
C09433,James Smith,james.smith9433@example.com,32,Female,Nagpur,West,2023-02-05,Active
C09434,Mia Wilson,mia.wilson9434@example.com,28,Other,Coimbatore,South,2023-11-03,Inactive
C09435,Michael Sharma,michael.sharma9435@example.com,50,Male,Guwahati,East,2024-08-15,Active
C09436,David Wilson,david.wilson9436@example.com,20,Other,Surat,West,2024-08-05,Active
C09437,James Sharma,james.sharma9437@example.com,36,Female,Patna,East,2023-03-08,Inactive
C09438,Sanjay Anderson,sanjay.anderson9438@example.com,33,Female,Lucknow,North,2025-02-04,Active
C09439,Vikram Rao,vikram.rao9439@example.com,43,Female,Ahmedabad,West,2025-03-24,Active
C09440,Divya Williams,divya.williams9440@example.com,33,Female,Ahmedabad,West,2023-04-13,Active
C09441,Emma Williams,emma.williams9441@example.com,18,Other,Surat,West,2024-10-13,Active
C09442,Priya Singh,priya.singh9442@example.com,32,Other,Bengaluru,South,2024-03-15,Active
C09443,Olivia Reddy,olivia.reddy9443@example.com,25,Female,Nagpur,West,2023-09-05,Active
C09444,Rahul Brown,rahul.brown9444@example.com,35,Male,Delhi,North,2023-05-20,Active
C09445,Isabella Brown,isabella.brown9445@example.com,49,Female,Kolkata,East,2025-04-04,Inactive
C09446,Meera Moore,meera.moore9446@example.com,18,Other,Nagpur,West,2023-09-07,Inactive
C09447,Ananya Mehta,ananya.mehta9447@example.com,26,Female,Lucknow,North,2023-09-04,Inactive
C09448,Divya Wilson,divya.wilson9448@example.com,29,Male,Nagpur,West,2023-04-30,Inactive
C09449,Michael Patel,michael.patel9449@example.com,31,Female,Jaipur,North,2023-12-17,Inactive
C09450,Karan Davis,karan.davis9450@example.com,42,Other,Delhi,North,2024-12-01,Active
C09451,Sanjay Das,sanjay.das9451@example.com,33,Other,Patna,East,2023-08-13,Inactive
C09452,Isabella Mehta,isabella.mehta9452@example.com,39,Female,Bengaluru,South,2023-11-23,Active
C09453,Priya Gupta,priya.gupta9453@example.com,28,Male,Ahmedabad,West,2023-05-11,Active
C09454,Michael Reddy,michael.reddy9454@example.com,37,Male,Patna,East,2024-09-28,Active
C09455,Mia Malhotra,mia.malhotra9455@example.com,42,Female,Kolkata,East,2024-07-31,Active
C09456,Sneha Johnson,sneha.johnson9456@example.com,27,Male,Hyderabad,South,2023-11-21,Active
C09457,Mia Patel,mia.patel9457@example.com,42,Female,Guwahati,East,2023-01-14,Active
C09458,Ishita Moore,ishita.moore9458@example.com,35,Male,Goa,West,2023-01-14,Inactive
C09459,David Kumar,david.kumar9459@example.com,45,Other,Kochi,South,2025-03-15,Active
C09460,Isabella Brown,isabella.brown9460@example.com,32,Female,Coimbatore,South,2023-02-12,Active
C09461,Nikhil Gupta,nikhil.gupta9461@example.com,38,Male,Delhi,North,2024-12-04,Active
C09462,Rahul Reddy,rahul.reddy9462@example.com,34,Female,Coimbatore,South,2023-11-18,Active
C09463,Varun Davis,varun.davis9463@example.com,34,Other,Goa,West,2025-06-29,Active
C09464,Varun Rao,varun.rao9464@example.com,37,Male,Coimbatore,South,2025-03-10,Active
C09465,Ishita Singh,ishita.singh9465@example.com,40,Male,Kolkata,East,2024-05-29,Active
C09466,Isabella Patel,isabella.patel9466@example.com,22,Other,Ranchi,East,2023-07-14,Active
C09467,Daniel Kapoor,daniel.kapoor9467@example.com,49,Male,Jaipur,North,2023-09-26,Active
C09468,Varun Kapoor,varun.kapoor9468@example.com,18,Female,Guwahati,East,2023-09-27,Active
C09469,Vikram Mehta,vikram.mehta9469@example.com,28,Male,Amritsar,North,2024-08-31,Inactive
C09470,Neha Malhotra,neha.malhotra9470@example.com,34,Male,Ahmedabad,West,2024-09-29,Active
C09471,Isabella Patel,isabella.patel9471@example.com,39,Other,Nagpur,West,2024-01-17,Active
C09472,Sanjay Brown,sanjay.brown9472@example.com,50,Male,Ahmedabad,West,2023-12-11,Active
C09473,Aarav Taylor,aarav.taylor9473@example.com,18,Male,Bengaluru,South,2025-05-03,Active
C09474,Daniel Nair,daniel.nair9474@example.com,29,Female,Amritsar,North,2024-10-03,Active
C09475,Aarav Kumar,aarav.kumar9475@example.com,18,Male,Lucknow,North,2025-05-10,Inactive
C09476,Aanya Kapoor,aanya.kapoor9476@example.com,35,Female,Chennai,South,2024-10-05,Active
C09477,William Patel,william.patel9477@example.com,37,Female,Surat,West,2023-01-30,Inactive
C09478,Isabella Das,isabella.das9478@example.com,50,Other,Amritsar,North,2024-01-17,Active
C09479,Pooja Johnson,pooja.johnson9479@example.com,36,Other,Ahmedabad,West,2023-08-06,Inactive
C09480,James Rao,james.rao9480@example.com,45,Other,Goa,West,2023-04-09,Inactive
C09481,Vikram Rao,vikram.rao9481@example.com,40,Female,Ranchi,East,2023-06-05,Inactive
C09482,Rohan Iyer,rohan.iyer9482@example.com,30,Male,Dehradun,North,2023-03-26,Active
C09483,Varun Kumar,varun.kumar9483@example.com,20,Male,Mumbai,West,2023-05-22,Active
C09484,Arjun Anderson,arjun.anderson9484@example.com,37,Female,Ranchi,East,2023-07-11,Active
C09485,Arjun Kumar,arjun.kumar9485@example.com,20,Male,Bengaluru,South,2025-04-12,Active
C09486,Meera Miller,meera.miller9486@example.com,47,Female,Jaipur,North,2025-02-19,Active
C09487,Nikhil Gupta,nikhil.gupta9487@example.com,33,Other,Kochi,South,2024-07-19,Active
C09488,Aarav Davis,aarav.davis9488@example.com,46,Other,Bengaluru,South,2023-09-07,Active
C09489,Priya Rao,priya.rao9489@example.com,30,Female,Patna,East,2024-06-30,Inactive
C09490,Neha Joshi,neha.joshi9490@example.com,37,Male,Jaipur,North,2025-03-30,Active
C09491,Nikhil Mehta,nikhil.mehta9491@example.com,37,Other,Coimbatore,South,2023-06-07,Active
C09492,Karan Johnson,karan.johnson9492@example.com,34,Female,Ahmedabad,West,2024-02-28,Active
C09493,Olivia Iyer,olivia.iyer9493@example.com,30,Other,Dehradun,North,2023-02-11,Active
C09494,Varun Wilson,varun.wilson9494@example.com,38,Female,Guwahati,East,2025-06-20,Active
C09495,Ananya Iyer,ananya.iyer9495@example.com,25,Female,Coimbatore,South,2025-05-02,Active
C09496,Isabella Iyer,isabella.iyer9496@example.com,22,Female,Delhi,North,2023-08-15,Active
C09497,Kavya Kumar,kavya.kumar9497@example.com,47,Other,Ranchi,East,2024-10-12,Active
C09498,Divya Moore,divya.moore9498@example.com,42,Female,Surat,West,2024-09-26,Inactive
C09499,David Smith,david.smith9499@example.com,35,Other,Lucknow,North,2025-06-11,Active
C09500,Neha Mehta,neha.mehta9500@example.com,51,Female,Kolkata,East,2024-02-21,Active
C09501,Ananya Malhotra,ananya.malhotra9501@example.com,32,Male,Patna,East,2023-02-06,Active
C09502,Meera Singh,meera.singh9502@example.com,48,Female,Ahmedabad,West,2024-02-05,Active
C09503,Isabella Iyer,isabella.iyer9503@example.com,36,Other,Patna,East,2023-12-07,Active
C09504,Pooja Brown,pooja.brown9504@example.com,24,Female,Pune,West,2024-03-19,Active
C09505,Divya Patel,divya.patel9505@example.com,53,Male,Guwahati,East,2024-11-09,Active
C09506,Sneha Johnson,sneha.johnson9506@example.com,44,Male,Bhubaneswar,East,2025-05-04,Active
C09507,Meera Mehta,meera.mehta9507@example.com,33,Other,Kochi,South,2025-05-16,Active
C09508,Daniel Joshi,daniel.joshi9508@example.com,42,Male,Amritsar,North,2023-11-16,Active
C09509,Sanjay Rao,sanjay.rao9509@example.com,30,Female,Coimbatore,South,2023-08-12,Active
C09510,Ishita Anderson,ishita.anderson9510@example.com,43,Male,Dehradun,North,2023-07-25,Active
C09511,Daniel Gupta,daniel.gupta9511@example.com,18,Male,Kolkata,East,2024-11-24,Inactive
C09512,Ananya Kumar,ananya.kumar9512@example.com,24,Female,Ranchi,East,2023-01-05,Active
C09513,Rohan Nair,rohan.nair9513@example.com,44,Female,Ranchi,East,2024-04-12,Inactive
C09514,Priya Taylor,priya.taylor9514@example.com,32,Male,Kochi,South,2023-08-21,Active
C09515,Michael Joshi,michael.joshi9515@example.com,37,Male,Chandigarh,North,2024-09-16,Active
C09516,Priya Verma,priya.verma9516@example.com,21,Female,Goa,West,2024-06-18,Active
C09517,Ananya Gupta,ananya.gupta9517@example.com,53,Other,Bhubaneswar,East,2024-12-23,Active
C09518,Aarav Smith,aarav.smith9518@example.com,46,Female,Ahmedabad,West,2023-11-11,Active
C09519,Rohan Davis,rohan.davis9519@example.com,32,Female,Chandigarh,North,2023-06-05,Active
C09520,Emma Brown,emma.brown9520@example.com,30,Female,Mumbai,West,2024-02-22,Active
C09521,Varun Patel,varun.patel9521@example.com,45,Female,Goa,West,2023-05-08,Active
C09522,Neha Mehta,neha.mehta9522@example.com,54,Male,Mysuru,South,2023-12-03,Active
C09523,Aditya Mehta,aditya.mehta9523@example.com,44,Female,Amritsar,North,2023-11-17,Active
C09524,Ananya Das,ananya.das9524@example.com,56,Male,Chennai,South,2024-06-10,Inactive
C09525,Kavya Mehta,kavya.mehta9525@example.com,25,Male,Chennai,South,2023-03-10,Inactive
C09526,Nikhil Patel,nikhil.patel9526@example.com,26,Other,Dehradun,North,2024-11-14,Active
C09527,Neha Iyer,neha.iyer9527@example.com,23,Male,Lucknow,North,2023-09-09,Active
C09528,Aarav Kumar,aarav.kumar9528@example.com,39,Female,Bhubaneswar,East,2024-01-26,Active
C09529,Olivia Kumar,olivia.kumar9529@example.com,36,Female,Ranchi,East,2024-12-02,Inactive
C09530,David Brown,david.brown9530@example.com,33,Male,Lucknow,North,2023-07-12,Active
C09531,Emma Davis,emma.davis9531@example.com,43,Male,Kolkata,East,2023-07-26,Active
C09532,Arjun Sharma,arjun.sharma9532@example.com,47,Other,Goa,West,2023-01-06,Active
C09533,Daniel Kumar,daniel.kumar9533@example.com,19,Other,Ranchi,East,2023-11-03,Inactive
C09534,Varun Das,varun.das9534@example.com,29,Male,Lucknow,North,2023-10-14,Active
C09535,Kavya Anderson,kavya.anderson9535@example.com,43,Male,Patna,East,2024-07-09,Active
C09536,Kavya Patel,kavya.patel9536@example.com,30,Female,Kochi,South,2023-06-29,Active
C09537,Arjun Smith,arjun.smith9537@example.com,27,Male,Nagpur,West,2024-07-01,Active
C09538,William Johnson,william.johnson9538@example.com,45,Female,Chandigarh,North,2024-06-26,Active
C09539,Priya Gupta,priya.gupta9539@example.com,22,Other,Nagpur,West,2025-06-25,Active
C09540,Mia Sharma,mia.sharma9540@example.com,31,Female,Chandigarh,North,2025-01-10,Inactive
C09541,Aditya Sharma,aditya.sharma9541@example.com,38,Male,Patna,East,2023-01-23,Active
C09542,Aarav Mehta,aarav.mehta9542@example.com,29,Female,Nagpur,West,2024-12-31,Active
C09543,Arjun Smith,arjun.smith9543@example.com,42,Female,Amritsar,North,2023-08-25,Active
C09544,Pooja Miller,pooja.miller9544@example.com,29,Female,Jaipur,North,2023-09-02,Active
C09545,Priya Verma,priya.verma9545@example.com,49,Male,Kochi,South,2025-03-11,Active
C09546,Isabella Iyer,isabella.iyer9546@example.com,33,Male,Goa,West,2023-09-26,Inactive
C09547,Karan Patel,karan.patel9547@example.com,41,Female,Mysuru,South,2024-08-22,Active
C09548,Ishita Gupta,ishita.gupta9548@example.com,42,Female,Pune,West,2025-05-13,Active
C09549,Mia Das,mia.das9549@example.com,28,Female,Nagpur,West,2024-08-26,Active
C09550,Varun Malhotra,varun.malhotra9550@example.com,18,Male,Bhubaneswar,East,2025-02-26,Active
C09551,Rohan Wilson,rohan.wilson9551@example.com,38,Other,Kolkata,East,2023-12-22,Active
C09552,Rahul Kapoor,rahul.kapoor9552@example.com,35,Male,Ahmedabad,West,2024-10-10,Active
C09553,Aarav Davis,aarav.davis9553@example.com,40,Other,Dehradun,North,2024-09-29,Active
C09554,Vikram Sharma,vikram.sharma9554@example.com,32,Other,Kochi,South,2023-11-18,Active
C09555,Mia Joshi,mia.joshi9555@example.com,30,Female,Hyderabad,South,2023-04-04,Active
C09556,Rohan Kapoor,rohan.kapoor9556@example.com,55,Female,Dehradun,North,2024-03-05,Active
C09557,Michael Verma,michael.verma9557@example.com,20,Other,Dehradun,North,2024-01-05,Inactive
C09558,Aanya Patel,aanya.patel9558@example.com,42,Female,Kochi,South,2023-05-11,Active
C09559,Rohan Smith,rohan.smith9559@example.com,29,Female,Bengaluru,South,2023-07-28,Active
C09560,Mia Davis,mia.davis9560@example.com,31,Male,Goa,West,2024-07-04,Active
C09561,Neha Das,neha.das9561@example.com,31,Other,Guwahati,East,2024-08-01,Active
C09562,Daniel Brown,daniel.brown9562@example.com,26,Female,Kolkata,East,2025-06-07,Active
C09563,Vikram Davis,vikram.davis9563@example.com,40,Female,Coimbatore,South,2024-04-14,Active
C09564,Ananya Verma,ananya.verma9564@example.com,48,Other,Patna,East,2025-05-16,Active
C09565,Rohan Johnson,rohan.johnson9565@example.com,39,Male,Ranchi,East,2024-03-14,Active
C09566,Michael Malhotra,michael.malhotra9566@example.com,36,Male,Ahmedabad,West,2023-08-04,Active
C09567,Priya Singh,priya.singh9567@example.com,25,Other,Delhi,North,2023-03-15,Active
C09568,Sophia Gupta,sophia.gupta9568@example.com,40,Other,Ahmedabad,West,2025-03-06,Active
C09569,Arjun Nair,arjun.nair9569@example.com,56,Female,Bhubaneswar,East,2025-01-24,Active
C09570,Olivia Anderson,olivia.anderson9570@example.com,31,Female,Patna,East,2025-02-11,Active
C09571,Sanjay Smith,sanjay.smith9571@example.com,31,Other,Guwahati,East,2024-10-05,Active
C09572,Rohan Johnson,rohan.johnson9572@example.com,29,Other,Goa,West,2023-05-11,Active
C09573,Rohan Patel,rohan.patel9573@example.com,30,Other,Patna,East,2025-05-27,Active
C09574,Mia Anderson,mia.anderson9574@example.com,18,Female,Bhubaneswar,East,2023-06-27,Inactive
C09575,Pooja Gupta,pooja.gupta9575@example.com,39,Other,Kolkata,East,2023-10-21,Active
C09576,Sophia Kapoor,sophia.kapoor9576@example.com,26,Other,Mumbai,West,2025-01-11,Active
C09577,Vikram Brown,vikram.brown9577@example.com,18,Male,Mysuru,South,2024-01-02,Active
C09578,David Kumar,david.kumar9578@example.com,42,Male,Ranchi,East,2024-07-12,Active
C09579,Sophia Gupta,sophia.gupta9579@example.com,24,Male,Delhi,North,2023-06-16,Active
C09580,Rahul Gupta,,31,Other,Dehradun,North,2023-12-13,Inactive
C09581,Ananya Kapoor,ananya.kapoor9581@example.com,49,Other,Jaipur,North,2024-06-08,Active
C09582,Kavya Das,kavya.das9582@example.com,20,Female,Bengaluru,South,2023-04-12,Active
C09583,Meera Rao,meera.rao9583@example.com,19,Other,Bengaluru,South,2023-05-17,Active
C09584,Neha Mehta,neha.mehta9584@example.com,37,Female,Hyderabad,South,2023-07-27,Inactive
C09585,Daniel Patel,daniel.patel9585@example.com,46,Female,Lucknow,North,2023-11-26,Active
C09586,Kavya Malhotra,kavya.malhotra9586@example.com,19,Female,Surat,West,2024-07-17,Active
C09587,Olivia Kumar,olivia.kumar9587@example.com,39,Other,Delhi,North,2023-12-28,Active
C09588,Priya Kapoor,priya.kapoor9588@example.com,40,Other,Jaipur,North,2023-11-02,Active
C09589,Olivia Joshi,olivia.joshi9589@example.com,18,Male,Mysuru,South,2023-12-12,Active
C09590,Divya Wilson,divya.wilson9590@example.com,42,Male,Ranchi,East,2023-08-01,Active
C09591,Varun Moore,varun.moore9591@example.com,43,Male,Nagpur,West,2023-03-30,Active
C09592,Arjun Williams,arjun.williams9592@example.com,31,Female,Ranchi,East,2023-09-11,Active
C09593,Neha Iyer,neha.iyer9593@example.com,47,Female,Lucknow,North,2023-05-21,Active
C09594,Daniel Anderson,daniel.anderson9594@example.com,46,Male,Surat,West,2024-10-07,Active
C09595,Aditya Kapoor,aditya.kapoor9595@example.com,36,Female,Bengaluru,South,2023-01-23,Inactive
C09596,Divya Davis,divya.davis9596@example.com,30,Other,Hyderabad,South,2024-06-30,Active
C09597,Emma Das,emma.das9597@example.com,25,Male,Amritsar,North,2024-05-08,Active
C09598,Varun Joshi,varun.joshi9598@example.com,34,Other,Surat,West,2024-08-08,Active
C09599,Sanjay Kumar,sanjay.kumar9599@example.com,40,Other,Mysuru,South,2024-10-23,Active
C09600,William Wilson,william.wilson9600@example.com,31,Female,Guwahati,East,2023-10-07,Active
C09601,Olivia Reddy,olivia.reddy9601@example.com,18,Other,Bengaluru,South,2024-12-13,Active
C09602,Neha Reddy,neha.reddy9602@example.com,47,Female,Jaipur,North,2023-12-11,Active
C09603,Michael Joshi,michael.joshi9603@example.com,36,Male,Guwahati,East,2024-04-08,Active
C09604,Priya Brown,priya.brown9604@example.com,31,Male,Bengaluru,South,2023-05-14,Active
C09605,Meera Smith,meera.smith9605@example.com,43,Female,Surat,West,2025-04-08,Inactive
C09606,William Taylor,william.taylor9606@example.com,50,Female,Guwahati,East,2023-08-06,Active
C09607,Mia Reddy,mia.reddy9607@example.com,18,Male,Pune,West,2024-12-30,Active
C09608,Isabella Anderson,isabella.anderson9608@example.com,39,Male,Ahmedabad,West,2023-11-09,Active
C09609,Rohan Davis,rohan.davis9609@example.com,20,Female,Ranchi,East,2025-01-21,Active
C09610,Arjun Sharma,arjun.sharma9610@example.com,39,Female,Bhubaneswar,East,2023-12-29,Active
C09611,Aanya Gupta,aanya.gupta9611@example.com,36,Other,Dehradun,North,2023-02-26,Inactive
C09612,Aditya Williams,aditya.williams9612@example.com,41,Female,Kochi,South,2023-02-12,Active
C09613,Karan Davis,karan.davis9613@example.com,30,Female,Guwahati,East,2024-09-14,Active
C09614,Neha Gupta,neha.gupta9614@example.com,18,Female,Guwahati,East,2023-06-14,Active
C09615,Vikram Anderson,vikram.anderson9615@example.com,30,Female,Guwahati,East,2023-06-21,Active
C09616,James Johnson,james.johnson9616@example.com,39,Female,Chennai,South,2023-02-16,Active
C09617,David Smith,david.smith9617@example.com,45,Male,Amritsar,North,2024-07-18,Active
C09618,Daniel Williams,daniel.williams9618@example.com,23,Other,Kolkata,East,2025-01-16,Active
C09619,Ananya Nair,ananya.nair9619@example.com,45,Other,Lucknow,North,2023-04-17,Active
C09620,Kavya Das,kavya.das9620@example.com,28,Male,Kolkata,East,2024-11-12,Active
C09621,Vikram Brown,vikram.brown9621@example.com,38,Other,Mysuru,South,2023-10-07,Active
C09622,Sophia Kapoor,sophia.kapoor9622@example.com,29,Female,Pune,West,2023-03-15,Inactive
C09623,Neha Malhotra,neha.malhotra9623@example.com,36,Male,Kochi,South,2023-11-24,Active
C09624,Varun Taylor,varun.taylor9624@example.com,43,Male,Mysuru,South,2023-10-20,Active
C09625,Isabella Nair,isabella.nair9625@example.com,22,Male,Mumbai,West,2023-09-17,Active
C09626,Neha Moore,neha.moore9626@example.com,28,Other,Chandigarh,North,2023-10-11,Active
C09627,James Moore,james.moore9627@example.com,36,Other,Coimbatore,South,2025-04-04,Inactive
C09628,Nikhil Kapoor,nikhil.kapoor9628@example.com,59,Other,Bhubaneswar,East,2025-05-26,Active
C09629,Daniel Johnson,daniel.johnson9629@example.com,26,Male,Amritsar,North,2023-06-19,Active
C09630,Ananya Mehta,ananya.mehta9630@example.com,55,Male,Surat,West,2025-03-09,Active
C09631,Sophia Brown,sophia.brown9631@example.com,55,Male,Amritsar,North,2023-06-15,Active
C09632,James Sharma,james.sharma9632@example.com,34,Other,Goa,West,2024-03-21,Active
C09633,William Wilson,william.wilson9633@example.com,32,Female,Kolkata,East,2024-09-29,Active
C09634,Daniel Gupta,daniel.gupta9634@example.com,28,Male,Ahmedabad,West,2023-05-01,Active
C09635,Isabella Das,isabella.das9635@example.com,34,Male,Mysuru,South,2023-09-02,Active
C09636,Kavya Joshi,kavya.joshi9636@example.com,20,Male,Mumbai,West,2023-11-12,Inactive
C09637,Michael Brown,michael.brown9637@example.com,34,Female,Kochi,South,2024-07-17,Active
C09638,Nikhil Reddy,nikhil.reddy9638@example.com,49,Female,Bhubaneswar,East,2023-05-22,Active
C09639,Sneha Rao,sneha.rao9639@example.com,28,Male,Lucknow,North,2023-01-26,Active
C09640,Karan Williams,karan.williams9640@example.com,32,Female,Chennai,South,2023-10-06,Active
C09641,Rohan Rao,rohan.rao9641@example.com,18,Male,Kolkata,East,2023-04-13,Active
C09642,Sneha Davis,sneha.davis9642@example.com,38,Female,Goa,West,2024-07-06,Active
C09643,Rahul Kapoor,rahul.kapoor9643@example.com,37,Other,Bhubaneswar,East,2024-03-18,Active
C09644,David Gupta,david.gupta9644@example.com,35,Male,Patna,East,2024-08-30,Inactive
C09645,Daniel Miller,daniel.miller9645@example.com,32,Female,Jaipur,North,2024-12-09,Active
C09646,Ishita Joshi,ishita.joshi9646@example.com,32,Other,Hyderabad,South,2023-12-17,Active
C09647,Pooja Reddy,pooja.reddy9647@example.com,40,Male,Surat,West,2024-02-15,Active
C09648,Arjun Taylor,arjun.taylor9648@example.com,34,Female,Chennai,South,2023-11-29,Active
C09649,Rahul Iyer,rahul.iyer9649@example.com,38,Other,Bengaluru,South,2023-08-10,Inactive
C09650,William Moore,william.moore9650@example.com,37,Other,Bhubaneswar,East,2024-04-02,Active
C09651,Vikram Davis,vikram.davis9651@example.com,46,Female,Mysuru,South,2023-12-30,Inactive
C09652,Kavya Rao,kavya.rao9652@example.com,41,Other,Ahmedabad,West,2023-08-15,Active
C09653,Divya Brown,divya.brown9653@example.com,36,Male,Dehradun,North,2024-11-30,Active
C09654,Neha Reddy,neha.reddy9654@example.com,50,Male,Chandigarh,North,2023-07-20,Inactive
C09655,Vikram Patel,vikram.patel9655@example.com,39,Male,Lucknow,North,2023-11-12,Active
C09656,Rohan Sharma,rohan.sharma9656@example.com,48,Female,Goa,West,2025-06-30,Active
C09657,Rohan Singh,rohan.singh9657@example.com,41,Female,Chandigarh,North,2024-10-11,Active
C09658,Vikram Williams,vikram.williams9658@example.com,18,Male,Mysuru,South,2023-09-16,Active
C09659,Ishita Singh,ishita.singh9659@example.com,48,Female,Dehradun,North,2024-09-11,Active
C09660,Mia Nair,mia.nair9660@example.com,36,Male,Kochi,South,2024-04-20,Inactive
C09661,Mia Joshi,mia.joshi9661@example.com,34,Female,Jaipur,North,2024-12-01,Active
C09662,Karan Brown,karan.brown9662@example.com,37,Female,Bhubaneswar,East,2024-06-05,Active
C09663,Meera Brown,meera.brown9663@example.com,31,Other,Goa,West,2023-11-10,Active
C09664,Divya Smith,divya.smith9664@example.com,37,Female,Kochi,South,2024-12-27,Active
C09665,Sneha Gupta,sneha.gupta9665@example.com,29,Male,Dehradun,North,2023-05-16,Active
C09666,William Malhotra,william.malhotra9666@example.com,47,Male,Hyderabad,South,2023-06-25,Active
C09667,Isabella Brown,isabella.brown9667@example.com,33,Male,Nagpur,West,2024-09-09,Active
C09668,Isabella Davis,isabella.davis9668@example.com,31,Female,Lucknow,North,2024-09-30,Active
C09669,Neha Taylor,neha.taylor9669@example.com,25,Female,Kolkata,East,2023-12-30,Active
C09670,Emma Patel,emma.patel9670@example.com,37,Male,Chandigarh,North,2024-07-11,Active
C09671,Karan Sharma,karan.sharma9671@example.com,36,Female,Bhubaneswar,East,2024-06-11,Inactive
C09672,Nikhil Williams,nikhil.williams9672@example.com,38,Female,Coimbatore,South,2024-12-28,Active
C09673,Michael Sharma,michael.sharma9673@example.com,24,Other,Kolkata,East,2024-01-25,Active
C09674,Priya Davis,priya.davis9674@example.com,18,Male,Guwahati,East,2023-06-11,Active
C09675,Divya Patel,divya.patel9675@example.com,41,Other,Goa,West,2024-05-31,Active
C09676,Varun Sharma,varun.sharma9676@example.com,49,Male,Chandigarh,North,2023-02-26,Active
C09677,Emma Taylor,emma.taylor9677@example.com,24,Female,Chennai,South,2025-01-24,Inactive
C09678,Priya Patel,priya.patel9678@example.com,50,Male,Delhi,North,2024-04-25,Active
C09679,Isabella Smith,isabella.smith9679@example.com,37,Other,Bengaluru,South,2025-04-14,Inactive
C09680,James Wilson,james.wilson9680@example.com,34,Male,Kolkata,East,2024-08-29,Active
C09681,Rahul Singh,rahul.singh9681@example.com,31,Male,Chandigarh,North,2023-02-16,Active
C09682,Emma Johnson,emma.johnson9682@example.com,21,Male,Chennai,South,2023-08-16,Active
C09683,Ananya Moore,ananya.moore9683@example.com,44,Male,Kolkata,East,2023-09-04,Active
C09684,Pooja Rao,pooja.rao9684@example.com,27,Other,Nagpur,West,2025-04-23,Active
C09685,Kavya Malhotra,kavya.malhotra9685@example.com,27,Female,Kochi,South,2024-03-24,Inactive
C09686,Karan Sharma,karan.sharma9686@example.com,44,Other,Bengaluru,South,2024-07-18,Active
C09687,Varun Anderson,varun.anderson9687@example.com,18,Female,Bengaluru,South,2025-04-09,Inactive
C09688,Ananya Nair,ananya.nair9688@example.com,19,Female,Ahmedabad,West,2024-12-03,Active
C09689,Nikhil Mehta,nikhil.mehta9689@example.com,34,Male,Ahmedabad,West,2023-01-25,Inactive
C09690,Karan Smith,karan.smith9690@example.com,37,Male,Hyderabad,South,2023-11-13,Active
C09691,Divya Miller,divya.miller9691@example.com,39,Male,Guwahati,East,2024-08-24,Active
C09692,Aanya Verma,aanya.verma9692@example.com,31,Other,Pune,West,2024-06-10,Active
C09693,Michael Sharma,michael.sharma9693@example.com,60,Other,Hyderabad,South,2023-10-06,Active
C09694,Ananya Nair,ananya.nair9694@example.com,32,Male,Coimbatore,South,2024-08-16,Active
C09695,James Miller,james.miller9695@example.com,32,Female,Delhi,North,2024-08-28,Active
C09696,Daniel Iyer,daniel.iyer9696@example.com,27,Male,Hyderabad,South,2024-04-10,Active
C09697,Aditya Patel,aditya.patel9697@example.com,36,Female,Guwahati,East,2023-10-17,Active
C09698,Ananya Williams,ananya.williams9698@example.com,41,Male,Kochi,South,2024-08-07,Active
C09699,James Smith,james.smith9699@example.com,47,Female,Jaipur,North,2024-10-27,Active
C09700,Arjun Wilson,arjun.wilson9700@example.com,20,Female,Chandigarh,North,2024-08-29,Active
C09701,Vikram Patel,vikram.patel9701@example.com,32,Other,Pune,West,2025-01-28,Active
C09702,David Miller,david.miller9702@example.com,39,Other,Kolkata,East,2024-03-14,Active
C09703,Ananya Gupta,ananya.gupta9703@example.com,40,Female,Coimbatore,South,2023-01-15,Inactive
C09704,James Wilson,james.wilson9704@example.com,35,Female,Ranchi,East,2023-03-20,Active
C09705,Mia Verma,mia.verma9705@example.com,40,Male,Surat,West,2024-02-29,Inactive
C09706,Vikram Kumar,vikram.kumar9706@example.com,26,Other,Guwahati,East,2023-12-01,Active
C09707,Ishita Reddy,ishita.reddy9707@example.com,50,Female,Coimbatore,South,2023-08-28,Active
C09708,Meera Nair,meera.nair9708@example.com,44,Female,Delhi,North,2025-01-01,Active
C09709,Ananya Gupta,ananya.gupta9709@example.com,21,Male,Ranchi,East,2024-12-02,Inactive
C09710,Michael Patel,michael.patel9710@example.com,24,Male,Delhi,North,2025-05-02,Active
C09711,Sanjay Anderson,sanjay.anderson9711@example.com,24,Other,Lucknow,North,2025-06-01,Active
C09712,Kavya Das,kavya.das9712@example.com,41,Other,Delhi,North,2023-03-25,Inactive
C09713,Neha Joshi,neha.joshi9713@example.com,22,Male,Delhi,North,2023-05-15,Active
C09714,David Iyer,david.iyer9714@example.com,31,Other,Bhubaneswar,East,2025-03-15,Active
C09715,Priya Smith,priya.smith9715@example.com,39,Other,Goa,West,2023-01-16,Active
C09716,Kavya Kumar,kavya.kumar9716@example.com,34,Male,Kolkata,East,2024-12-10,Active
C09717,Sophia Reddy,sophia.reddy9717@example.com,37,Female,Pune,West,2024-05-22,Active
C09718,Rahul Malhotra,rahul.malhotra9718@example.com,24,Male,Mumbai,West,2024-02-11,Active
C09719,Sanjay Miller,sanjay.miller9719@example.com,40,Other,Kochi,South,2024-07-23,Active
C09720,Michael Wilson,michael.wilson9720@example.com,28,Female,Goa,West,2023-04-02,Active
C09721,Sneha Nair,sneha.nair9721@example.com,31,Female,Coimbatore,South,2024-11-16,Inactive
C09722,Arjun Sharma,arjun.sharma9722@example.com,37,Other,Lucknow,North,2025-04-17,Active
C09723,Sneha Sharma,sneha.sharma9723@example.com,36,Other,Ranchi,East,2024-07-22,Active
C09724,Rohan Kumar,rohan.kumar9724@example.com,35,Other,Hyderabad,South,2023-03-22,Active
C09725,Daniel Reddy,daniel.reddy9725@example.com,27,Other,Chennai,South,2023-11-05,Active
C09726,Michael Nair,michael.nair9726@example.com,32,Female,Lucknow,North,2024-01-26,Active
C09727,Sophia Iyer,sophia.iyer9727@example.com,35,Other,Bhubaneswar,East,2024-02-27,Active
C09728,Mia Reddy,mia.reddy9728@example.com,21,Other,Delhi,North,2024-04-07,Active
C09729,Vikram Das,vikram.das9729@example.com,30,Male,Bengaluru,South,2023-03-04,Active
C09730,Olivia Reddy,olivia.reddy9730@example.com,38,Male,Kolkata,East,2024-10-06,Active
C09731,Michael Joshi,michael.joshi9731@example.com,22,Female,Chandigarh,North,2023-03-14,Active
C09732,Mia Kumar,mia.kumar9732@example.com,46,Female,Nagpur,West,2024-12-02,Active
C09733,Neha Moore,neha.moore9733@example.com,47,Other,Ranchi,East,2024-11-21,Inactive
C09734,Sanjay Brown,sanjay.brown9734@example.com,22,Male,Amritsar,North,2024-06-27,Active
C09735,Ananya Johnson,ananya.johnson9735@example.com,48,Female,Amritsar,North,2024-08-10,Active
C09736,Michael Mehta,michael.mehta9736@example.com,33,Female,Bengaluru,South,2023-09-20,Active
C09737,Rahul Nair,rahul.nair9737@example.com,39,Female,Ranchi,East,2025-02-13,Active
C09738,Michael Williams,michael.williams9738@example.com,30,Female,Jaipur,North,2025-05-23,Active
C09739,Aarav Moore,aarav.moore9739@example.com,44,Other,Pune,West,2023-03-18,Active
C09740,Olivia Nair,olivia.nair9740@example.com,39,Male,Guwahati,East,2024-05-03,Active
C09741,Arjun Davis,arjun.davis9741@example.com,26,Male,Bengaluru,South,2023-03-06,Active
C09742,William Smith,william.smith9742@example.com,23,Female,Surat,West,2023-09-06,Active
C09743,James Johnson,james.johnson9743@example.com,20,Female,Hyderabad,South,2025-03-16,Active
C09744,Sanjay Mehta,sanjay.mehta9744@example.com,36,Other,Chennai,South,2025-01-06,Inactive
C09745,Pooja Patel,pooja.patel9745@example.com,40,Female,Lucknow,North,2024-12-11,Active
C09746,Aditya Joshi,aditya.joshi9746@example.com,41,Female,Kochi,South,2024-01-29,Inactive
C09747,Olivia Kapoor,olivia.kapoor9747@example.com,33,Female,Kolkata,East,2024-02-09,Active
C09748,Aditya Malhotra,aditya.malhotra9748@example.com,23,Male,Mumbai,West,2023-03-27,Inactive
C09749,Mia Brown,mia.brown9749@example.com,28,Male,Hyderabad,South,2023-04-18,Active
C09750,Aditya Miller,aditya.miller9750@example.com,46,Other,Dehradun,North,2025-02-25,Active
C09751,Meera Brown,meera.brown9751@example.com,30,Other,Guwahati,East,2024-08-26,Active
C09752,Ishita Taylor,ishita.taylor9752@example.com,36,Female,Pune,West,2023-05-21,Active
C09753,Ishita Sharma,ishita.sharma9753@example.com,24,Other,Mumbai,West,2024-12-30,Inactive
C09754,Ishita Davis,ishita.davis9754@example.com,38,Other,Bengaluru,South,2024-06-09,Active
C09755,Meera Reddy,meera.reddy9755@example.com,30,Other,Amritsar,North,2024-03-17,Active
C09756,William Mehta,william.mehta9756@example.com,45,Male,Hyderabad,South,2023-10-14,Inactive
C09757,Divya Wilson,divya.wilson9757@example.com,42,Female,Coimbatore,South,2024-07-07,Active
C09758,James Moore,james.moore9758@example.com,30,Male,Hyderabad,South,2023-03-08,Active
C09759,Kavya Williams,kavya.williams9759@example.com,33,Male,Coimbatore,South,2023-01-10,Active
C09760,Aanya Rao,aanya.rao9760@example.com,29,Female,Kolkata,East,2025-04-12,Inactive
C09761,Neha Taylor,neha.taylor9761@example.com,20,Other,Guwahati,East,2024-08-03,Active
C09762,David Nair,david.nair9762@example.com,26,Male,Delhi,North,2025-06-15,Active
C09763,Rahul Das,rahul.das9763@example.com,36,Female,Kolkata,East,2024-07-15,Active
C09764,Aditya Davis,aditya.davis9764@example.com,38,Male,Amritsar,North,2023-05-27,Active
C09765,Divya Williams,divya.williams9765@example.com,36,Male,Nagpur,West,2023-10-05,Active
C09766,Isabella Reddy,isabella.reddy9766@example.com,31,Other,Goa,West,2025-02-20,Active
C09767,Michael Gupta,michael.gupta9767@example.com,44,Other,Amritsar,North,2024-03-06,Inactive
C09768,Rahul Kapoor,rahul.kapoor9768@example.com,35,Other,Kochi,South,2024-02-29,Active
C09769,Nikhil Wilson,nikhil.wilson9769@example.com,42,Female,Kochi,South,2025-06-25,Active
C09770,Priya Davis,priya.davis9770@example.com,18,Female,Ahmedabad,West,2025-01-03,Inactive
C09771,James Joshi,james.joshi9771@example.com,18,Other,Bhubaneswar,East,2023-04-12,Active
C09772,Daniel Davis,daniel.davis9772@example.com,37,Female,Guwahati,East,2024-07-06,Active
C09773,Daniel Mehta,daniel.mehta9773@example.com,20,Male,Dehradun,North,2024-12-07,Active
C09774,Sophia Malhotra,sophia.malhotra9774@example.com,32,Female,Bhubaneswar,East,2023-02-06,Active
C09775,Mia Iyer,mia.iyer9775@example.com,31,Male,Ahmedabad,West,2023-11-26,Active
C09776,William Johnson,william.johnson9776@example.com,50,Male,Patna,East,2024-07-10,Active
C09777,Sanjay Williams,sanjay.williams9777@example.com,38,Other,Surat,West,2024-01-12,Inactive
C09778,David Williams,david.williams9778@example.com,36,Male,Jaipur,North,2024-08-13,Active
C09779,Nikhil Mehta,nikhil.mehta9779@example.com,43,Other,Mumbai,West,2023-03-24,Active
C09780,Ananya Rao,ananya.rao9780@example.com,38,Female,Hyderabad,South,2025-05-06,Active
C09781,Kavya Taylor,kavya.taylor9781@example.com,30,Male,Bhubaneswar,East,2024-07-12,Active
C09782,Aarav Nair,aarav.nair9782@example.com,45,Female,Lucknow,North,2023-07-01,Active
C09783,Emma Gupta,emma.gupta9783@example.com,23,Female,Nagpur,West,2025-05-10,Active
C09784,Meera Wilson,meera.wilson9784@example.com,38,Male,Bengaluru,South,2024-05-08,Inactive
C09785,Sanjay Wilson,sanjay.wilson9785@example.com,19,Other,Hyderabad,South,2023-01-12,Active
C09786,Neha Joshi,neha.joshi9786@example.com,37,Other,Patna,East,2024-05-27,Active
C09787,William Reddy,william.reddy9787@example.com,36,Other,Bengaluru,South,2023-02-13,Inactive
C09788,Divya Joshi,divya.joshi9788@example.com,51,Other,Patna,East,2024-03-04,Active
C09789,Olivia Gupta,olivia.gupta9789@example.com,19,Male,Nagpur,West,2025-03-11,Inactive
C09790,Divya Reddy,divya.reddy9790@example.com,28,Other,Amritsar,North,2025-06-10,Active
C09791,Nikhil Kapoor,,43,Male,Ranchi,East,2024-04-21,Active
C09792,Arjun Anderson,arjun.anderson9792@example.com,38,Male,Kolkata,East,2023-08-09,Active
C09793,Emma Verma,emma.verma9793@example.com,36,Female,Ranchi,East,2024-05-09,Active
C09794,Aanya Taylor,aanya.taylor9794@example.com,25,Other,Hyderabad,South,2024-09-01,Active
C09795,Nikhil Anderson,nikhil.anderson9795@example.com,29,Other,Lucknow,North,2024-12-20,Active
C09796,Sophia Patel,sophia.patel9796@example.com,47,Female,Delhi,North,2023-11-01,Active
C09797,Isabella Anderson,isabella.anderson9797@example.com,34,Female,Ranchi,East,2024-11-27,Active
C09798,David Verma,david.verma9798@example.com,38,Female,Ranchi,East,2024-01-17,Active
C09799,Priya Kumar,priya.kumar9799@example.com,33,Female,Hyderabad,South,2023-11-23,Active
C09800,Rohan Williams,rohan.williams9800@example.com,23,Other,Coimbatore,South,2023-01-23,Active
C09801,Ananya Taylor,ananya.taylor9801@example.com,44,Male,Mumbai,West,2024-10-19,Active
C09802,Emma Sharma,emma.sharma9802@example.com,40,Other,Nagpur,West,2024-04-12,Active
C09803,David Taylor,david.taylor9803@example.com,58,Female,Bengaluru,South,2024-06-15,Inactive
C09804,Sneha Miller,sneha.miller9804@example.com,24,Female,Bengaluru,South,2024-05-08,Inactive
C09805,Pooja Davis,pooja.davis9805@example.com,43,Female,Surat,West,2024-01-20,Active
C09806,William Verma,william.verma9806@example.com,21,Female,Bhubaneswar,East,2023-04-30,Inactive
C09807,Neha Singh,neha.singh9807@example.com,36,Female,Guwahati,East,2024-10-27,Inactive
C09808,Nikhil Das,nikhil.das9808@example.com,44,Female,Chandigarh,North,2025-06-08,Active
C09809,Sophia Das,sophia.das9809@example.com,18,Other,Ranchi,East,2023-12-13,Active
C09810,Ishita Joshi,ishita.joshi9810@example.com,32,Female,Goa,West,2024-01-11,Active
C09811,Rahul Malhotra,rahul.malhotra9811@example.com,29,Other,Chennai,South,2023-09-05,Active
C09812,Divya Wilson,divya.wilson9812@example.com,27,Other,Mysuru,South,2024-01-07,Active
C09813,Priya Wilson,priya.wilson9813@example.com,38,Other,Bhubaneswar,East,2024-05-17,Inactive
C09814,Ananya Reddy,ananya.reddy9814@example.com,46,Other,Chennai,South,2024-04-23,Active
C09815,Vikram Miller,vikram.miller9815@example.com,33,Male,Pune,West,2023-10-08,Active
C09816,Pooja Malhotra,pooja.malhotra9816@example.com,37,Female,Nagpur,West,2024-03-31,Inactive
C09817,Nikhil Wilson,nikhil.wilson9817@example.com,36,Other,Coimbatore,South,2023-03-21,Inactive
C09818,Arjun Smith,arjun.smith9818@example.com,35,Other,Jaipur,North,2024-03-25,Inactive
C09819,Pooja Williams,pooja.williams9819@example.com,24,Female,Kochi,South,2023-02-26,Inactive
C09820,Olivia Moore,olivia.moore9820@example.com,46,Female,Surat,West,2025-01-17,Inactive
C09821,Olivia Moore,olivia.moore9821@example.com,37,Male,Lucknow,North,2024-11-11,Inactive
C09822,Kavya Nair,kavya.nair9822@example.com,38,Female,Ranchi,East,2023-06-29,Active
C09823,Rohan Mehta,rohan.mehta9823@example.com,26,Female,Chandigarh,North,2023-12-05,Active
C09824,Michael Kumar,michael.kumar9824@example.com,30,Female,Ahmedabad,West,2023-08-27,Active
C09825,David Reddy,david.reddy9825@example.com,33,Other,Lucknow,North,2025-05-29,Active
C09826,Divya Smith,divya.smith9826@example.com,19,Other,Mysuru,South,2025-05-11,Active
C09827,Emma Taylor,emma.taylor9827@example.com,18,Female,Amritsar,North,2024-11-07,Active
C09828,Mia Miller,mia.miller9828@example.com,28,Female,Kolkata,East,2024-03-23,Inactive
C09829,Pooja Sharma,pooja.sharma9829@example.com,40,Other,Delhi,North,2023-12-25,Active
C09830,Aanya Kumar,aanya.kumar9830@example.com,28,Other,Surat,West,2023-12-09,Active
C09831,Karan Nair,karan.nair9831@example.com,24,Male,Bengaluru,South,2025-01-25,Active
C09832,Aditya Singh,aditya.singh9832@example.com,26,Other,Ahmedabad,West,2024-11-04,Inactive
C09833,Kavya Malhotra,kavya.malhotra9833@example.com,30,Male,Ranchi,East,2023-11-21,Active
C09834,Aarav Verma,aarav.verma9834@example.com,31,Male,Bengaluru,South,2025-03-28,Inactive
C09835,Rohan Miller,rohan.miller9835@example.com,56,Male,Delhi,North,2024-05-27,Active
C09836,Emma Mehta,emma.mehta9836@example.com,45,Other,Hyderabad,South,2024-06-15,Active
C09837,Olivia Iyer,olivia.iyer9837@example.com,45,Female,Ranchi,East,2024-01-04,Active
C09838,Neha Wilson,neha.wilson9838@example.com,46,Other,Pune,West,2023-08-10,Active
C09839,David Davis,david.davis9839@example.com,25,Male,Bengaluru,South,2023-07-12,Active
C09840,Sophia Miller,sophia.miller9840@example.com,22,Male,Amritsar,North,2024-03-01,Active
C09841,Sanjay Rao,sanjay.rao9841@example.com,23,Female,Guwahati,East,2024-08-24,Active
C09842,Vikram Joshi,vikram.joshi9842@example.com,48,Other,Amritsar,North,2024-06-12,Active
C09843,Rahul Williams,rahul.williams9843@example.com,29,Female,Pune,West,2023-11-20,Active
C09844,Rahul Brown,rahul.brown9844@example.com,22,Male,Ranchi,East,2024-10-25,Active
C09845,Rahul Mehta,rahul.mehta9845@example.com,30,Female,Dehradun,North,2024-02-06,Inactive
C09846,Varun Johnson,varun.johnson9846@example.com,32,Other,Patna,East,2025-01-13,Active
C09847,Karan Sharma,karan.sharma9847@example.com,37,Other,Chandigarh,North,2023-11-01,Active
C09848,William Kapoor,william.kapoor9848@example.com,37,Male,Hyderabad,South,2025-05-14,Active
C09849,Aditya Smith,aditya.smith9849@example.com,26,Other,Nagpur,West,2024-08-02,Active
C09850,Vikram Mehta,vikram.mehta9850@example.com,41,Female,Pune,West,2024-02-03,Inactive
C09851,Rahul Taylor,rahul.taylor9851@example.com,28,Other,Hyderabad,South,2024-12-01,Active
C09852,Mia Patel,mia.patel9852@example.com,33,Other,Mysuru,South,2023-06-26,Active
C09853,Varun Patel,varun.patel9853@example.com,41,Other,Mysuru,South,2024-06-12,Active
C09854,Rahul Patel,rahul.patel9854@example.com,28,Male,Jaipur,North,2025-02-08,Active
C09855,Daniel Wilson,daniel.wilson9855@example.com,29,Other,Jaipur,North,2023-12-29,Active
C09856,Vikram Patel,vikram.patel9856@example.com,40,Female,Goa,West,2023-10-25,Inactive
C09857,Aditya Verma,aditya.verma9857@example.com,26,Male,Nagpur,West,2024-05-15,Active
C09858,Pooja Das,pooja.das9858@example.com,31,Male,Surat,West,2024-09-21,Active
C09859,Priya Verma,priya.verma9859@example.com,40,Other,Jaipur,North,2024-03-17,Active
C09860,Michael Malhotra,michael.malhotra9860@example.com,55,Other,Chennai,South,2025-02-03,Active
C09861,Nikhil Mehta,nikhil.mehta9861@example.com,41,Other,Kochi,South,2023-11-14,Active
C09862,Michael Patel,michael.patel9862@example.com,39,Male,Hyderabad,South,2023-05-24,Active
C09863,Mia Wilson,mia.wilson9863@example.com,40,Female,Coimbatore,South,2025-04-10,Active
C09864,Meera Brown,meera.brown9864@example.com,24,Male,Nagpur,West,2023-02-26,Active
C09865,Priya Reddy,priya.reddy9865@example.com,36,Other,Guwahati,East,2024-03-08,Inactive
C09866,Divya Davis,divya.davis9866@example.com,34,Female,Patna,East,2024-07-12,Active
C09867,Arjun Singh,arjun.singh9867@example.com,38,Other,Bhubaneswar,East,2024-11-12,Inactive
C09868,Ishita Smith,ishita.smith9868@example.com,36,Other,Chennai,South,2024-09-20,Active
C09869,Rohan Sharma,rohan.sharma9869@example.com,38,Female,Mysuru,South,2024-07-10,Active
C09870,Mia Anderson,mia.anderson9870@example.com,31,Female,Jaipur,North,2024-04-23,Active
C09871,David Patel,david.patel9871@example.com,35,Female,Surat,West,2024-05-25,Inactive
C09872,Vikram Moore,vikram.moore9872@example.com,22,Female,Chennai,South,2023-11-04,Active
C09873,Daniel Davis,daniel.davis9873@example.com,31,Female,Ahmedabad,West,2023-03-13,Active
C09874,Sophia Anderson,sophia.anderson9874@example.com,48,Other,Lucknow,North,2024-03-01,Active
C09875,Ananya Wilson,ananya.wilson9875@example.com,38,Male,Pune,West,2023-05-14,Active
C09876,Aditya Davis,aditya.davis9876@example.com,34,Other,Ahmedabad,West,2025-04-01,Active
C09877,Vikram Kapoor,vikram.kapoor9877@example.com,53,Other,Coimbatore,South,2023-10-21,Active
C09878,Ananya Sharma,ananya.sharma9878@example.com,21,Other,Mysuru,South,2023-01-15,Active
C09879,Olivia Das,olivia.das9879@example.com,23,Other,Guwahati,East,2024-12-30,Active
C09880,Olivia Verma,olivia.verma9880@example.com,52,Other,Pune,West,2025-04-02,Active
C09881,Pooja Miller,pooja.miller9881@example.com,35,Male,Jaipur,North,2024-09-12,Active
C09882,Ananya Taylor,ananya.taylor9882@example.com,32,Male,Bhubaneswar,East,2023-06-27,Active
C09883,Mia Smith,mia.smith9883@example.com,23,Other,Pune,West,2023-02-01,Active
C09884,Mia Taylor,mia.taylor9884@example.com,39,Other,Surat,West,2024-10-14,Active
C09885,Karan Miller,karan.miller9885@example.com,40,Other,Mumbai,West,2025-04-24,Active
C09886,Emma Wilson,emma.wilson9886@example.com,24,Other,Dehradun,North,2023-04-30,Active
C09887,Daniel Mehta,daniel.mehta9887@example.com,33,Male,Nagpur,West,2025-02-02,Active
C09888,Meera Singh,meera.singh9888@example.com,31,Male,Chennai,South,2024-08-18,Active
C09889,Arjun Reddy,arjun.reddy9889@example.com,37,Male,Jaipur,North,2025-06-22,Inactive
C09890,Olivia Patel,olivia.patel9890@example.com,23,Male,Mumbai,West,2023-02-11,Active
C09891,Rahul Patel,,47,Female,Bengaluru,South,2023-08-30,Active
C09892,Kavya Williams,kavya.williams9892@example.com,44,Male,Hyderabad,South,2024-08-12,Active
C09893,Sanjay Williams,sanjay.williams9893@example.com,31,Other,Mumbai,West,2023-02-01,Active
C09894,Isabella Malhotra,isabella.malhotra9894@example.com,32,Male,Mumbai,West,2025-05-05,Inactive
C09895,Pooja Johnson,pooja.johnson9895@example.com,33,Male,Lucknow,North,2023-09-27,Active
C09896,Divya Taylor,divya.taylor9896@example.com,27,Male,Guwahati,East,2025-02-26,Active
C09897,Varun Patel,varun.patel9897@example.com,30,Female,Pune,West,2024-03-04,Active
C09898,Sanjay Miller,sanjay.miller9898@example.com,32,Other,Goa,West,2024-05-29,Active
C09899,Priya Malhotra,priya.malhotra9899@example.com,51,Male,Mumbai,West,2023-05-05,Active
C09900,Aanya Singh,aanya.singh9900@example.com,44,Other,Chennai,South,2023-11-09,Inactive
C09901,Karan Gupta,karan.gupta9901@example.com,44,Male,Kolkata,East,2025-01-29,Active
C09902,James Wilson,james.wilson9902@example.com,38,Female,Dehradun,North,2023-06-08,Inactive
C09903,Olivia Kapoor,olivia.kapoor9903@example.com,23,Other,Kolkata,East,2025-04-13,Active
C09904,David Nair,david.nair9904@example.com,34,Female,Ranchi,East,2024-07-03,Active
C09905,Michael Miller,michael.miller9905@example.com,44,Other,Surat,West,2025-01-19,Active
C09906,Isabella Kumar,isabella.kumar9906@example.com,22,Female,Goa,West,2023-06-19,Active
C09907,Aarav Sharma,aarav.sharma9907@example.com,41,Male,Kolkata,East,2025-05-06,Active
C09908,Vikram Gupta,vikram.gupta9908@example.com,58,Female,Kochi,South,2024-06-06,Active
C09909,Michael Brown,michael.brown9909@example.com,45,Male,Delhi,North,2024-06-03,Active
C09910,Rahul Iyer,rahul.iyer9910@example.com,49,Other,Bengaluru,South,2024-11-09,Active
C09911,Pooja Kapoor,pooja.kapoor9911@example.com,37,Male,Bengaluru,South,2024-10-19,Active
C09912,Sneha Mehta,sneha.mehta9912@example.com,44,Female,Mysuru,South,2023-02-15,Active
C09913,Pooja Brown,pooja.brown9913@example.com,27,Female,Kolkata,East,2024-01-13,Active
C09914,Arjun Patel,arjun.patel9914@example.com,42,Other,Surat,West,2024-10-29,Active
C09915,Divya Reddy,divya.reddy9915@example.com,41,Male,Lucknow,North,2024-06-26,Inactive
C09916,Emma Mehta,emma.mehta9916@example.com,37,Female,Mysuru,South,2024-09-14,Active
C09917,Rohan Nair,rohan.nair9917@example.com,48,Other,Mysuru,South,2024-11-11,Active
C09918,Rahul Joshi,rahul.joshi9918@example.com,29,Other,Kolkata,East,2024-10-19,Active
C09919,Aditya Moore,aditya.moore9919@example.com,33,Female,Hyderabad,South,2024-10-10,Active
C09920,Aarav Smith,aarav.smith9920@example.com,35,Female,Dehradun,North,2024-01-15,Active
C09921,Aditya Kumar,aditya.kumar9921@example.com,24,Other,Ranchi,East,2023-08-06,Active
C09922,Emma Johnson,emma.johnson9922@example.com,37,Male,Mysuru,South,2023-07-17,Active
C09923,Vikram Joshi,vikram.joshi9923@example.com,18,Other,Patna,East,2024-10-15,Active
C09924,Rohan Miller,rohan.miller9924@example.com,45,Other,Dehradun,North,2023-03-31,Active
C09925,Isabella Kumar,isabella.kumar9925@example.com,35,Other,Patna,East,2023-11-13,Active
C09926,Karan Taylor,karan.taylor9926@example.com,29,Female,Bengaluru,South,2023-11-27,Active
C09927,Isabella Malhotra,isabella.malhotra9927@example.com,26,Male,Chandigarh,North,2023-08-23,Inactive
C09928,Aanya Reddy,aanya.reddy9928@example.com,32,Male,Nagpur,West,2024-03-08,Active
C09929,Ishita Nair,ishita.nair9929@example.com,41,Other,Mumbai,West,2025-04-26,Active
C09930,Pooja Williams,pooja.williams9930@example.com,40,Male,Jaipur,North,2023-03-22,Active
C09931,Priya Miller,priya.miller9931@example.com,27,Other,Kochi,South,2024-05-07,Active
C09932,Divya Davis,divya.davis9932@example.com,26,Other,Nagpur,West,2024-09-20,Active
C09933,Aarav Nair,aarav.nair9933@example.com,41,Male,Nagpur,West,2024-06-01,Active
C09934,Divya Das,divya.das9934@example.com,27,Female,Mumbai,West,2024-02-17,Inactive
C09935,William Taylor,william.taylor9935@example.com,35,Other,Delhi,North,2023-07-11,Active
C09936,James Sharma,james.sharma9936@example.com,36,Female,Hyderabad,South,2023-11-17,Active
C09937,Ishita Johnson,ishita.johnson9937@example.com,38,Male,Bhubaneswar,East,2023-01-23,Active
C09938,Rohan Moore,rohan.moore9938@example.com,43,Female,Bhubaneswar,East,2023-07-22,Active
C09939,Isabella Singh,isabella.singh9939@example.com,22,Other,Guwahati,East,2024-10-06,Active
C09940,Olivia Joshi,olivia.joshi9940@example.com,18,Male,Amritsar,North,2024-11-06,Active
C09941,Meera Gupta,meera.gupta9941@example.com,29,Female,Goa,West,2023-11-21,Active
C09942,Olivia Wilson,olivia.wilson9942@example.com,53,Male,Ahmedabad,West,2023-06-26,Active
C09943,Michael Iyer,michael.iyer9943@example.com,55,Other,Chennai,South,2025-03-03,Active
C09944,Sophia Das,sophia.das9944@example.com,53,Other,Jaipur,North,2023-03-02,Active
C09945,Karan Miller,karan.miller9945@example.com,33,Male,Ahmedabad,West,2023-09-18,Active
C09946,Isabella Patel,isabella.patel9946@example.com,18,Other,Dehradun,North,2024-06-14,Active
C09947,Kavya Johnson,kavya.johnson9947@example.com,18,Male,Chennai,South,2023-03-29,Inactive
C09948,Emma Verma,emma.verma9948@example.com,28,Female,Kochi,South,2025-05-15,Inactive
C09949,Sophia Gupta,sophia.gupta9949@example.com,33,Female,Goa,West,2023-02-18,Active
C09950,Sanjay Reddy,sanjay.reddy9950@example.com,48,Other,Bengaluru,South,2023-04-02,Active
C09951,David Brown,david.brown9951@example.com,43,Female,Mumbai,West,2024-11-12,Active
C09952,Neha Patel,neha.patel9952@example.com,37,Male,Jaipur,North,2023-02-24,Inactive
C09953,Meera Reddy,meera.reddy9953@example.com,26,Female,Pune,West,2023-11-15,Active
C09954,Pooja Miller,pooja.miller9954@example.com,25,Other,Kolkata,East,2023-03-09,Active
C09955,Sophia Patel,sophia.patel9955@example.com,37,Male,Delhi,North,2025-02-08,Active
C09956,Sneha Patel,sneha.patel9956@example.com,41,Other,Jaipur,North,2024-10-15,Active
C09957,William Johnson,william.johnson9957@example.com,38,Other,Lucknow,North,2023-01-19,Active
C09958,Arjun Taylor,arjun.taylor9958@example.com,24,Male,Delhi,North,2025-05-04,Active
C09959,Ishita Wilson,ishita.wilson9959@example.com,41,Other,Hyderabad,South,2024-07-25,Inactive
C09960,Rahul Malhotra,rahul.malhotra9960@example.com,39,Female,Amritsar,North,2023-05-31,Active
C09961,Nikhil Moore,nikhil.moore9961@example.com,24,Female,Mysuru,South,2023-10-23,Active
C09962,Emma Taylor,emma.taylor9962@example.com,27,Female,Amritsar,North,2024-03-12,Active
C09963,David Moore,david.moore9963@example.com,41,Other,Lucknow,North,2024-07-12,Active
C09964,Mia Joshi,mia.joshi9964@example.com,32,Female,Bengaluru,South,2024-09-27,Active
C09965,David Patel,david.patel9965@example.com,50,Other,Ranchi,East,2024-08-27,Active
C09966,James Kumar,james.kumar9966@example.com,40,Other,Nagpur,West,2023-07-09,Active
C09967,Sophia Rao,sophia.rao9967@example.com,30,Male,Amritsar,North,2024-06-18,Inactive
C09968,Meera Kumar,meera.kumar9968@example.com,34,Other,Ahmedabad,West,2024-04-26,Active
C09969,David Reddy,david.reddy9969@example.com,35,Male,Goa,West,2024-01-22,Active
C09970,Emma Williams,emma.williams9970@example.com,27,Other,Chandigarh,North,2025-06-12,Active
C09971,Olivia Sharma,olivia.sharma9971@example.com,25,Other,Surat,West,2025-05-08,Active
C09972,Sophia Joshi,sophia.joshi9972@example.com,42,Female,Nagpur,West,2024-04-11,Inactive
C09973,Emma Kapoor,emma.kapoor9973@example.com,43,Female,Guwahati,East,2025-05-10,Active
C09974,Aditya Davis,aditya.davis9974@example.com,41,Female,Nagpur,West,2024-05-17,Active
C09975,Olivia Miller,olivia.miller9975@example.com,50,Other,Mysuru,South,2023-01-17,Active
C09976,Aanya Taylor,aanya.taylor9976@example.com,29,Female,Ahmedabad,West,2024-06-21,Active
C09977,Sneha Rao,sneha.rao9977@example.com,51,Other,Kochi,South,2023-09-02,Active
C09978,Mia Wilson,mia.wilson9978@example.com,25,Other,Kolkata,East,2023-06-29,Active
C09979,Nikhil Patel,nikhil.patel9979@example.com,24,Female,Ahmedabad,West,2023-09-09,Active
C09980,William Joshi,william.joshi9980@example.com,18,Male,Patna,East,2025-01-31,Active
C09981,Arjun Malhotra,arjun.malhotra9981@example.com,30,Male,Bhubaneswar,East,2023-05-19,Active
C09982,Daniel Iyer,daniel.iyer9982@example.com,29,Other,Hyderabad,South,2025-03-28,Active
C09983,Sanjay Smith,sanjay.smith9983@example.com,40,Male,Mysuru,South,2023-06-18,Inactive
C09984,Olivia Das,olivia.das9984@example.com,37,Female,Coimbatore,South,2025-03-06,Active
C09985,Divya Anderson,divya.anderson9985@example.com,23,Male,Surat,West,2023-02-26,Active
C09986,William Wilson,william.wilson9986@example.com,31,Male,Kochi,South,2024-03-25,Active
C09987,Olivia Davis,olivia.davis9987@example.com,31,Other,Dehradun,North,2023-01-11,Active
C09988,Olivia Miller,olivia.miller9988@example.com,18,Male,Mysuru,South,2023-12-21,Active
C09989,Neha Davis,neha.davis9989@example.com,25,Male,Chennai,South,2024-07-30,Inactive
C09990,Aarav Miller,aarav.miller9990@example.com,27,Other,Ranchi,East,2025-06-30,Active
C09991,Ananya Kumar,ananya.kumar9991@example.com,49,Other,Surat,West,2024-03-26,Active
C09992,Divya Smith,divya.smith9992@example.com,36,Other,Chennai,South,2023-11-20,Inactive
C09993,Vikram Gupta,vikram.gupta9993@example.com,41,Female,Pune,West,2024-01-18,Inactive
C09994,Vikram Kumar,vikram.kumar9994@example.com,20,Female,Amritsar,North,2023-05-25,Active
C09995,Priya Mehta,priya.mehta9995@example.com,46,Male,Surat,West,2024-06-01,Active
C09996,Olivia Brown,olivia.brown9996@example.com,48,Male,Coimbatore,South,2023-03-27,Inactive
C09997,Isabella Kumar,isabella.kumar9997@example.com,18,Female,Bengaluru,South,2025-06-14,Inactive
C09998,Aanya Reddy,aanya.reddy9998@example.com,27,Other,Surat,West,2025-06-05,Active
C09999,Nikhil Kumar,nikhil.kumar9999@example.com,39,Male,Mumbai,West,2023-10-02,Active
C10000,David Patel,david.patel10000@example.com,41,Female,Mysuru,South,2025-04-09,Active
